SourceAssetId,SourcePath,SourceFormat,DecodedReferencePath,Width,Height,AlphaPresent,Screen,ComponentRole,State,OriginalLogicalWidth,OriginalLogicalHeight,OriginalX,OriginalY,ReusedAcrossScreens,RelatedAssetIds,SourceEvidence,EnhancedReplacementExpected,EnhancedReplacementPath,NineSliceSuitability,Notes
0,art/interface/cursor.art,ART,D:/OpenArcanum/UIReference/Original/art/interface/0000-cursor/p00-r00-f000.png,24,27,yes,Inventory / Equipment / Merchant / Loot; Main Menu / Character Creation / Save / Load / Options; unknown; World Map,inventory presentation,other,24,27,unknown,unknown,yes,,Retail art/interface/interface.mes {0}; arcanum-ce/src/main.c:270; arcanum-ce/src/game/name.c:1077; arcanum-ce/src/ui/inven_ui.c:2475; arcanum-ce/src/ui/mainmenu_ui.c:1564; arcanum-ce/src/ui/wmap_ui.c:1731,yes,HDAssets/ui/by-source-id/0000-cursor/p00-r00-f000.png,unverified; fixed-size by default,"1 palette(s), one static frame."
1,art/interface/cur_del.art,ART,D:/OpenArcanum/UIReference/Original/art/interface/0001-cur_del/p00-r00-f000.png,16,22,yes,Common / Cursors,cursor or targeting feedback,other,16,22,unknown,unknown,unknown,,Retail art/interface/interface.mes {1}; no literal call-site match (indirect/table-driven use remains possible).; source-name classification only; confirm table-driven call site before implementation.,yes,HDAssets/ui/by-source-id/0001-cur_del/p00-r00-f000.png,unverified; fixed-size by default,"1 palette(s), one static frame."
2,art/interface/black.art,ART,D:/OpenArcanum/UIReference/Original/art/interface/0002-black/p00-r00-f000.png,800,600,no,unknown,unknown,other,800,600,unknown,unknown,unknown,,Retail art/interface/interface.mes {2}; no literal call-site match (indirect/table-driven use remains possible).,yes,HDAssets/ui/by-source-id/0002-black/p00-r00-f000.png,unverified; fixed-size by default,"1 palette(s), one static frame."
3,art/interface/intrface.art,ART,D:/OpenArcanum/UIReference/Original/art/interface/0003-intrface/p00-r00-f000.png,800,600,yes,Gameplay HUD,complete HUD composition,other,800,600,0,0,no,,Retail art/interface/interface.mes {3}; arcanum-ce/src/ui/intgame.c; decoded alpha proves top 41 / world 400 / bottom 159 composition.,yes,HDAssets/ui/by-source-id/0003-intrface/p00-r00-f000.png,no; fixed full-source composition,"UI-C production root; one static frame; camera renders behind authentic alpha aperture."
4,art/interface/bar.art,ART,D:/OpenArcanum/UIReference/Original/art/interface/0004-bar/p00-r00-f000.png,34,146,no,unknown,unknown,other,34,146,unknown,unknown,unknown,,Retail art/interface/interface.mes {4}; no literal call-site match (indirect/table-driven use remains possible).,yes,HDAssets/ui/by-source-id/0004-bar/p00-r00-f000.png,unverified; fixed-size by default,"1 palette(s), one static frame."
5,art/interface/amocnt_s.art,ART,D:/OpenArcanum/UIReference/Original/art/interface/0005-amocnt_s/p00-r00-f000.png,90,56,no,unknown,unknown,other,90,56,unknown,unknown,unknown,,Retail art/interface/interface.mes {5}; no literal call-site match (indirect/table-driven use remains possible).,yes,HDAssets/ui/by-source-id/0005-amocnt_s/p00-r00-f000.png,unverified; fixed-size by default,"1 palette(s), one static frame."
6,art/interface/bgrn_but.art,ART,D:/OpenArcanum/UIReference/Original/art/interface/0006-bgrn_but/p00-r00-f000.png,37,36,yes,unknown,unknown,multi-frame family,37,36,unknown,unknown,unknown,,Retail art/interface/interface.mes {6}; no literal call-site match (indirect/table-driven use remains possible).,yes,HDAssets/ui/by-source-id/0006-bgrn_but/p00-r00-f000.png,unverified; fixed-size by default,"1 palette(s), 1 rotation(s), 2 frame(s) per rotation; preserve registration across the complete family."
7,art/interface/mess_rot.art,ART,D:/OpenArcanum/UIReference/Original/art/interface/0007-mess_rot/p00-r00-f000.png,410,107,yes,unknown,unknown,other,410,107,unknown,unknown,unknown,,Retail art/interface/interface.mes {7}; no literal call-site match (indirect/table-driven use remains possible).,yes,HDAssets/ui/by-source-id/0007-mess_rot/p00-r00-f000.png,unverified; fixed-size by default,"1 palette(s), one static frame."
8,art/interface/spell_ro.art,ART,D:/OpenArcanum/UIReference/Original/art/interface/0008-spell_ro/p00-r00-f000.png,410,107,yes,Magic,spell presentation,other,410,107,unknown,unknown,unknown,,Retail art/interface/interface.mes {8}; no literal call-site match (indirect/table-driven use remains possible).; source-name classification only; confirm table-driven call site before implementation.,yes,HDAssets/ui/by-source-id/0008-spell_ro/p00-r00-f000.png,unverified; fixed-size by default,"1 palette(s), one static frame."
9,art/interface/m_dnbut.art,ART,D:/OpenArcanum/UIReference/Original/art/interface/0009-m_dnbut/p00-r00-f000.png,38,36,yes,unknown,unknown,multi-frame family,38,36,unknown,unknown,unknown,,Retail art/interface/interface.mes {9}; no literal call-site match (indirect/table-driven use remains possible).,yes,HDAssets/ui/by-source-id/0009-m_dnbut/p00-r00-f000.png,unverified; fixed-size by default,"1 palette(s), 1 rotation(s), 3 frame(s) per rotation; preserve registration across the complete family."
10,art/interface/m_upbut.art,ART,D:/OpenArcanum/UIReference/Original/art/interface/0010-m_upbut/p00-r00-f000.png,38,36,yes,unknown,unknown,multi-frame family,38,36,unknown,unknown,unknown,,Retail art/interface/interface.mes {10}; no literal call-site match (indirect/table-driven use remains possible).,yes,HDAssets/ui/by-source-id/0010-m_upbut/p00-r00-f000.png,unverified; fixed-size by default,"1 palette(s), 1 rotation(s), 3 frame(s) per rotation; preserve registration across the complete family."
11,art/interface/s_conveyance.art,ART,D:/OpenArcanum/UIReference/Original/art/interface/0011-s_conveyance/p00-r00-f000.png,24,24,yes,Magic,spell presentation,multi-frame family,24,24,unknown,unknown,unknown,,Retail art/interface/interface.mes {11}; no literal call-site match (indirect/table-driven use remains possible).; source-name classification only; confirm table-driven call site before implementation.,yes,HDAssets/ui/by-source-id/0011-s_conveyance/p00-r00-f000.png,unverified; fixed-size by default,"1 palette(s), 1 rotation(s), 3 frame(s) per rotation; preserve registration across the complete family."
12,art/interface/s_conveyance1.art,ART,D:/OpenArcanum/UIReference/Original/art/interface/0012-s_conveyance1/p00-r00-f000.png,32,32,no,Magic,spell presentation,multi-frame family,32,32,unknown,unknown,unknown,,Retail art/interface/interface.mes {12}; no literal call-site match (indirect/table-driven use remains possible).; source-name classification only; confirm table-driven call site before implementation.,yes,HDAssets/ui/by-source-id/0012-s_conveyance1/p00-r00-f000.png,unverified; fixed-size by default,"1 palette(s), 1 rotation(s), 2 frame(s) per rotation; preserve registration across the complete family."
13,art/interface/s_conveyance2.art,ART,D:/OpenArcanum/UIReference/Original/art/interface/0013-s_conveyance2/p00-r00-f000.png,32,32,no,Magic,spell presentation,multi-frame family,32,32,unknown,unknown,unknown,,Retail art/interface/interface.mes {13}; no literal call-site match (indirect/table-driven use remains possible).; source-name classification only; confirm table-driven call site before implementation.,yes,HDAssets/ui/by-source-id/0013-s_conveyance2/p00-r00-f000.png,unverified; fixed-size by default,"1 palette(s), 1 rotation(s), 2 frame(s) per rotation; preserve registration across the complete family."
14,art/interface/s_conveyance3.art,ART,D:/OpenArcanum/UIReference/Original/art/interface/0014-s_conveyance3/p00-r00-f000.png,32,32,no,Magic,spell presentation,multi-frame family,32,32,unknown,unknown,unknown,,Retail art/interface/interface.mes {14}; no literal call-site match (indirect/table-driven use remains possible).; source-name classification only; confirm table-driven call site before implementation.,yes,HDAssets/ui/by-source-id/0014-s_conveyance3/p00-r00-f000.png,unverified; fixed-size by default,"1 palette(s), 1 rotation(s), 2 frame(s) per rotation; preserve registration across the complete family."
15,art/interface/s_conveyance4.art,ART,D:/OpenArcanum/UIReference/Original/art/interface/0015-s_conveyance4/p00-r00-f000.png,32,32,no,Magic,spell presentation,multi-frame family,32,32,unknown,unknown,unknown,,Retail art/interface/interface.mes {15}; no literal call-site match (indirect/table-driven use remains possible).; source-name classification only; confirm table-driven call site before implementation.,yes,HDAssets/ui/by-source-id/0015-s_conveyance4/p00-r00-f000.png,unverified; fixed-size by default,"1 palette(s), 1 rotation(s), 2 frame(s) per rotation; preserve registration across the complete family."
16,art/interface/s_conveyance5.art,ART,D:/OpenArcanum/UIReference/Original/art/interface/0016-s_conveyance5/p00-r00-f000.png,32,32,no,Magic,spell presentation,multi-frame family,32,32,unknown,unknown,unknown,,Retail art/interface/interface.mes {16}; no literal call-site match (indirect/table-driven use remains possible).; source-name classification only; confirm table-driven call site before implementation.,yes,HDAssets/ui/by-source-id/0016-s_conveyance5/p00-r00-f000.png,unverified; fixed-size by default,"1 palette(s), 1 rotation(s), 2 frame(s) per rotation; preserve registration across the complete family."
17,art/interface/yelovial.art,ART,D:/OpenArcanum/UIReference/Original/art/interface/0017-yelovial/p00-r00-f000.png,28,96,no,Gameplay HUD,HUD presentation,other,28,96,unknown,unknown,unknown,,Retail art/interface/interface.mes {17}; no literal call-site match (indirect/table-driven use remains possible).; source-name classification only; confirm table-driven call site before implementation.,yes,HDAssets/ui/by-source-id/0017-yelovial/p00-r00-f000.png,unverified; fixed-size by default,"1 palette(s), one static frame."
18,art/interface/redvial.art,ART,D:/OpenArcanum/UIReference/Original/art/interface/0018-redvial/p00-r00-f000.png,28,96,yes,Gameplay HUD,health-vial liquid,multi-frame family,28,96,14,472,no,20,"Retail art/interface/interface.mes {18}; arcanum-ce/src/ui/intgame.c vial blit/crop path; UI-C source geometry audit.",yes,HDAssets/ui/by-source-id/0018-redvial/p00-r00-f000.png,no; vertically clipped liquid,"UI-C uses the source-bounded 88 px liquid region and 8 px neck overlap; preserve family registration."
19,art/interface/bluvial.art,ART,D:/OpenArcanum/UIReference/Original/art/interface/0019-bluvial/p00-r00-f000.png,28,96,yes,Gameplay HUD,fatigue-vial liquid,multi-frame family,28,96,754,473,no,20,"Retail art/interface/interface.mes {19}; arcanum-ce/src/ui/intgame.c vial blit/crop path; UI-C source geometry audit.",yes,HDAssets/ui/by-source-id/0019-bluvial/p00-r00-f000.png,no; vertically clipped liquid,"UI-C uses the source-bounded 88 px liquid region and 8 px neck overlap; preserve family registration."
20,art/interface/clrvial.art,ART,D:/OpenArcanum/UIReference/Original/art/interface/0020-clrvial/p00-r00-f000.png,34,90,no,Gameplay HUD,empty-vial glass,other,34,90,11,471,no,18;19,"Retail art/interface/interface.mes {20}; arcanum-ce/src/ui/intgame.c:1668; UI-C source geometry audit also places fatigue copy at 751,472.",yes,HDAssets/ui/by-source-id/0020-clrvial/p00-r00-f000.png,no; fixed glass frame,"UI-C production empty-vial overlay; one static frame used at both source vial positions."
21,art/interface/spellcur.art,ART,D:/OpenArcanum/UIReference/Original/art/interface/0021-spellcur/p00-r00-f000.png,25,27,yes,World Map,source-referenced presentation,multi-frame family,25,27,unknown,unknown,no,,Retail art/interface/interface.mes {21}; arcanum-ce/src/ui/wmap_ui.c:1701,yes,HDAssets/ui/by-source-id/0021-spellcur/p00-r00-f000.png,unverified; fixed-size by default,"1 palette(s), 1 rotation(s), 7 frame(s) per rotation; preserve registration across the complete family."
22,art/interface/char_maint.art,ART,D:/OpenArcanum/UIReference/Original/art/interface/0022-char_maint/p00-r00-f000.png,800,400,no,Character Creation,source-referenced presentation,other,800,400,unknown,unknown,no,,Retail art/interface/interface.mes {22}; arcanum-ce/src/ui/charedit_ui.c:926; arcanum-ce/src/ui/charedit_ui.c:3629; arcanum-ce/src/ui/charedit_ui.c:3672,yes,HDAssets/ui/by-source-id/0022-char_maint/p00-r00-f000.png,unverified; fixed-size by default,"1 palette(s), one static frame."
23,art/interface/char_minus.art,ART,D:/OpenArcanum/UIReference/Original/art/interface/0023-char_minus/p00-r00-f000.png,19,19,yes,Character Creation,source-referenced presentation,multi-frame family,19,19,unknown,unknown,no,,Retail art/interface/interface.mes {23}; arcanum-ce/src/ui/charedit_ui.c:979; arcanum-ce/src/ui/charedit_ui.c:1096,yes,HDAssets/ui/by-source-id/0023-char_minus/p00-r00-f000.png,unverified; fixed-size by default,"1 palette(s), 1 rotation(s), 4 frame(s) per rotation; preserve registration across the complete family."
24,art/interface/char_plus.art,ART,D:/OpenArcanum/UIReference/Original/art/interface/0024-char_plus/p00-r00-f000.png,19,19,yes,Character Creation,source-referenced presentation,multi-frame family,19,19,unknown,unknown,no,,Retail art/interface/interface.mes {24}; arcanum-ce/src/ui/charedit_ui.c:964; arcanum-ce/src/ui/charedit_ui.c:1090,yes,HDAssets/ui/by-source-id/0024-char_plus/p00-r00-f000.png,unverified; fixed-size by default,"1 palette(s), 1 rotation(s), 4 frame(s) per rotation; preserve registration across the complete family."
25,art/interface/rollerfont.art,ART,D:/OpenArcanum/UIReference/Original/art/interface/0025-rollerfont/p00-r00-f000.png,4,20,yes,Roller / Confirmation,source-referenced presentation,glyph-set,4,20,unknown,unknown,no,,Retail art/interface/interface.mes {25}; arcanum-ce/src/ui/roller_ui.c:70,yes,HDAssets/ui/by-source-id/0025-rollerfont/p00-r00-f000.png,unverified; fixed-size by default,"1 palette(s), 1 rotation(s), 225 frame(s) per rotation; preserve registration across the complete family."
26,art/interface/arial10font.art,ART,D:/OpenArcanum/UIReference/Original/art/interface/0026-arial10font/p00-r00-f000.png,2,10,yes,Character Creation,source-referenced presentation,glyph-set,2,10,unknown,unknown,no,,Retail art/interface/interface.mes {26}; arcanum-ce/src/ui/charedit_ui.c:3444,yes,HDAssets/ui/by-source-id/0026-arial10font/p00-r00-f000.png,unverified; fixed-size by default,"1 palette(s), 1 rotation(s), 225 frame(s) per rotation; preserve registration across the complete family."
27,art/interface/morph15font.art,ART,D:/OpenArcanum/UIReference/Original/art/interface/0027-morph15font/p00-r00-f000.png,2,19,yes,Character / Skills / Magic / Technology; Character Creation; Gameplay HUD; Inventory / Equipment / Merchant / Loot; Journal / Logbook,inventory presentation,glyph-set,2,19,unknown,unknown,yes,,Retail art/interface/interface.mes {27}; arcanum-ce/src/ui/charedit_ui.c:3450; arcanum-ce/src/ui/charedit_ui.c:3456; arcanum-ce/src/ui/charedit_ui.c:3462; arcanum-ce/src/ui/charedit_ui.c:3468; arcanum-ce/src/ui/charedit_ui.c:3474; arcanum-ce/src/ui/cyclic_ui.c:109; arcanum-ce/src/ui/intgame.c:983; arcanum-ce/src/ui/intgame.c:989; +3 additional literal call site(s),yes,HDAssets/ui/by-source-id/0027-morph15font/p00-r00-f000.png,unverified; fixed-size by default,"1 palette(s), 1 rotation(s), 225 frame(s) per rotation; preserve registration across the complete family."
28,art/interface/pork12font.art,ART,D:/OpenArcanum/UIReference/Original/art/interface/0028-pork12font/p00-r00-f000.png,1,18,yes,Character Creation,source-referenced presentation,glyph-set,1,18,unknown,unknown,no,,Retail art/interface/interface.mes {28}; arcanum-ce/src/ui/charedit_ui.c:3480; arcanum-ce/src/ui/charedit_ui.c:3486; arcanum-ce/src/ui/charedit_ui.c:3492,yes,HDAssets/ui/by-source-id/0028-pork12font/p00-r00-f000.png,unverified; fixed-size by default,"1 palette(s), 1 rotation(s), 225 frame(s) per rotation; preserve registration across the complete family."
29,art/interface/skills_window.art,ART,D:/OpenArcanum/UIReference/Original/art/interface/0029-skills_window/p00-r00-f000.png,235,325,no,Character Creation,source-referenced presentation,other,235,325,unknown,unknown,no,,Retail art/interface/interface.mes {29}; arcanum-ce/src/ui/charedit_ui.c:2021; arcanum-ce/src/ui/charedit_ui.c:2125; arcanum-ce/src/ui/charedit_ui.c:2185,yes,HDAssets/ui/by-source-id/0029-skills_window/p00-r00-f000.png,unverified; fixed-size by default,"1 palette(s), one static frame."
30,art/interface/disciplines_window.art,ART,D:/OpenArcanum/UIReference/Original/art/interface/0030-disciplines_window/p00-r00-f000.png,235,325,no,Character Creation,source-referenced presentation,other,235,325,unknown,unknown,no,,Retail art/interface/interface.mes {30}; arcanum-ce/src/ui/charedit_ui.c:2259; arcanum-ce/src/ui/charedit_ui.c:2359,yes,HDAssets/ui/by-source-id/0030-disciplines_window/p00-r00-f000.png,unverified; fixed-size by default,"1 palette(s), one static frame."
31,art/interface/char_spells.art,ART,D:/OpenArcanum/UIReference/Original/art/interface/0031-char_spells/p00-r00-f000.png,235,325,no,Character Creation,source-referenced presentation,other,235,325,unknown,unknown,no,,Retail art/interface/interface.mes {31}; arcanum-ce/src/ui/charedit_ui.c:2501; arcanum-ce/src/ui/charedit_ui.c:2632,yes,HDAssets/ui/by-source-id/0031-char_spells/p00-r00-f000.png,unverified; fixed-size by default,"1 palette(s), one static frame."
32,art/interface/cncl_big.art,ART,D:/OpenArcanum/UIReference/Original/art/interface/0032-cncl_big/p00-r00-f000.png,38,37,yes,unknown,unknown,multi-frame family,38,37,unknown,unknown,unknown,,Retail art/interface/interface.mes {32}; no literal call-site match (indirect/table-driven use remains possible).,yes,HDAssets/ui/by-source-id/0032-cncl_big/p00-r00-f000.png,unverified; fixed-size by default,"1 palette(s), 1 rotation(s), 3 frame(s) per rotation; preserve registration across the complete family."
33,art/interface/done_big.art,ART,D:/OpenArcanum/UIReference/Original/art/interface/0033-done_big/p00-r00-f000.png,38,37,yes,unknown,unknown,multi-frame family,38,37,unknown,unknown,unknown,,Retail art/interface/interface.mes {33}; no literal call-site match (indirect/table-driven use remains possible).,yes,HDAssets/ui/by-source-id/0033-done_big/p00-r00-f000.png,unverified; fixed-size by default,"1 palette(s), 1 rotation(s), 3 frame(s) per rotation; preserve registration across the complete family."
34,art/interface/char_common_skills.art,ART,D:/OpenArcanum/UIReference/Original/art/interface/0034-char_common_skills/p00-r00-f000.png,39,39,yes,Character Creation,source-referenced presentation,multi-frame family,39,39,unknown,unknown,no,,Retail art/interface/interface.mes {34}; arcanum-ce/src/ui/charedit_ui.c:1021,yes,HDAssets/ui/by-source-id/0034-char_common_skills/p00-r00-f000.png,unverified; fixed-size by default,"1 palette(s), 1 rotation(s), 3 frame(s) per rotation; preserve registration across the complete family."
35,art/interface/char_tech_skills.art,ART,D:/OpenArcanum/UIReference/Original/art/interface/0035-char_tech_skills/p00-r00-f000.png,39,39,yes,Character Creation,source-referenced presentation,multi-frame family,39,39,unknown,unknown,no,,Retail art/interface/interface.mes {35}; arcanum-ce/src/ui/charedit_ui.c:1036,yes,HDAssets/ui/by-source-id/0035-char_tech_skills/p00-r00-f000.png,unverified; fixed-size by default,"1 palette(s), 1 rotation(s), 3 frame(s) per rotation; preserve registration across the complete family."
36,art/interface/char_spells_skills.art,ART,D:/OpenArcanum/UIReference/Original/art/interface/0036-char_spells_skills/p00-r00-f000.png,39,39,yes,Character Creation,source-referenced presentation,multi-frame family,39,39,unknown,unknown,no,,Retail art/interface/interface.mes {36}; arcanum-ce/src/ui/charedit_ui.c:1044,yes,HDAssets/ui/by-source-id/0036-char_spells_skills/p00-r00-f000.png,unverified; fixed-size by default,"1 palette(s), 1 rotation(s), 3 frame(s) per rotation; preserve registration across the complete family."
37,art/interface/casablanca16font.art,ART,D:/OpenArcanum/UIReference/Original/art/interface/0037-casablanca16font/p00-r00-f000.png,1,15,yes,Common / Typography,bitmap font or glyph set,glyph-set,1,15,unknown,unknown,unknown,,Retail art/interface/interface.mes {37}; no literal call-site match (indirect/table-driven use remains possible).; source-name classification only; confirm table-driven call site before implementation.,yes,HDAssets/ui/by-source-id/0037-casablanca16font/p00-r00-f000.png,unverified; fixed-size by default,"1 palette(s), 1 rotation(s), 225 frame(s) per rotation; preserve registration across the complete family."
38,art/interface/s_air.art,ART,D:/OpenArcanum/UIReference/Original/art/interface/0038-s_air/p00-r00-f000.png,24,24,yes,Magic,spell presentation,multi-frame family,24,24,unknown,unknown,unknown,,Retail art/interface/interface.mes {38}; no literal call-site match (indirect/table-driven use remains possible).; source-name classification only; confirm table-driven call site before implementation.,yes,HDAssets/ui/by-source-id/0038-s_air/p00-r00-f000.png,unverified; fixed-size by default,"1 palette(s), 1 rotation(s), 3 frame(s) per rotation; preserve registration across the complete family."
39,art/interface/s_air1.art,ART,D:/OpenArcanum/UIReference/Original/art/interface/0039-s_air1/p00-r00-f000.png,32,32,no,Magic,spell presentation,multi-frame family,32,32,unknown,unknown,unknown,,Retail art/interface/interface.mes {39}; no literal call-site match (indirect/table-driven use remains possible).; source-name classification only; confirm table-driven call site before implementation.,yes,HDAssets/ui/by-source-id/0039-s_air1/p00-r00-f000.png,unverified; fixed-size by default,"1 palette(s), 1 rotation(s), 2 frame(s) per rotation; preserve registration across the complete family."
40,art/interface/s_air2.art,ART,D:/OpenArcanum/UIReference/Original/art/interface/0040-s_air2/p00-r00-f000.png,32,32,no,Magic,spell presentation,multi-frame family,32,32,unknown,unknown,unknown,,Retail art/interface/interface.mes {40}; no literal call-site match (indirect/table-driven use remains possible).; source-name classification only; confirm table-driven call site before implementation.,yes,HDAssets/ui/by-source-id/0040-s_air2/p00-r00-f000.png,unverified; fixed-size by default,"1 palette(s), 1 rotation(s), 2 frame(s) per rotation; preserve registration across the complete family."
41,art/interface/s_air3.art,ART,D:/OpenArcanum/UIReference/Original/art/interface/0041-s_air3/p00-r00-f000.png,32,32,no,Magic,spell presentation,multi-frame family,32,32,unknown,unknown,unknown,,Retail art/interface/interface.mes {41}; no literal call-site match (indirect/table-driven use remains possible).; source-name classification only; confirm table-driven call site before implementation.,yes,HDAssets/ui/by-source-id/0041-s_air3/p00-r00-f000.png,unverified; fixed-size by default,"1 palette(s), 1 rotation(s), 2 frame(s) per rotation; preserve registration across the complete family."
42,art/interface/s_air4.art,ART,D:/OpenArcanum/UIReference/Original/art/interface/0042-s_air4/p00-r00-f000.png,32,32,no,Magic,spell presentation,multi-frame family,32,32,unknown,unknown,unknown,,Retail art/interface/interface.mes {42}; no literal call-site match (indirect/table-driven use remains possible).; source-name classification only; confirm table-driven call site before implementation.,yes,HDAssets/ui/by-source-id/0042-s_air4/p00-r00-f000.png,unverified; fixed-size by default,"1 palette(s), 1 rotation(s), 2 frame(s) per rotation; preserve registration across the complete family."
43,art/interface/s_air5.art,ART,D:/OpenArcanum/UIReference/Original/art/interface/0043-s_air5/p00-r00-f000.png,32,32,no,Magic,spell presentation,multi-frame family,32,32,unknown,unknown,unknown,,Retail art/interface/interface.mes {43}; no literal call-site match (indirect/table-driven use remains possible).; source-name classification only; confirm table-driven call site before implementation.,yes,HDAssets/ui/by-source-id/0043-s_air5/p00-r00-f000.png,unverified; fixed-size by default,"1 palette(s), 1 rotation(s), 2 frame(s) per rotation; preserve registration across the complete family."
44,art/interface/s_divination.art,ART,D:/OpenArcanum/UIReference/Original/art/interface/0044-s_divination/p00-r00-f000.png,24,24,yes,Magic,spell presentation,multi-frame family,24,24,unknown,unknown,unknown,,Retail art/interface/interface.mes {44}; no literal call-site match (indirect/table-driven use remains possible).; source-name classification only; confirm table-driven call site before implementation.,yes,HDAssets/ui/by-source-id/0044-s_divination/p00-r00-f000.png,unverified; fixed-size by default,"1 palette(s), 1 rotation(s), 3 frame(s) per rotation; preserve registration across the complete family."
45,art/interface/s_divination1.art,ART,D:/OpenArcanum/UIReference/Original/art/interface/0045-s_divination1/p00-r00-f000.png,32,32,no,Magic,spell presentation,multi-frame family,32,32,unknown,unknown,unknown,,Retail art/interface/interface.mes {45}; no literal call-site match (indirect/table-driven use remains possible).; source-name classification only; confirm table-driven call site before implementation.,yes,HDAssets/ui/by-source-id/0045-s_divination1/p00-r00-f000.png,unverified; fixed-size by default,"1 palette(s), 1 rotation(s), 2 frame(s) per rotation; preserve registration across the complete family."
46,art/interface/s_divination2.art,ART,D:/OpenArcanum/UIReference/Original/art/interface/0046-s_divination2/p00-r00-f000.png,32,32,no,Magic,spell presentation,multi-frame family,32,32,unknown,unknown,unknown,,Retail art/interface/interface.mes {46}; no literal call-site match (indirect/table-driven use remains possible).; source-name classification only; confirm table-driven call site before implementation.,yes,HDAssets/ui/by-source-id/0046-s_divination2/p00-r00-f000.png,unverified; fixed-size by default,"1 palette(s), 1 rotation(s), 2 frame(s) per rotation; preserve registration across the complete family."
47,art/interface/s_divination3.art,ART,D:/OpenArcanum/UIReference/Original/art/interface/0047-s_divination3/p00-r00-f000.png,32,32,no,Magic,spell presentation,multi-frame family,32,32,unknown,unknown,unknown,,Retail art/interface/interface.mes {47}; no literal call-site match (indirect/table-driven use remains possible).; source-name classification only; confirm table-driven call site before implementation.,yes,HDAssets/ui/by-source-id/0047-s_divination3/p00-r00-f000.png,unverified; fixed-size by default,"1 palette(s), 1 rotation(s), 2 frame(s) per rotation; preserve registration across the complete family."
48,art/interface/s_divination4.art,ART,D:/OpenArcanum/UIReference/Original/art/interface/0048-s_divination4/p00-r00-f000.png,32,32,no,Magic,spell presentation,multi-frame family,32,32,unknown,unknown,unknown,,Retail art/interface/interface.mes {48}; no literal call-site match (indirect/table-driven use remains possible).; source-name classification only; confirm table-driven call site before implementation.,yes,HDAssets/ui/by-source-id/0048-s_divination4/p00-r00-f000.png,unverified; fixed-size by default,"1 palette(s), 1 rotation(s), 2 frame(s) per rotation; preserve registration across the complete family."
49,art/interface/s_divination5.art,ART,D:/OpenArcanum/UIReference/Original/art/interface/0049-s_divination5/p00-r00-f000.png,32,32,no,Magic,spell presentation,multi-frame family,32,32,unknown,unknown,unknown,,Retail art/interface/interface.mes {49}; no literal call-site match (indirect/table-driven use remains possible).; source-name classification only; confirm table-driven call site before implementation.,yes,HDAssets/ui/by-source-id/0049-s_divination5/p00-r00-f000.png,unverified; fixed-size by default,"1 palette(s), 1 rotation(s), 2 frame(s) per rotation; preserve registration across the complete family."
50,art/interface/s_fire.art,ART,D:/OpenArcanum/UIReference/Original/art/interface/0050-s_fire/p00-r00-f000.png,24,24,yes,Magic,spell presentation,multi-frame family,24,24,unknown,unknown,unknown,,Retail art/interface/interface.mes {50}; no literal call-site match (indirect/table-driven use remains possible).; source-name classification only; confirm table-driven call site before implementation.,yes,HDAssets/ui/by-source-id/0050-s_fire/p00-r00-f000.png,unverified; fixed-size by default,"1 palette(s), 1 rotation(s), 3 frame(s) per rotation; preserve registration across the complete family."
51,art/interface/s_fire1.art,ART,D:/OpenArcanum/UIReference/Original/art/interface/0051-s_fire1/p00-r00-f000.png,32,32,no,Magic,spell presentation,multi-frame family,32,32,unknown,unknown,unknown,,Retail art/interface/interface.mes {51}; no literal call-site match (indirect/table-driven use remains possible).; source-name classification only; confirm table-driven call site before implementation.,yes,HDAssets/ui/by-source-id/0051-s_fire1/p00-r00-f000.png,unverified; fixed-size by default,"1 palette(s), 1 rotation(s), 2 frame(s) per rotation; preserve registration across the complete family."
52,art/interface/s_fire2.art,ART,D:/OpenArcanum/UIReference/Original/art/interface/0052-s_fire2/p00-r00-f000.png,32,32,no,Magic,spell presentation,multi-frame family,32,32,unknown,unknown,unknown,,Retail art/interface/interface.mes {52}; no literal call-site match (indirect/table-driven use remains possible).; source-name classification only; confirm table-driven call site before implementation.,yes,HDAssets/ui/by-source-id/0052-s_fire2/p00-r00-f000.png,unverified; fixed-size by default,"1 palette(s), 1 rotation(s), 2 frame(s) per rotation; preserve registration across the complete family."
53,art/interface/s_fire3.art,ART,D:/OpenArcanum/UIReference/Original/art/interface/0053-s_fire3/p00-r00-f000.png,32,32,no,Magic,spell presentation,multi-frame family,32,32,unknown,unknown,unknown,,Retail art/interface/interface.mes {53}; no literal call-site match (indirect/table-driven use remains possible).; source-name classification only; confirm table-driven call site before implementation.,yes,HDAssets/ui/by-source-id/0053-s_fire3/p00-r00-f000.png,unverified; fixed-size by default,"1 palette(s), 1 rotation(s), 2 frame(s) per rotation; preserve registration across the complete family."
54,art/interface/s_fire4.art,ART,D:/OpenArcanum/UIReference/Original/art/interface/0054-s_fire4/p00-r00-f000.png,32,32,no,Magic,spell presentation,multi-frame family,32,32,unknown,unknown,unknown,,Retail art/interface/interface.mes {54}; no literal call-site match (indirect/table-driven use remains possible).; source-name classification only; confirm table-driven call site before implementation.,yes,HDAssets/ui/by-source-id/0054-s_fire4/p00-r00-f000.png,unverified; fixed-size by default,"1 palette(s), 1 rotation(s), 2 frame(s) per rotation; preserve registration across the complete family."
55,art/interface/s_fire5.art,ART,D:/OpenArcanum/UIReference/Original/art/interface/0055-s_fire5/p00-r00-f000.png,32,32,no,Magic,spell presentation,multi-frame family,32,32,unknown,unknown,unknown,,Retail art/interface/interface.mes {55}; no literal call-site match (indirect/table-driven use remains possible).; source-name classification only; confirm table-driven call site before implementation.,yes,HDAssets/ui/by-source-id/0055-s_fire5/p00-r00-f000.png,unverified; fixed-size by default,"1 palette(s), 1 rotation(s), 2 frame(s) per rotation; preserve registration across the complete family."
56,art/interface/s_forc.art,ART,D:/OpenArcanum/UIReference/Original/art/interface/0056-s_forc/p00-r00-f000.png,24,24,yes,Magic,spell presentation,multi-frame family,24,24,unknown,unknown,unknown,,Retail art/interface/interface.mes {56}; no literal call-site match (indirect/table-driven use remains possible).; source-name classification only; confirm table-driven call site before implementation.,yes,HDAssets/ui/by-source-id/0056-s_forc/p00-r00-f000.png,unverified; fixed-size by default,"1 palette(s), 1 rotation(s), 3 frame(s) per rotation; preserve registration across the complete family."
57,art/interface/s_force1.art,ART,D:/OpenArcanum/UIReference/Original/art/interface/0057-s_force1/p00-r00-f000.png,32,32,no,Magic,spell presentation,multi-frame family,32,32,unknown,unknown,unknown,,Retail art/interface/interface.mes {57}; no literal call-site match (indirect/table-driven use remains possible).; source-name classification only; confirm table-driven call site before implementation.,yes,HDAssets/ui/by-source-id/0057-s_force1/p00-r00-f000.png,unverified; fixed-size by default,"1 palette(s), 1 rotation(s), 2 frame(s) per rotation; preserve registration across the complete family."
58,art/interface/s_force2.art,ART,D:/OpenArcanum/UIReference/Original/art/interface/0058-s_force2/p00-r00-f000.png,32,32,no,Magic,spell presentation,multi-frame family,32,32,unknown,unknown,unknown,,Retail art/interface/interface.mes {58}; no literal call-site match (indirect/table-driven use remains possible).; source-name classification only; confirm table-driven call site before implementation.,yes,HDAssets/ui/by-source-id/0058-s_force2/p00-r00-f000.png,unverified; fixed-size by default,"1 palette(s), 1 rotation(s), 2 frame(s) per rotation; preserve registration across the complete family."
59,art/interface/s_force3.art,ART,D:/OpenArcanum/UIReference/Original/art/interface/0059-s_force3/p00-r00-f000.png,32,32,no,Magic,spell presentation,multi-frame family,32,32,unknown,unknown,unknown,,Retail art/interface/interface.mes {59}; no literal call-site match (indirect/table-driven use remains possible).; source-name classification only; confirm table-driven call site before implementation.,yes,HDAssets/ui/by-source-id/0059-s_force3/p00-r00-f000.png,unverified; fixed-size by default,"1 palette(s), 1 rotation(s), 2 frame(s) per rotation; preserve registration across the complete family."
60,art/interface/s_force4.art,ART,D:/OpenArcanum/UIReference/Original/art/interface/0060-s_force4/p00-r00-f000.png,32,32,no,Magic,spell presentation,multi-frame family,32,32,unknown,unknown,unknown,,Retail art/interface/interface.mes {60}; no literal call-site match (indirect/table-driven use remains possible).; source-name classification only; confirm table-driven call site before implementation.,yes,HDAssets/ui/by-source-id/0060-s_force4/p00-r00-f000.png,unverified; fixed-size by default,"1 palette(s), 1 rotation(s), 2 frame(s) per rotation; preserve registration across the complete family."
61,art/interface/s_force5.art,ART,D:/OpenArcanum/UIReference/Original/art/interface/0061-s_force5/p00-r00-f000.png,32,32,no,Magic,spell presentation,multi-frame family,32,32,unknown,unknown,unknown,,Retail art/interface/interface.mes {61}; no literal call-site match (indirect/table-driven use remains possible).; source-name classification only; confirm table-driven call site before implementation.,yes,HDAssets/ui/by-source-id/0061-s_force5/p00-r00-f000.png,unverified; fixed-size by default,"1 palette(s), 1 rotation(s), 2 frame(s) per rotation; preserve registration across the complete family."
62,art/interface/s_meta.art,ART,D:/OpenArcanum/UIReference/Original/art/interface/0062-s_meta/p00-r00-f000.png,24,24,yes,Magic,spell presentation,multi-frame family,24,24,unknown,unknown,unknown,,Retail art/interface/interface.mes {62}; no literal call-site match (indirect/table-driven use remains possible).; source-name classification only; confirm table-driven call site before implementation.,yes,HDAssets/ui/by-source-id/0062-s_meta/p00-r00-f000.png,unverified; fixed-size by default,"1 palette(s), 1 rotation(s), 3 frame(s) per rotation; preserve registration across the complete family."
63,art/interface/s_meta1.art,ART,D:/OpenArcanum/UIReference/Original/art/interface/0063-s_meta1/p00-r00-f000.png,32,32,no,Magic,spell presentation,multi-frame family,32,32,unknown,unknown,unknown,,Retail art/interface/interface.mes {63}; no literal call-site match (indirect/table-driven use remains possible).; source-name classification only; confirm table-driven call site before implementation.,yes,HDAssets/ui/by-source-id/0063-s_meta1/p00-r00-f000.png,unverified; fixed-size by default,"1 palette(s), 1 rotation(s), 2 frame(s) per rotation; preserve registration across the complete family."
64,art/interface/s_meta2.art,ART,D:/OpenArcanum/UIReference/Original/art/interface/0064-s_meta2/p00-r00-f000.png,32,32,no,Magic,spell presentation,multi-frame family,32,32,unknown,unknown,unknown,,Retail art/interface/interface.mes {64}; no literal call-site match (indirect/table-driven use remains possible).; source-name classification only; confirm table-driven call site before implementation.,yes,HDAssets/ui/by-source-id/0064-s_meta2/p00-r00-f000.png,unverified; fixed-size by default,"1 palette(s), 1 rotation(s), 2 frame(s) per rotation; preserve registration across the complete family."
65,art/interface/s_meta3.art,ART,D:/OpenArcanum/UIReference/Original/art/interface/0065-s_meta3/p00-r00-f000.png,32,32,no,Magic,spell presentation,multi-frame family,32,32,unknown,unknown,unknown,,Retail art/interface/interface.mes {65}; no literal call-site match (indirect/table-driven use remains possible).; source-name classification only; confirm table-driven call site before implementation.,yes,HDAssets/ui/by-source-id/0065-s_meta3/p00-r00-f000.png,unverified; fixed-size by default,"1 palette(s), 1 rotation(s), 2 frame(s) per rotation; preserve registration across the complete family."
66,art/interface/s_meta4.art,ART,D:/OpenArcanum/UIReference/Original/art/interface/0066-s_meta4/p00-r00-f000.png,32,32,no,Magic,spell presentation,multi-frame family,32,32,unknown,unknown,unknown,,Retail art/interface/interface.mes {66}; no literal call-site match (indirect/table-driven use remains possible).; source-name classification only; confirm table-driven call site before implementation.,yes,HDAssets/ui/by-source-id/0066-s_meta4/p00-r00-f000.png,unverified; fixed-size by default,"1 palette(s), 1 rotation(s), 2 frame(s) per rotation; preserve registration across the complete family."
67,art/interface/s_meta5.art,ART,D:/OpenArcanum/UIReference/Original/art/interface/0067-s_meta5/p00-r00-f000.png,32,32,no,Magic,spell presentation,multi-frame family,32,32,unknown,unknown,unknown,,Retail art/interface/interface.mes {67}; no literal call-site match (indirect/table-driven use remains possible).; source-name classification only; confirm table-driven call site before implementation.,yes,HDAssets/ui/by-source-id/0067-s_meta5/p00-r00-f000.png,unverified; fixed-size by default,"1 palette(s), 1 rotation(s), 2 frame(s) per rotation; preserve registration across the complete family."
68,art/interface/s_morph.art,ART,D:/OpenArcanum/UIReference/Original/art/interface/0068-s_morph/p00-r00-f000.png,24,24,yes,Magic,spell presentation,multi-frame family,24,24,unknown,unknown,unknown,,Retail art/interface/interface.mes {68}; no literal call-site match (indirect/table-driven use remains possible).; source-name classification only; confirm table-driven call site before implementation.,yes,HDAssets/ui/by-source-id/0068-s_morph/p00-r00-f000.png,unverified; fixed-size by default,"1 palette(s), 1 rotation(s), 3 frame(s) per rotation; preserve registration across the complete family."
69,art/interface/s_morph1.art,ART,D:/OpenArcanum/UIReference/Original/art/interface/0069-s_morph1/p00-r00-f000.png,32,32,no,Magic,spell presentation,multi-frame family,32,32,unknown,unknown,unknown,,Retail art/interface/interface.mes {69}; no literal call-site match (indirect/table-driven use remains possible).; source-name classification only; confirm table-driven call site before implementation.,yes,HDAssets/ui/by-source-id/0069-s_morph1/p00-r00-f000.png,unverified; fixed-size by default,"1 palette(s), 1 rotation(s), 2 frame(s) per rotation; preserve registration across the complete family."
70,art/interface/s_morph2.art,ART,D:/OpenArcanum/UIReference/Original/art/interface/0070-s_morph2/p00-r00-f000.png,32,32,no,Magic,spell presentation,multi-frame family,32,32,unknown,unknown,unknown,,Retail art/interface/interface.mes {70}; no literal call-site match (indirect/table-driven use remains possible).; source-name classification only; confirm table-driven call site before implementation.,yes,HDAssets/ui/by-source-id/0070-s_morph2/p00-r00-f000.png,unverified; fixed-size by default,"1 palette(s), 1 rotation(s), 2 frame(s) per rotation; preserve registration across the complete family."
71,art/interface/s_morph3.art,ART,D:/OpenArcanum/UIReference/Original/art/interface/0071-s_morph3/p00-r00-f000.png,32,32,no,Magic,spell presentation,multi-frame family,32,32,unknown,unknown,unknown,,Retail art/interface/interface.mes {71}; no literal call-site match (indirect/table-driven use remains possible).; source-name classification only; confirm table-driven call site before implementation.,yes,HDAssets/ui/by-source-id/0071-s_morph3/p00-r00-f000.png,unverified; fixed-size by default,"1 palette(s), 1 rotation(s), 2 frame(s) per rotation; preserve registration across the complete family."
72,art/interface/s_morph4.art,ART,D:/OpenArcanum/UIReference/Original/art/interface/0072-s_morph4/p00-r00-f000.png,32,32,no,Magic,spell presentation,multi-frame family,32,32,unknown,unknown,unknown,,Retail art/interface/interface.mes {72}; no literal call-site match (indirect/table-driven use remains possible).; source-name classification only; confirm table-driven call site before implementation.,yes,HDAssets/ui/by-source-id/0072-s_morph4/p00-r00-f000.png,unverified; fixed-size by default,"1 palette(s), 1 rotation(s), 2 frame(s) per rotation; preserve registration across the complete family."
73,art/interface/s_morph5.art,ART,D:/OpenArcanum/UIReference/Original/art/interface/0073-s_morph5/p00-r00-f000.png,32,32,no,Magic,spell presentation,multi-frame family,32,32,unknown,unknown,unknown,,Retail art/interface/interface.mes {73}; no literal call-site match (indirect/table-driven use remains possible).; source-name classification only; confirm table-driven call site before implementation.,yes,HDAssets/ui/by-source-id/0073-s_morph5/p00-r00-f000.png,unverified; fixed-size by default,"1 palette(s), 1 rotation(s), 2 frame(s) per rotation; preserve registration across the complete family."
74,art/interface/s_nature.art,ART,D:/OpenArcanum/UIReference/Original/art/interface/0074-s_nature/p00-r00-f000.png,24,24,yes,Magic,spell presentation,multi-frame family,24,24,unknown,unknown,unknown,,Retail art/interface/interface.mes {74}; no literal call-site match (indirect/table-driven use remains possible).; source-name classification only; confirm table-driven call site before implementation.,yes,HDAssets/ui/by-source-id/0074-s_nature/p00-r00-f000.png,unverified; fixed-size by default,"1 palette(s), 1 rotation(s), 3 frame(s) per rotation; preserve registration across the complete family."
75,art/interface/s_nature1.art,ART,D:/OpenArcanum/UIReference/Original/art/interface/0075-s_nature1/p00-r00-f000.png,32,32,no,Magic,spell presentation,multi-frame family,32,32,unknown,unknown,unknown,,Retail art/interface/interface.mes {75}; no literal call-site match (indirect/table-driven use remains possible).; source-name classification only; confirm table-driven call site before implementation.,yes,HDAssets/ui/by-source-id/0075-s_nature1/p00-r00-f000.png,unverified; fixed-size by default,"1 palette(s), 1 rotation(s), 2 frame(s) per rotation; preserve registration across the complete family."
76,art/interface/s_nature2.art,ART,D:/OpenArcanum/UIReference/Original/art/interface/0076-s_nature2/p00-r00-f000.png,32,32,no,Magic,spell presentation,multi-frame family,32,32,unknown,unknown,unknown,,Retail art/interface/interface.mes {76}; no literal call-site match (indirect/table-driven use remains possible).; source-name classification only; confirm table-driven call site before implementation.,yes,HDAssets/ui/by-source-id/0076-s_nature2/p00-r00-f000.png,unverified; fixed-size by default,"1 palette(s), 1 rotation(s), 2 frame(s) per rotation; preserve registration across the complete family."
77,art/interface/s_nature3.art,ART,D:/OpenArcanum/UIReference/Original/art/interface/0077-s_nature3/p00-r00-f000.png,32,32,no,Magic,spell presentation,multi-frame family,32,32,unknown,unknown,unknown,,Retail art/interface/interface.mes {77}; no literal call-site match (indirect/table-driven use remains possible).; source-name classification only; confirm table-driven call site before implementation.,yes,HDAssets/ui/by-source-id/0077-s_nature3/p00-r00-f000.png,unverified; fixed-size by default,"1 palette(s), 1 rotation(s), 2 frame(s) per rotation; preserve registration across the complete family."
78,art/interface/s_nature4.art,ART,D:/OpenArcanum/UIReference/Original/art/interface/0078-s_nature4/p00-r00-f000.png,32,32,no,Magic,spell presentation,multi-frame family,32,32,unknown,unknown,unknown,,Retail art/interface/interface.mes {78}; no literal call-site match (indirect/table-driven use remains possible).; source-name classification only; confirm table-driven call site before implementation.,yes,HDAssets/ui/by-source-id/0078-s_nature4/p00-r00-f000.png,unverified; fixed-size by default,"1 palette(s), 1 rotation(s), 2 frame(s) per rotation; preserve registration across the complete family."
79,art/interface/s_nature5.art,ART,D:/OpenArcanum/UIReference/Original/art/interface/0079-s_nature5/p00-r00-f000.png,32,32,no,Magic,spell presentation,multi-frame family,32,32,unknown,unknown,unknown,,Retail art/interface/interface.mes {79}; no literal call-site match (indirect/table-driven use remains possible).; source-name classification only; confirm table-driven call site before implementation.,yes,HDAssets/ui/by-source-id/0079-s_nature5/p00-r00-f000.png,unverified; fixed-size by default,"1 palette(s), 1 rotation(s), 2 frame(s) per rotation; preserve registration across the complete family."
80,art/interface/s_phantasm.art,ART,D:/OpenArcanum/UIReference/Original/art/interface/0080-s_phantasm/p00-r00-f000.png,24,24,yes,Magic,spell presentation,multi-frame family,24,24,unknown,unknown,unknown,,Retail art/interface/interface.mes {80}; no literal call-site match (indirect/table-driven use remains possible).; source-name classification only; confirm table-driven call site before implementation.,yes,HDAssets/ui/by-source-id/0080-s_phantasm/p00-r00-f000.png,unverified; fixed-size by default,"1 palette(s), 1 rotation(s), 3 frame(s) per rotation; preserve registration across the complete family."
81,art/interface/s_phantasm1.art,ART,D:/OpenArcanum/UIReference/Original/art/interface/0081-s_phantasm1/p00-r00-f000.png,32,32,no,Magic,spell presentation,multi-frame family,32,32,unknown,unknown,unknown,,Retail art/interface/interface.mes {81}; no literal call-site match (indirect/table-driven use remains possible).; source-name classification only; confirm table-driven call site before implementation.,yes,HDAssets/ui/by-source-id/0081-s_phantasm1/p00-r00-f000.png,unverified; fixed-size by default,"1 palette(s), 1 rotation(s), 2 frame(s) per rotation; preserve registration across the complete family."
82,art/interface/s_phantasm2.art,ART,D:/OpenArcanum/UIReference/Original/art/interface/0082-s_phantasm2/p00-r00-f000.png,32,32,no,Magic,spell presentation,multi-frame family,32,32,unknown,unknown,unknown,,Retail art/interface/interface.mes {82}; no literal call-site match (indirect/table-driven use remains possible).; source-name classification only; confirm table-driven call site before implementation.,yes,HDAssets/ui/by-source-id/0082-s_phantasm2/p00-r00-f000.png,unverified; fixed-size by default,"1 palette(s), 1 rotation(s), 2 frame(s) per rotation; preserve registration across the complete family."
83,art/interface/s_phantasm3.art,ART,D:/OpenArcanum/UIReference/Original/art/interface/0083-s_phantasm3/p00-r00-f000.png,32,32,no,Magic,spell presentation,multi-frame family,32,32,unknown,unknown,unknown,,Retail art/interface/interface.mes {83}; no literal call-site match (indirect/table-driven use remains possible).; source-name classification only; confirm table-driven call site before implementation.,yes,HDAssets/ui/by-source-id/0083-s_phantasm3/p00-r00-f000.png,unverified; fixed-size by default,"1 palette(s), 1 rotation(s), 2 frame(s) per rotation; preserve registration across the complete family."
84,art/interface/s_phantasm4.art,ART,D:/OpenArcanum/UIReference/Original/art/interface/0084-s_phantasm4/p00-r00-f000.png,32,32,no,Magic,spell presentation,multi-frame family,32,32,unknown,unknown,unknown,,Retail art/interface/interface.mes {84}; no literal call-site match (indirect/table-driven use remains possible).; source-name classification only; confirm table-driven call site before implementation.,yes,HDAssets/ui/by-source-id/0084-s_phantasm4/p00-r00-f000.png,unverified; fixed-size by default,"1 palette(s), 1 rotation(s), 2 frame(s) per rotation; preserve registration across the complete family."
85,art/interface/s_phantasm5.art,ART,D:/OpenArcanum/UIReference/Original/art/interface/0085-s_phantasm5/p00-r00-f000.png,32,32,no,Magic,spell presentation,multi-frame family,32,32,unknown,unknown,unknown,,Retail art/interface/interface.mes {85}; no literal call-site match (indirect/table-driven use remains possible).; source-name classification only; confirm table-driven call site before implementation.,yes,HDAssets/ui/by-source-id/0085-s_phantasm5/p00-r00-f000.png,unverified; fixed-size by default,"1 palette(s), 1 rotation(s), 2 frame(s) per rotation; preserve registration across the complete family."
86,art/interface/s_water.art,ART,D:/OpenArcanum/UIReference/Original/art/interface/0086-s_water/p00-r00-f000.png,24,24,yes,Magic,spell presentation,multi-frame family,24,24,unknown,unknown,unknown,,Retail art/interface/interface.mes {86}; no literal call-site match (indirect/table-driven use remains possible).; source-name classification only; confirm table-driven call site before implementation.,yes,HDAssets/ui/by-source-id/0086-s_water/p00-r00-f000.png,unverified; fixed-size by default,"1 palette(s), 1 rotation(s), 3 frame(s) per rotation; preserve registration across the complete family."
87,art/interface/s_water1.art,ART,D:/OpenArcanum/UIReference/Original/art/interface/0087-s_water1/p00-r00-f000.png,32,32,no,Magic,spell presentation,multi-frame family,32,32,unknown,unknown,unknown,,Retail art/interface/interface.mes {87}; no literal call-site match (indirect/table-driven use remains possible).; source-name classification only; confirm table-driven call site before implementation.,yes,HDAssets/ui/by-source-id/0087-s_water1/p00-r00-f000.png,unverified; fixed-size by default,"1 palette(s), 1 rotation(s), 2 frame(s) per rotation; preserve registration across the complete family."
88,art/interface/s_water2.art,ART,D:/OpenArcanum/UIReference/Original/art/interface/0088-s_water2/p00-r00-f000.png,32,32,no,Magic,spell presentation,multi-frame family,32,32,unknown,unknown,unknown,,Retail art/interface/interface.mes {88}; no literal call-site match (indirect/table-driven use remains possible).; source-name classification only; confirm table-driven call site before implementation.,yes,HDAssets/ui/by-source-id/0088-s_water2/p00-r00-f000.png,unverified; fixed-size by default,"1 palette(s), 1 rotation(s), 2 frame(s) per rotation; preserve registration across the complete family."
89,art/interface/s_water3.art,ART,D:/OpenArcanum/UIReference/Original/art/interface/0089-s_water3/p00-r00-f000.png,32,32,no,Magic,spell presentation,multi-frame family,32,32,unknown,unknown,unknown,,Retail art/interface/interface.mes {89}; no literal call-site match (indirect/table-driven use remains possible).; source-name classification only; confirm table-driven call site before implementation.,yes,HDAssets/ui/by-source-id/0089-s_water3/p00-r00-f000.png,unverified; fixed-size by default,"1 palette(s), 1 rotation(s), 2 frame(s) per rotation; preserve registration across the complete family."
90,art/interface/s_water4.art,ART,D:/OpenArcanum/UIReference/Original/art/interface/0090-s_water4/p00-r00-f000.png,32,32,no,Magic,spell presentation,multi-frame family,32,32,unknown,unknown,unknown,,Retail art/interface/interface.mes {90}; no literal call-site match (indirect/table-driven use remains possible).; source-name classification only; confirm table-driven call site before implementation.,yes,HDAssets/ui/by-source-id/0090-s_water4/p00-r00-f000.png,unverified; fixed-size by default,"1 palette(s), 1 rotation(s), 2 frame(s) per rotation; preserve registration across the complete family."
91,art/interface/s_water5.art,ART,D:/OpenArcanum/UIReference/Original/art/interface/0091-s_water5/p00-r00-f000.png,32,32,no,Magic,spell presentation,multi-frame family,32,32,unknown,unknown,unknown,,Retail art/interface/interface.mes {91}; no literal call-site match (indirect/table-driven use remains possible).; source-name classification only; confirm table-driven call site before implementation.,yes,HDAssets/ui/by-source-id/0091-s_water5/p00-r00-f000.png,unverified; fixed-size by default,"1 palette(s), 1 rotation(s), 2 frame(s) per rotation; preserve registration across the complete family."
92,art/interface/s_earth.art,ART,D:/OpenArcanum/UIReference/Original/art/interface/0092-s_earth/p00-r00-f000.png,24,24,yes,Magic,spell presentation,multi-frame family,24,24,unknown,unknown,unknown,,Retail art/interface/interface.mes {92}; no literal call-site match (indirect/table-driven use remains possible).; source-name classification only; confirm table-driven call site before implementation.,yes,HDAssets/ui/by-source-id/0092-s_earth/p00-r00-f000.png,unverified; fixed-size by default,"1 palette(s), 1 rotation(s), 3 frame(s) per rotation; preserve registration across the complete family."
93,art/interface/s_earth1.art,ART,D:/OpenArcanum/UIReference/Original/art/interface/0093-s_earth1/p00-r00-f000.png,32,32,no,Magic,spell presentation,multi-frame family,32,32,unknown,unknown,unknown,,Retail art/interface/interface.mes {93}; no literal call-site match (indirect/table-driven use remains possible).; source-name classification only; confirm table-driven call site before implementation.,yes,HDAssets/ui/by-source-id/0093-s_earth1/p00-r00-f000.png,unverified; fixed-size by default,"1 palette(s), 1 rotation(s), 2 frame(s) per rotation; preserve registration across the complete family."
94,art/interface/s_earth2.art,ART,D:/OpenArcanum/UIReference/Original/art/interface/0094-s_earth2/p00-r00-f000.png,32,32,no,Magic,spell presentation,multi-frame family,32,32,unknown,unknown,unknown,,Retail art/interface/interface.mes {94}; no literal call-site match (indirect/table-driven use remains possible).; source-name classification only; confirm table-driven call site before implementation.,yes,HDAssets/ui/by-source-id/0094-s_earth2/p00-r00-f000.png,unverified; fixed-size by default,"1 palette(s), 1 rotation(s), 2 frame(s) per rotation; preserve registration across the complete family."
95,art/interface/s_earth3.art,ART,D:/OpenArcanum/UIReference/Original/art/interface/0095-s_earth3/p00-r00-f000.png,32,32,no,Magic,spell presentation,multi-frame family,32,32,unknown,unknown,unknown,,Retail art/interface/interface.mes {95}; no literal call-site match (indirect/table-driven use remains possible).; source-name classification only; confirm table-driven call site before implementation.,yes,HDAssets/ui/by-source-id/0095-s_earth3/p00-r00-f000.png,unverified; fixed-size by default,"1 palette(s), 1 rotation(s), 2 frame(s) per rotation; preserve registration across the complete family."
96,art/interface/s_earth4.art,ART,D:/OpenArcanum/UIReference/Original/art/interface/0096-s_earth4/p00-r00-f000.png,32,32,no,Magic,spell presentation,multi-frame family,32,32,unknown,unknown,unknown,,Retail art/interface/interface.mes {96}; no literal call-site match (indirect/table-driven use remains possible).; source-name classification only; confirm table-driven call site before implementation.,yes,HDAssets/ui/by-source-id/0096-s_earth4/p00-r00-f000.png,unverified; fixed-size by default,"1 palette(s), 1 rotation(s), 2 frame(s) per rotation; preserve registration across the complete family."
97,art/interface/s_earth5.art,ART,D:/OpenArcanum/UIReference/Original/art/interface/0097-s_earth5/p00-r00-f000.png,32,32,no,Magic,spell presentation,multi-frame family,32,32,unknown,unknown,unknown,,Retail art/interface/interface.mes {97}; no literal call-site match (indirect/table-driven use remains possible).; source-name classification only; confirm table-driven call site before implementation.,yes,HDAssets/ui/by-source-id/0097-s_earth5/p00-r00-f000.png,unverified; fixed-size by default,"1 palette(s), 1 rotation(s), 2 frame(s) per rotation; preserve registration across the complete family."
98,art/interface/s_mental.art,ART,D:/OpenArcanum/UIReference/Original/art/interface/0098-s_mental/p00-r00-f000.png,24,24,yes,Magic,spell presentation,multi-frame family,24,24,unknown,unknown,unknown,,Retail art/interface/interface.mes {98}; no literal call-site match (indirect/table-driven use remains possible).; source-name classification only; confirm table-driven call site before implementation.,yes,HDAssets/ui/by-source-id/0098-s_mental/p00-r00-f000.png,unverified; fixed-size by default,"1 palette(s), 1 rotation(s), 3 frame(s) per rotation; preserve registration across the complete family."
99,art/interface/s_mental1.art,ART,D:/OpenArcanum/UIReference/Original/art/interface/0099-s_mental1/p00-r00-f000.png,32,32,no,Magic,spell presentation,multi-frame family,32,32,unknown,unknown,unknown,,Retail art/interface/interface.mes {99}; no literal call-site match (indirect/table-driven use remains possible).; source-name classification only; confirm table-driven call site before implementation.,yes,HDAssets/ui/by-source-id/0099-s_mental1/p00-r00-f000.png,unverified; fixed-size by default,"1 palette(s), 1 rotation(s), 2 frame(s) per rotation; preserve registration across the complete family."
100,art/interface/s_mental2.art,ART,D:/OpenArcanum/UIReference/Original/art/interface/0100-s_mental2/p00-r00-f000.png,32,32,no,Magic,spell presentation,multi-frame family,32,32,unknown,unknown,unknown,,Retail art/interface/interface.mes {100}; no literal call-site match (indirect/table-driven use remains possible).; source-name classification only; confirm table-driven call site before implementation.,yes,HDAssets/ui/by-source-id/0100-s_mental2/p00-r00-f000.png,unverified; fixed-size by default,"1 palette(s), 1 rotation(s), 2 frame(s) per rotation; preserve registration across the complete family."
101,art/interface/s_mental3.art,ART,D:/OpenArcanum/UIReference/Original/art/interface/0101-s_mental3/p00-r00-f000.png,32,32,no,Magic,spell presentation,multi-frame family,32,32,unknown,unknown,unknown,,Retail art/interface/interface.mes {101}; no literal call-site match (indirect/table-driven use remains possible).; source-name classification only; confirm table-driven call site before implementation.,yes,HDAssets/ui/by-source-id/0101-s_mental3/p00-r00-f000.png,unverified; fixed-size by default,"1 palette(s), 1 rotation(s), 2 frame(s) per rotation; preserve registration across the complete family."
102,art/interface/s_mental4.art,ART,D:/OpenArcanum/UIReference/Original/art/interface/0102-s_mental4/p00-r00-f000.png,32,32,no,Magic,spell presentation,multi-frame family,32,32,unknown,unknown,unknown,,Retail art/interface/interface.mes {102}; no literal call-site match (indirect/table-driven use remains possible).; source-name classification only; confirm table-driven call site before implementation.,yes,HDAssets/ui/by-source-id/0102-s_mental4/p00-r00-f000.png,unverified; fixed-size by default,"1 palette(s), 1 rotation(s), 2 frame(s) per rotation; preserve registration across the complete family."
103,art/interface/s_mental5.art,ART,D:/OpenArcanum/UIReference/Original/art/interface/0103-s_mental5/p00-r00-f000.png,32,32,no,Magic,spell presentation,multi-frame family,32,32,unknown,unknown,unknown,,Retail art/interface/interface.mes {103}; no literal call-site match (indirect/table-driven use remains possible).; source-name classification only; confirm table-driven call site before implementation.,yes,HDAssets/ui/by-source-id/0103-s_mental5/p00-r00-f000.png,unverified; fixed-size by default,"1 palette(s), 1 rotation(s), 2 frame(s) per rotation; preserve registration across the complete family."
104,art/interface/s_evilnecro.art,ART,D:/OpenArcanum/UIReference/Original/art/interface/0104-s_evilnecro/p00-r00-f000.png,24,24,yes,Magic,spell presentation,multi-frame family,24,24,unknown,unknown,unknown,,Retail art/interface/interface.mes {104}; no literal call-site match (indirect/table-driven use remains possible).; source-name classification only; confirm table-driven call site before implementation.,yes,HDAssets/ui/by-source-id/0104-s_evilnecro/p00-r00-f000.png,unverified; fixed-size by default,"1 palette(s), 1 rotation(s), 3 frame(s) per rotation; preserve registration across the complete family."
105,art/interface/s_evilnecro1.art,ART,D:/OpenArcanum/UIReference/Original/art/interface/0105-s_evilnecro1/p00-r00-f000.png,32,32,no,Magic,spell presentation,multi-frame family,32,32,unknown,unknown,unknown,,Retail art/interface/interface.mes {105}; no literal call-site match (indirect/table-driven use remains possible).; source-name classification only; confirm table-driven call site before implementation.,yes,HDAssets/ui/by-source-id/0105-s_evilnecro1/p00-r00-f000.png,unverified; fixed-size by default,"1 palette(s), 1 rotation(s), 2 frame(s) per rotation; preserve registration across the complete family."
106,art/interface/s_evilnecro2.art,ART,D:/OpenArcanum/UIReference/Original/art/interface/0106-s_evilnecro2/p00-r00-f000.png,32,32,no,Magic,spell presentation,multi-frame family,32,32,unknown,unknown,unknown,,Retail art/interface/interface.mes {106}; no literal call-site match (indirect/table-driven use remains possible).; source-name classification only; confirm table-driven call site before implementation.,yes,HDAssets/ui/by-source-id/0106-s_evilnecro2/p00-r00-f000.png,unverified; fixed-size by default,"1 palette(s), 1 rotation(s), 2 frame(s) per rotation; preserve registration across the complete family."
107,art/interface/s_evilnecro3.art,ART,D:/OpenArcanum/UIReference/Original/art/interface/0107-s_evilnecro3/p00-r00-f000.png,32,32,no,Magic,spell presentation,multi-frame family,32,32,unknown,unknown,unknown,,Retail art/interface/interface.mes {107}; no literal call-site match (indirect/table-driven use remains possible).; source-name classification only; confirm table-driven call site before implementation.,yes,HDAssets/ui/by-source-id/0107-s_evilnecro3/p00-r00-f000.png,unverified; fixed-size by default,"1 palette(s), 1 rotation(s), 2 frame(s) per rotation; preserve registration across the complete family."
108,art/interface/s_evilnecro4.art,ART,D:/OpenArcanum/UIReference/Original/art/interface/0108-s_evilnecro4/p00-r00-f000.png,32,32,no,Magic,spell presentation,multi-frame family,32,32,unknown,unknown,unknown,,Retail art/interface/interface.mes {108}; no literal call-site match (indirect/table-driven use remains possible).; source-name classification only; confirm table-driven call site before implementation.,yes,HDAssets/ui/by-source-id/0108-s_evilnecro4/p00-r00-f000.png,unverified; fixed-size by default,"1 palette(s), 1 rotation(s), 2 frame(s) per rotation; preserve registration across the complete family."
109,art/interface/s_evilnecro5.art,ART,D:/OpenArcanum/UIReference/Original/art/interface/0109-s_evilnecro5/p00-r00-f000.png,32,32,no,Magic,spell presentation,multi-frame family,32,32,unknown,unknown,unknown,,Retail art/interface/interface.mes {109}; no literal call-site match (indirect/table-driven use remains possible).; source-name classification only; confirm table-driven call site before implementation.,yes,HDAssets/ui/by-source-id/0109-s_evilnecro5/p00-r00-f000.png,unverified; fixed-size by default,"1 palette(s), 1 rotation(s), 2 frame(s) per rotation; preserve registration across the complete family."
110,art/interface/s_goodnecro.art,ART,D:/OpenArcanum/UIReference/Original/art/interface/0110-s_goodnecro/p00-r00-f000.png,24,24,yes,Magic,spell presentation,multi-frame family,24,24,unknown,unknown,unknown,,Retail art/interface/interface.mes {110}; no literal call-site match (indirect/table-driven use remains possible).; source-name classification only; confirm table-driven call site before implementation.,yes,HDAssets/ui/by-source-id/0110-s_goodnecro/p00-r00-f000.png,unverified; fixed-size by default,"1 palette(s), 1 rotation(s), 3 frame(s) per rotation; preserve registration across the complete family."
111,art/interface/s_goodnecro1.art,ART,D:/OpenArcanum/UIReference/Original/art/interface/0111-s_goodnecro1/p00-r00-f000.png,32,32,no,Magic,spell presentation,multi-frame family,32,32,unknown,unknown,unknown,,Retail art/interface/interface.mes {111}; no literal call-site match (indirect/table-driven use remains possible).; source-name classification only; confirm table-driven call site before implementation.,yes,HDAssets/ui/by-source-id/0111-s_goodnecro1/p00-r00-f000.png,unverified; fixed-size by default,"1 palette(s), 1 rotation(s), 2 frame(s) per rotation; preserve registration across the complete family."
112,art/interface/s_goodnecro2.art,ART,D:/OpenArcanum/UIReference/Original/art/interface/0112-s_goodnecro2/p00-r00-f000.png,32,32,no,Magic,spell presentation,multi-frame family,32,32,unknown,unknown,unknown,,Retail art/interface/interface.mes {112}; no literal call-site match (indirect/table-driven use remains possible).; source-name classification only; confirm table-driven call site before implementation.,yes,HDAssets/ui/by-source-id/0112-s_goodnecro2/p00-r00-f000.png,unverified; fixed-size by default,"1 palette(s), 1 rotation(s), 2 frame(s) per rotation; preserve registration across the complete family."
113,art/interface/s_goodnecro3.art,ART,D:/OpenArcanum/UIReference/Original/art/interface/0113-s_goodnecro3/p00-r00-f000.png,32,32,no,Magic,spell presentation,multi-frame family,32,32,unknown,unknown,unknown,,Retail art/interface/interface.mes {113}; no literal call-site match (indirect/table-driven use remains possible).; source-name classification only; confirm table-driven call site before implementation.,yes,HDAssets/ui/by-source-id/0113-s_goodnecro3/p00-r00-f000.png,unverified; fixed-size by default,"1 palette(s), 1 rotation(s), 2 frame(s) per rotation; preserve registration across the complete family."
114,art/interface/s_goodnecro4.art,ART,D:/OpenArcanum/UIReference/Original/art/interface/0114-s_goodnecro4/p00-r00-f000.png,32,32,no,Magic,spell presentation,multi-frame family,32,32,unknown,unknown,unknown,,Retail art/interface/interface.mes {114}; no literal call-site match (indirect/table-driven use remains possible).; source-name classification only; confirm table-driven call site before implementation.,yes,HDAssets/ui/by-source-id/0114-s_goodnecro4/p00-r00-f000.png,unverified; fixed-size by default,"1 palette(s), 1 rotation(s), 2 frame(s) per rotation; preserve registration across the complete family."
115,art/interface/s_goodnecro5.art,ART,D:/OpenArcanum/UIReference/Original/art/interface/0115-s_goodnecro5/p00-r00-f000.png,32,32,no,Magic,spell presentation,multi-frame family,32,32,unknown,unknown,unknown,,Retail art/interface/interface.mes {115}; no literal call-site match (indirect/table-driven use remains possible).; source-name classification only; confirm table-driven call site before implementation.,yes,HDAssets/ui/by-source-id/0115-s_goodnecro5/p00-r00-f000.png,unverified; fixed-size by default,"1 palette(s), 1 rotation(s), 2 frame(s) per rotation; preserve registration across the complete family."
116,art/interface/s_summoning.art,ART,D:/OpenArcanum/UIReference/Original/art/interface/0116-s_summoning/p00-r00-f000.png,24,24,yes,Magic,spell presentation,multi-frame family,24,24,unknown,unknown,unknown,,Retail art/interface/interface.mes {116}; no literal call-site match (indirect/table-driven use remains possible).; source-name classification only; confirm table-driven call site before implementation.,yes,HDAssets/ui/by-source-id/0116-s_summoning/p00-r00-f000.png,unverified; fixed-size by default,"1 palette(s), 1 rotation(s), 3 frame(s) per rotation; preserve registration across the complete family."
117,art/interface/s_summoning1.art,ART,D:/OpenArcanum/UIReference/Original/art/interface/0117-s_summoning1/p00-r00-f000.png,32,32,no,Magic,spell presentation,multi-frame family,32,32,unknown,unknown,unknown,,Retail art/interface/interface.mes {117}; no literal call-site match (indirect/table-driven use remains possible).; source-name classification only; confirm table-driven call site before implementation.,yes,HDAssets/ui/by-source-id/0117-s_summoning1/p00-r00-f000.png,unverified; fixed-size by default,"1 palette(s), 1 rotation(s), 2 frame(s) per rotation; preserve registration across the complete family."
118,art/interface/s_summoning2.art,ART,D:/OpenArcanum/UIReference/Original/art/interface/0118-s_summoning2/p00-r00-f000.png,32,32,no,Magic,spell presentation,multi-frame family,32,32,unknown,unknown,unknown,,Retail art/interface/interface.mes {118}; no literal call-site match (indirect/table-driven use remains possible).; source-name classification only; confirm table-driven call site before implementation.,yes,HDAssets/ui/by-source-id/0118-s_summoning2/p00-r00-f000.png,unverified; fixed-size by default,"1 palette(s), 1 rotation(s), 2 frame(s) per rotation; preserve registration across the complete family."
119,art/interface/s_summoning3.art,ART,D:/OpenArcanum/UIReference/Original/art/interface/0119-s_summoning3/p00-r00-f000.png,32,32,no,Magic,spell presentation,multi-frame family,32,32,unknown,unknown,unknown,,Retail art/interface/interface.mes {119}; no literal call-site match (indirect/table-driven use remains possible).; source-name classification only; confirm table-driven call site before implementation.,yes,HDAssets/ui/by-source-id/0119-s_summoning3/p00-r00-f000.png,unverified; fixed-size by default,"1 palette(s), 1 rotation(s), 2 frame(s) per rotation; preserve registration across the complete family."
120,art/interface/s_summoning4.art,ART,D:/OpenArcanum/UIReference/Original/art/interface/0120-s_summoning4/p00-r00-f000.png,32,32,no,Magic,spell presentation,multi-frame family,32,32,unknown,unknown,unknown,,Retail art/interface/interface.mes {120}; no literal call-site match (indirect/table-driven use remains possible).; source-name classification only; confirm table-driven call site before implementation.,yes,HDAssets/ui/by-source-id/0120-s_summoning4/p00-r00-f000.png,unverified; fixed-size by default,"1 palette(s), 1 rotation(s), 2 frame(s) per rotation; preserve registration across the complete family."
121,art/interface/s_summoning5.art,ART,D:/OpenArcanum/UIReference/Original/art/interface/0121-s_summoning5/p00-r00-f000.png,32,32,no,Magic,spell presentation,multi-frame family,32,32,unknown,unknown,unknown,,Retail art/interface/interface.mes {121}; no literal call-site match (indirect/table-driven use remains possible).; source-name classification only; confirm table-driven call site before implementation.,yes,HDAssets/ui/by-source-id/0121-s_summoning5/p00-r00-f000.png,unverified; fixed-size by default,"1 palette(s), 1 rotation(s), 2 frame(s) per rotation; preserve registration across the complete family."
122,art/interface/s_temporal.art,ART,D:/OpenArcanum/UIReference/Original/art/interface/0122-s_temporal/p00-r00-f000.png,24,24,yes,Magic,spell presentation,multi-frame family,24,24,unknown,unknown,unknown,,Retail art/interface/interface.mes {122}; no literal call-site match (indirect/table-driven use remains possible).; source-name classification only; confirm table-driven call site before implementation.,yes,HDAssets/ui/by-source-id/0122-s_temporal/p00-r00-f000.png,unverified; fixed-size by default,"1 palette(s), 1 rotation(s), 3 frame(s) per rotation; preserve registration across the complete family."
123,art/interface/s_temporal1.art,ART,D:/OpenArcanum/UIReference/Original/art/interface/0123-s_temporal1/p00-r00-f000.png,32,32,no,Magic,spell presentation,multi-frame family,32,32,unknown,unknown,unknown,,Retail art/interface/interface.mes {123}; no literal call-site match (indirect/table-driven use remains possible).; source-name classification only; confirm table-driven call site before implementation.,yes,HDAssets/ui/by-source-id/0123-s_temporal1/p00-r00-f000.png,unverified; fixed-size by default,"1 palette(s), 1 rotation(s), 2 frame(s) per rotation; preserve registration across the complete family."
124,art/interface/s_temporal2.art,ART,D:/OpenArcanum/UIReference/Original/art/interface/0124-s_temporal2/p00-r00-f000.png,32,32,no,Magic,spell presentation,multi-frame family,32,32,unknown,unknown,unknown,,Retail art/interface/interface.mes {124}; no literal call-site match (indirect/table-driven use remains possible).; source-name classification only; confirm table-driven call site before implementation.,yes,HDAssets/ui/by-source-id/0124-s_temporal2/p00-r00-f000.png,unverified; fixed-size by default,"1 palette(s), 1 rotation(s), 2 frame(s) per rotation; preserve registration across the complete family."
125,art/interface/s_temporal3.art,ART,D:/OpenArcanum/UIReference/Original/art/interface/0125-s_temporal3/p00-r00-f000.png,32,32,no,Magic,spell presentation,multi-frame family,32,32,unknown,unknown,unknown,,Retail art/interface/interface.mes {125}; no literal call-site match (indirect/table-driven use remains possible).; source-name classification only; confirm table-driven call site before implementation.,yes,HDAssets/ui/by-source-id/0125-s_temporal3/p00-r00-f000.png,unverified; fixed-size by default,"1 palette(s), 1 rotation(s), 2 frame(s) per rotation; preserve registration across the complete family."
126,art/interface/s_temporal4.art,ART,D:/OpenArcanum/UIReference/Original/art/interface/0126-s_temporal4/p00-r00-f000.png,32,32,no,Magic,spell presentation,multi-frame family,32,32,unknown,unknown,unknown,,Retail art/interface/interface.mes {126}; no literal call-site match (indirect/table-driven use remains possible).; source-name classification only; confirm table-driven call site before implementation.,yes,HDAssets/ui/by-source-id/0126-s_temporal4/p00-r00-f000.png,unverified; fixed-size by default,"1 palette(s), 1 rotation(s), 2 frame(s) per rotation; preserve registration across the complete family."
127,art/interface/s_temporal5.art,ART,D:/OpenArcanum/UIReference/Original/art/interface/0127-s_temporal5/p00-r00-f000.png,32,32,no,Magic,spell presentation,multi-frame family,32,32,unknown,unknown,unknown,,Retail art/interface/interface.mes {127}; no literal call-site match (indirect/table-driven use remains possible).; source-name classification only; confirm table-driven call site before implementation.,yes,HDAssets/ui/by-source-id/0127-s_temporal5/p00-r00-f000.png,unverified; fixed-size by default,"1 palette(s), 1 rotation(s), 2 frame(s) per rotation; preserve registration across the complete family."
128,art/interface/skill_ro.art,ART,D:/OpenArcanum/UIReference/Original/art/interface/0128-skill_ro/p00-r00-f000.png,410,105,yes,Skills,skill presentation,other,410,105,unknown,unknown,unknown,,Retail art/interface/interface.mes {128}; no literal call-site match (indirect/table-driven use remains possible).; source-name classification only; confirm table-driven call site before implementation.,yes,HDAssets/ui/by-source-id/0128-skill_ro/p00-r00-f000.png,unverified; fixed-size by default,"1 palette(s), one static frame."
129,art/interface/tech_sk_small.art,ART,D:/OpenArcanum/UIReference/Original/art/interface/0129-tech_sk_small/p00-r00-f000.png,16,16,no,Technology,technology presentation,multi-frame family,16,16,unknown,unknown,unknown,,Retail art/interface/interface.mes {129}; no literal call-site match (indirect/table-driven use remains possible).; source-name classification only; confirm table-driven call site before implementation.,yes,HDAssets/ui/by-source-id/0129-tech_sk_small/p00-r00-f000.png,unverified; fixed-size by default,"1 palette(s), 1 rotation(s), 2 frame(s) per rotation; preserve registration across the complete family."
130,art/interface/comm_sk_small.art,ART,D:/OpenArcanum/UIReference/Original/art/interface/0130-comm_sk_small/p00-r00-f000.png,16,16,no,unknown,unknown,multi-frame family,16,16,unknown,unknown,unknown,,Retail art/interface/interface.mes {130}; no literal call-site match (indirect/table-driven use remains possible).,yes,HDAssets/ui/by-source-id/0130-comm_sk_small/p00-r00-f000.png,unverified; fixed-size by default,"1 palette(s), 1 rotation(s), 2 frame(s) per rotation; preserve registration across the complete family."
131,art/interface/hotkeybk.art,ART,D:/OpenArcanum/UIReference/Original/art/interface/0131-hotkeybk/p00-r00-f000.png,32,32,no,Gameplay HUD,HUD presentation,other,32,32,unknown,unknown,unknown,,Retail art/interface/interface.mes {131}; no literal call-site match (indirect/table-driven use remains possible).; source-name classification only; confirm table-driven call site before implementation.,yes,HDAssets/ui/by-source-id/0131-hotkeybk/p00-r00-f000.png,unverified; fixed-size by default,"1 palette(s), one static frame."
132,art/interface/empty.art,ART,D:/OpenArcanum/UIReference/Original/art/interface/0132-empty/p00-r00-f000.png,48,48,yes,unknown,unknown,other,48,48,unknown,unknown,unknown,,Retail art/interface/interface.mes {132}; no literal call-site match (indirect/table-driven use remains possible).,yes,HDAssets/ui/by-source-id/0132-empty/p00-r00-f000.png,unverified; fixed-size by default,"1 palette(s), one static frame."
133,art/interface/intcedit.art,ART,D:/OpenArcanum/UIReference/Original/art/interface/0133-intcedit/p00-r00-f000.png,27,15,no,unknown,unknown,multi-frame family,27,15,unknown,unknown,unknown,,Retail art/interface/interface.mes {133}; no literal call-site match (indirect/table-driven use remains possible).,yes,HDAssets/ui/by-source-id/0133-intcedit/p00-r00-f000.png,unverified; fixed-size by default,"1 palette(s), 1 rotation(s), 2 frame(s) per rotation; preserve registration across the complete family."
134,art/interface/intinven.art,ART,D:/OpenArcanum/UIReference/Original/art/interface/0134-intinven/p00-r00-f000.png,33,15,no,Inventory / Equipment,inventory or equipment presentation,multi-frame family,33,15,unknown,unknown,unknown,,Retail art/interface/interface.mes {134}; no literal call-site match (indirect/table-driven use remains possible).; source-name classification only; confirm table-driven call site before implementation.,yes,HDAssets/ui/by-source-id/0134-intinven/p00-r00-f000.png,unverified; fixed-size by default,"1 palette(s), 1 rotation(s), 2 frame(s) per rotation; preserve registration across the complete family."
135,art/interface/intlog.art,ART,D:/OpenArcanum/UIReference/Original/art/interface/0135-intlog/p00-r00-f000.png,27,15,no,unknown,unknown,multi-frame family,27,15,unknown,unknown,unknown,,Retail art/interface/interface.mes {135}; no literal call-site match (indirect/table-driven use remains possible).,yes,HDAssets/ui/by-source-id/0135-intlog/p00-r00-f000.png,unverified; fixed-size by default,"1 palette(s), 1 rotation(s), 2 frame(s) per rotation; preserve registration across the complete family."
136,art/interface/intmap.art,ART,D:/OpenArcanum/UIReference/Original/art/interface/0136-intmap/p00-r00-f000.png,28,15,no,Local Map,local-map presentation,multi-frame family,28,15,unknown,unknown,unknown,,Retail art/interface/interface.mes {136}; no literal call-site match (indirect/table-driven use remains possible).; source-name classification only; confirm table-driven call site before implementation.,yes,HDAssets/ui/by-source-id/0136-intmap/p00-r00-f000.png,unverified; fixed-size by default,"1 palette(s), 1 rotation(s), 2 frame(s) per rotation; preserve registration across the complete family."
137,art/interface/lilgrnbut.art,ART,D:/OpenArcanum/UIReference/Original/art/interface/0137-lilgrnbut/p00-r00-f000.png,23,23,yes,unknown,unknown,multi-frame family,23,23,unknown,unknown,unknown,,Retail art/interface/interface.mes {137}; no literal call-site match (indirect/table-driven use remains possible).,yes,HDAssets/ui/by-source-id/0137-lilgrnbut/p00-r00-f000.png,unverified; fixed-size by default,"1 palette(s), 1 rotation(s), 2 frame(s) per rotation; preserve registration across the complete family."
138,art/interface/mapmain.art,ART,D:/OpenArcanum/UIReference/Original/art/interface/0138-mapmain/p00-r00-f000.png,800,400,yes,World Map,source-referenced presentation,other,800,400,unknown,unknown,no,,Retail art/interface/interface.mes {138}; arcanum-ce/src/ui/wmap_ui.c:1527,yes,HDAssets/ui/by-source-id/0138-mapmain/p00-r00-f000.png,unverified; fixed-size by default,"1 palette(s), one static frame."
139,art/interface/navbutton.art,ART,D:/OpenArcanum/UIReference/Original/art/interface/0139-navbutton/p00-r00-f000.png,45,45,yes,unknown,unknown,multi-frame family,45,45,unknown,unknown,unknown,,Retail art/interface/interface.mes {139}; no literal call-site match (indirect/table-driven use remains possible).,yes,HDAssets/ui/by-source-id/0139-navbutton/p00-r00-f000.png,unverified; fixed-size by default,"1 palette(s), 1 rotation(s), 2 frame(s) per rotation; preserve registration across the complete family."
140,art/interface/wp_main.art,ART,D:/OpenArcanum/UIReference/Original/art/interface/0140-wp_main/p00-r00-f000.png,130,152,yes,unknown,unknown,other,130,152,unknown,unknown,unknown,,Retail art/interface/interface.mes {140}; no literal call-site match (indirect/table-driven use remains possible).,yes,HDAssets/ui/by-source-id/0140-wp_main/p00-r00-f000.png,unverified; fixed-size by default,"1 palette(s), one static frame."
141,art/interface/mm_chest.art,ART,D:/OpenArcanum/UIReference/Original/art/interface/0141-mm_chest/p00-r00-f000.png,16,18,yes,unknown,unknown,other,16,18,unknown,unknown,unknown,,Retail art/interface/interface.mes {141}; no literal call-site match (indirect/table-driven use remains possible).,yes,HDAssets/ui/by-source-id/0141-mm_chest/p00-r00-f000.png,unverified; fixed-size by default,"1 palette(s), one static frame."
142,art/interface/mm_note.art,ART,D:/OpenArcanum/UIReference/Original/art/interface/0142-mm_note/p00-r00-f000.png,13,17,yes,unknown,unknown,other,13,17,unknown,unknown,unknown,,Retail art/interface/interface.mes {142}; no literal call-site match (indirect/table-driven use remains possible).,yes,HDAssets/ui/by-source-id/0142-mm_note/p00-r00-f000.png,unverified; fixed-size by default,"1 palette(s), one static frame."
143,art/interface/mm_ques.art,ART,D:/OpenArcanum/UIReference/Original/art/interface/0143-mm_ques/p00-r00-f000.png,11,14,yes,unknown,unknown,other,11,14,unknown,unknown,unknown,,Retail art/interface/interface.mes {143}; no literal call-site match (indirect/table-driven use remains possible).,yes,HDAssets/ui/by-source-id/0143-mm_ques/p00-r00-f000.png,unverified; fixed-size by default,"1 palette(s), one static frame."
144,art/interface/mm_skull.art,ART,D:/OpenArcanum/UIReference/Original/art/interface/0144-mm_skull/p00-r00-f000.png,19,18,yes,unknown,unknown,other,19,18,unknown,unknown,unknown,,Retail art/interface/interface.mes {144}; no literal call-site match (indirect/table-driven use remains possible).,yes,HDAssets/ui/by-source-id/0144-mm_skull/p00-r00-f000.png,unverified; fixed-size by default,"1 palette(s), one static frame."
145,art/interface/mmb_chest.art,ART,D:/OpenArcanum/UIReference/Original/art/interface/0145-mmb_chest/p00-r00-f000.png,23,23,yes,unknown,unknown,multi-frame family,23,23,unknown,unknown,unknown,,Retail art/interface/interface.mes {145}; no literal call-site match (indirect/table-driven use remains possible).,yes,HDAssets/ui/by-source-id/0145-mmb_chest/p00-r00-f000.png,unverified; fixed-size by default,"1 palette(s), 1 rotation(s), 2 frame(s) per rotation; preserve registration across the complete family."
146,art/interface/mmb_note.art,ART,D:/OpenArcanum/UIReference/Original/art/interface/0146-mmb_note/p00-r00-f000.png,23,23,yes,unknown,unknown,multi-frame family,23,23,unknown,unknown,unknown,,Retail art/interface/interface.mes {146}; no literal call-site match (indirect/table-driven use remains possible).,yes,HDAssets/ui/by-source-id/0146-mmb_note/p00-r00-f000.png,unverified; fixed-size by default,"1 palette(s), 1 rotation(s), 2 frame(s) per rotation; preserve registration across the complete family."
147,art/interface/mmb_ques.art,ART,D:/OpenArcanum/UIReference/Original/art/interface/0147-mmb_ques/p00-r00-f000.png,23,23,yes,unknown,unknown,multi-frame family,23,23,unknown,unknown,unknown,,Retail art/interface/interface.mes {147}; no literal call-site match (indirect/table-driven use remains possible).,yes,HDAssets/ui/by-source-id/0147-mmb_ques/p00-r00-f000.png,unverified; fixed-size by default,"1 palette(s), 1 rotation(s), 2 frame(s) per rotation; preserve registration across the complete family."
148,art/interface/mmb_skull.art,ART,D:/OpenArcanum/UIReference/Original/art/interface/0148-mmb_skull/p00-r00-f000.png,23,23,yes,unknown,unknown,multi-frame family,23,23,unknown,unknown,unknown,,Retail art/interface/interface.mes {148}; no literal call-site match (indirect/table-driven use remains possible).,yes,HDAssets/ui/by-source-id/0148-mmb_skull/p00-r00-f000.png,unverified; fixed-size by default,"1 palette(s), 1 rotation(s), 2 frame(s) per rotation; preserve registration across the complete family."
149,art/interface/wm_tile_00.art,ART,,unknown,unknown,unknown,World Map,world-map presentation,other,unknown,unknown,unknown,unknown,unknown,,Retail art/interface/interface.mes {149}; no literal call-site match (indirect/table-driven use remains possible).; source-name classification only; confirm table-driven call site before implementation.,yes,HDAssets/ui/by-source-id/0149-wm_tile_00/p00-r00-f000.png,unverified; fixed-size by default,EXPORT ERROR: The interface table target is absent from the mounted retail data.
150,art/interface/wm_tile_01.art,ART,,unknown,unknown,unknown,World Map,world-map presentation,other,unknown,unknown,unknown,unknown,unknown,,Retail art/interface/interface.mes {150}; no literal call-site match (indirect/table-driven use remains possible).; source-name classification only; confirm table-driven call site before implementation.,yes,HDAssets/ui/by-source-id/0150-wm_tile_01/p00-r00-f000.png,unverified; fixed-size by default,EXPORT ERROR: The interface table target is absent from the mounted retail data.
151,art/interface/wm_tile_02.art,ART,,unknown,unknown,unknown,World Map,world-map presentation,other,unknown,unknown,unknown,unknown,unknown,,Retail art/interface/interface.mes {151}; no literal call-site match (indirect/table-driven use remains possible).; source-name classification only; confirm table-driven call site before implementation.,yes,HDAssets/ui/by-source-id/0151-wm_tile_02/p00-r00-f000.png,unverified; fixed-size by default,EXPORT ERROR: The interface table target is absent from the mounted retail data.
152,art/interface/wm_tile_03.art,ART,,unknown,unknown,unknown,World Map,world-map presentation,other,unknown,unknown,unknown,unknown,unknown,,Retail art/interface/interface.mes {152}; no literal call-site match (indirect/table-driven use remains possible).; source-name classification only; confirm table-driven call site before implementation.,yes,HDAssets/ui/by-source-id/0152-wm_tile_03/p00-r00-f000.png,unverified; fixed-size by default,EXPORT ERROR: The interface table target is absent from the mounted retail data.
153,art/interface/wm_tile_04.art,ART,,unknown,unknown,unknown,World Map,world-map presentation,other,unknown,unknown,unknown,unknown,unknown,,Retail art/interface/interface.mes {153}; no literal call-site match (indirect/table-driven use remains possible).; source-name classification only; confirm table-driven call site before implementation.,yes,HDAssets/ui/by-source-id/0153-wm_tile_04/p00-r00-f000.png,unverified; fixed-size by default,EXPORT ERROR: The interface table target is absent from the mounted retail data.
154,art/interface/wm_tile_05.art,ART,,unknown,unknown,unknown,World Map,world-map presentation,other,unknown,unknown,unknown,unknown,unknown,,Retail art/interface/interface.mes {154}; no literal call-site match (indirect/table-driven use remains possible).; source-name classification only; confirm table-driven call site before implementation.,yes,HDAssets/ui/by-source-id/0154-wm_tile_05/p00-r00-f000.png,unverified; fixed-size by default,EXPORT ERROR: The interface table target is absent from the mounted retail data.
155,art/interface/wm_tile_06.art,ART,,unknown,unknown,unknown,World Map,world-map presentation,other,unknown,unknown,unknown,unknown,unknown,,Retail art/interface/interface.mes {155}; no literal call-site match (indirect/table-driven use remains possible).; source-name classification only; confirm table-driven call site before implementation.,yes,HDAssets/ui/by-source-id/0155-wm_tile_06/p00-r00-f000.png,unverified; fixed-size by default,EXPORT ERROR: The interface table target is absent from the mounted retail data.
156,art/interface/wm_tile_07.art,ART,,unknown,unknown,unknown,World Map,world-map presentation,other,unknown,unknown,unknown,unknown,unknown,,Retail art/interface/interface.mes {156}; no literal call-site match (indirect/table-driven use remains possible).; source-name classification only; confirm table-driven call site before implementation.,yes,HDAssets/ui/by-source-id/0156-wm_tile_07/p00-r00-f000.png,unverified; fixed-size by default,EXPORT ERROR: The interface table target is absent from the mounted retail data.
157,art/interface/wm_tile_00_msk.art,ART,,unknown,unknown,unknown,World Map,world-map presentation,other,unknown,unknown,unknown,unknown,unknown,,Retail art/interface/interface.mes {157}; no literal call-site match (indirect/table-driven use remains possible).; source-name classification only; confirm table-driven call site before implementation.,yes,HDAssets/ui/by-source-id/0157-wm_tile_00_msk/p00-r00-f000.png,unverified; fixed-size by default,EXPORT ERROR: The interface table target is absent from the mounted retail data.
158,art/interface/wm_tile_01_msk.art,ART,,unknown,unknown,unknown,World Map,world-map presentation,other,unknown,unknown,unknown,unknown,unknown,,Retail art/interface/interface.mes {158}; no literal call-site match (indirect/table-driven use remains possible).; source-name classification only; confirm table-driven call site before implementation.,yes,HDAssets/ui/by-source-id/0158-wm_tile_01_msk/p00-r00-f000.png,unverified; fixed-size by default,EXPORT ERROR: The interface table target is absent from the mounted retail data.
159,art/interface/wm_tile_02_msk.art,ART,,unknown,unknown,unknown,World Map,world-map presentation,other,unknown,unknown,unknown,unknown,unknown,,Retail art/interface/interface.mes {159}; no literal call-site match (indirect/table-driven use remains possible).; source-name classification only; confirm table-driven call site before implementation.,yes,HDAssets/ui/by-source-id/0159-wm_tile_02_msk/p00-r00-f000.png,unverified; fixed-size by default,EXPORT ERROR: The interface table target is absent from the mounted retail data.
160,art/interface/wm_tile_03_msk.art,ART,,unknown,unknown,unknown,World Map,world-map presentation,other,unknown,unknown,unknown,unknown,unknown,,Retail art/interface/interface.mes {160}; no literal call-site match (indirect/table-driven use remains possible).; source-name classification only; confirm table-driven call site before implementation.,yes,HDAssets/ui/by-source-id/0160-wm_tile_03_msk/p00-r00-f000.png,unverified; fixed-size by default,EXPORT ERROR: The interface table target is absent from the mounted retail data.
161,art/interface/wm_tile_04_msk.art,ART,,unknown,unknown,unknown,World Map,world-map presentation,other,unknown,unknown,unknown,unknown,unknown,,Retail art/interface/interface.mes {161}; no literal call-site match (indirect/table-driven use remains possible).; source-name classification only; confirm table-driven call site before implementation.,yes,HDAssets/ui/by-source-id/0161-wm_tile_04_msk/p00-r00-f000.png,unverified; fixed-size by default,EXPORT ERROR: The interface table target is absent from the mounted retail data.
162,art/interface/wm_tile_05_msk.art,ART,,unknown,unknown,unknown,World Map,world-map presentation,other,unknown,unknown,unknown,unknown,unknown,,Retail art/interface/interface.mes {162}; no literal call-site match (indirect/table-driven use remains possible).; source-name classification only; confirm table-driven call site before implementation.,yes,HDAssets/ui/by-source-id/0162-wm_tile_05_msk/p00-r00-f000.png,unverified; fixed-size by default,EXPORT ERROR: The interface table target is absent from the mounted retail data.
163,art/interface/wm_tile_06_msk.art,ART,,unknown,unknown,unknown,World Map,world-map presentation,other,unknown,unknown,unknown,unknown,unknown,,Retail art/interface/interface.mes {163}; no literal call-site match (indirect/table-driven use remains possible).; source-name classification only; confirm table-driven call site before implementation.,yes,HDAssets/ui/by-source-id/0163-wm_tile_06_msk/p00-r00-f000.png,unverified; fixed-size by default,EXPORT ERROR: The interface table target is absent from the mounted retail data.
164,art/interface/wm_tile_07_msk.art,ART,,unknown,unknown,unknown,World Map,world-map presentation,other,unknown,unknown,unknown,unknown,unknown,,Retail art/interface/interface.mes {164}; no literal call-site match (indirect/table-driven use remains possible).; source-name classification only; confirm table-driven call site before implementation.,yes,HDAssets/ui/by-source-id/0164-wm_tile_07_msk/p00-r00-f000.png,unverified; fixed-size by default,EXPORT ERROR: The interface table target is absent from the mounted retail data.
165,art/interface/amocnt_b.art,ART,D:/OpenArcanum/UIReference/Original/art/interface/0165-amocnt_b/p00-r00-f000.png,90,56,no,unknown,unknown,other,90,56,unknown,unknown,unknown,,Retail art/interface/interface.mes {165}; no literal call-site match (indirect/table-driven use remains possible).,yes,HDAssets/ui/by-source-id/0165-amocnt_b/p00-r00-f000.png,unverified; fixed-size by default,"1 palette(s), one static frame."
167,art/interface/amo_rol.art,ART,D:/OpenArcanum/UIReference/Original/art/interface/0167-amo_rol/p00-r00-f000.png,49,21,no,unknown,unknown,other,49,21,unknown,unknown,unknown,,Retail art/interface/interface.mes {167}; no literal call-site match (indirect/table-driven use remains possible).,yes,HDAssets/ui/by-source-id/0167-amo_rol/p00-r00-f000.png,unverified; fixed-size by default,"1 palette(s), one static frame."
168,art/interface/amo_rolx.art,ART,D:/OpenArcanum/UIReference/Original/art/interface/0168-amo_rolx/p00-r00-f000.png,49,21,no,unknown,unknown,other,49,21,unknown,unknown,unknown,,Retail art/interface/interface.mes {168}; no literal call-site match (indirect/table-driven use remains possible).,yes,HDAssets/ui/by-source-id/0168-amo_rolx/p00-r00-f000.png,unverified; fixed-size by default,"1 palette(s), one static frame."
169,art/interface/char_but.art,ART,D:/OpenArcanum/UIReference/Original/art/interface/0169-char_but/p00-r00-f000.png,34,34,no,Gameplay HUD; Character / Character Creation,character-screen HUD control,multi-frame family,34,34,4,2,yes,,Retail art/interface/interface.mes {169}; arcanum-ce/src/ui/intgame.c source control table; UI-C geometry audit.,yes,HDAssets/ui/by-source-id/0169-char_but/p00-r00-f000.png,no; fixed source control,"UI-C production Character route; normal/hover/pressed family."
170,art/interface/char_on.art,ART,D:/OpenArcanum/UIReference/Original/art/interface/0170-char_on/p00-r00-f000.png,34,34,no,Character / Character Creation,character presentation,other,34,34,unknown,unknown,unknown,,Retail art/interface/interface.mes {170}; no literal call-site match (indirect/table-driven use remains possible).; source-name classification only; confirm table-driven call site before implementation.,yes,HDAssets/ui/by-source-id/0170-char_on/p00-r00-f000.png,unverified; fixed-size by default,"1 palette(s), one static frame."
171,art/interface/cloister18font.art,ART,D:/OpenArcanum/UIReference/Original/art/interface/0171-cloister18font/p00-r00-f000.png,2,18,yes,Character Creation; Gameplay HUD; Inventory / Equipment / Merchant / Loot,inventory presentation,glyph-set,2,18,unknown,unknown,yes,,Retail art/interface/interface.mes {171}; arcanum-ce/src/ui/charedit_ui.c:3498; arcanum-ce/src/ui/intgame.c:1314; arcanum-ce/src/ui/inven_ui.c:442,yes,HDAssets/ui/by-source-id/0171-cloister18font/p00-r00-f000.png,unverified; fixed-size by default,"1 palette(s), 1 rotation(s), 225 frame(s) per rotation; preserve registration across the complete family."
172,art/interface/hkslt0.art,ART,D:/OpenArcanum/UIReference/Original/art/interface/0172-hkslt0/p00-r00-f000.png,32,32,no,Gameplay HUD; Quick Slots,quick-slot presentation,other,32,32,573,445,no,173;174;175;176;177;178;179;180;181,"Retail art/interface/interface.mes {172}; arcanum-ce/src/ui/hotkey_ui.c; UI-C exact slot audit.",yes,HDAssets/ui/by-source-id/0172-hkslt0/p00-r00-f000.png,no; fixed slot,"Production slot 10 background; source ordering wraps 173-181 then 172."
173,art/interface/hkslt1.art,ART,D:/OpenArcanum/UIReference/Original/art/interface/0173-hkslt1/p00-r00-f000.png,32,32,no,Gameplay HUD; Quick Slots,quick-slot presentation,other,32,32,198,445,no,172;174;175;176;177;178;179;180;181,"Retail art/interface/interface.mes {173}; arcanum-ce/src/ui/hotkey_ui.c; UI-C exact slot audit.",yes,HDAssets/ui/by-source-id/0173-hkslt1/p00-r00-f000.png,no; fixed slot,"Production slot 1 background."
174,art/interface/hkslt2.art,ART,D:/OpenArcanum/UIReference/Original/art/interface/0174-hkslt2/p00-r00-f000.png,32,32,no,Gameplay HUD; Quick Slots,quick-slot presentation,other,32,32,237,445,no,172;173;175;176;177;178;179;180;181,"Retail art/interface/interface.mes {174}; arcanum-ce/src/ui/hotkey_ui.c; UI-C exact slot audit.",yes,HDAssets/ui/by-source-id/0174-hkslt2/p00-r00-f000.png,no; fixed slot,"Production slot 2 background."
175,art/interface/hkslt3.art,ART,D:/OpenArcanum/UIReference/Original/art/interface/0175-hkslt3/p00-r00-f000.png,32,32,no,Gameplay HUD; Quick Slots,quick-slot presentation,other,32,32,276,445,no,172;173;174;176;177;178;179;180;181,"Retail art/interface/interface.mes {175}; arcanum-ce/src/ui/hotkey_ui.c; UI-C exact slot audit.",yes,HDAssets/ui/by-source-id/0175-hkslt3/p00-r00-f000.png,no; fixed slot,"Production slot 3 background."
176,art/interface/hkslt4.art,ART,D:/OpenArcanum/UIReference/Original/art/interface/0176-hkslt4/p00-r00-f000.png,32,32,no,Gameplay HUD; Quick Slots,quick-slot presentation,other,32,32,315,445,no,172;173;174;175;177;178;179;180;181,"Retail art/interface/interface.mes {176}; arcanum-ce/src/ui/hotkey_ui.c; UI-C exact slot audit.",yes,HDAssets/ui/by-source-id/0176-hkslt4/p00-r00-f000.png,no; fixed slot,"Production slot 4 background."
177,art/interface/hkslt5.art,ART,D:/OpenArcanum/UIReference/Original/art/interface/0177-hkslt5/p00-r00-f000.png,32,32,no,Gameplay HUD; Quick Slots,quick-slot presentation,other,32,32,354,445,no,172;173;174;175;176;178;179;180;181,"Retail art/interface/interface.mes {177}; arcanum-ce/src/ui/hotkey_ui.c; UI-C exact slot audit.",yes,HDAssets/ui/by-source-id/0177-hkslt5/p00-r00-f000.png,no; fixed slot,"Production slot 5 background."
178,art/interface/hkslt6.art,ART,D:/OpenArcanum/UIReference/Original/art/interface/0178-hkslt6/p00-r00-f000.png,32,32,no,Gameplay HUD; Quick Slots,quick-slot presentation,other,32,32,418,445,no,172;173;174;175;176;177;179;180;181,"Retail art/interface/interface.mes {178}; arcanum-ce/src/ui/hotkey_ui.c; UI-C exact slot audit.",yes,HDAssets/ui/by-source-id/0178-hkslt6/p00-r00-f000.png,no; fixed slot,"Production slot 6 background."
179,art/interface/hkslt7.art,ART,D:/OpenArcanum/UIReference/Original/art/interface/0179-hkslt7/p00-r00-f000.png,32,32,no,Gameplay HUD; Quick Slots,quick-slot presentation,other,32,32,456,445,no,172;173;174;175;176;177;178;180;181,"Retail art/interface/interface.mes {179}; arcanum-ce/src/ui/hotkey_ui.c; UI-C exact slot audit.",yes,HDAssets/ui/by-source-id/0179-hkslt7/p00-r00-f000.png,no; fixed slot,"Production slot 7 background."
180,art/interface/hkslt8.art,ART,D:/OpenArcanum/UIReference/Original/art/interface/0180-hkslt8/p00-r00-f000.png,32,32,no,Gameplay HUD; Quick Slots,quick-slot presentation,other,32,32,495,445,no,172;173;174;175;176;177;178;179;181,"Retail art/interface/interface.mes {180}; arcanum-ce/src/ui/hotkey_ui.c; UI-C exact slot audit.",yes,HDAssets/ui/by-source-id/0180-hkslt8/p00-r00-f000.png,no; fixed slot,"Production slot 8 background."
181,art/interface/hkslt9.art,ART,D:/OpenArcanum/UIReference/Original/art/interface/0181-hkslt9/p00-r00-f000.png,32,32,no,Gameplay HUD; Quick Slots,quick-slot presentation,other,32,32,534,445,no,172;173;174;175;176;177;178;179;180,"Retail art/interface/interface.mes {181}; arcanum-ce/src/ui/hotkey_ui.c; UI-C exact slot audit.",yes,HDAssets/ui/by-source-id/0181-hkslt9/p00-r00-f000.png,no; fixed slot,"Production slot 9 background."
182,art/interface/hktshoff.art,ART,D:/OpenArcanum/UIReference/Original/art/interface/0182-hktshoff/p00-r00-f000.png,14,14,no,unknown,unknown,other,14,14,unknown,unknown,unknown,,Retail art/interface/interface.mes {182}; no literal call-site match (indirect/table-driven use remains possible).,yes,HDAssets/ui/by-source-id/0182-hktshoff/p00-r00-f000.png,unverified; fixed-size by default,"1 palette(s), one static frame."
183,art/interface/hktshon.art,ART,D:/OpenArcanum/UIReference/Original/art/interface/0183-hktshon/p00-r00-f000.png,14,14,no,unknown,unknown,other,14,14,unknown,unknown,unknown,,Retail art/interface/interface.mes {183}; no literal call-site match (indirect/table-driven use remains possible).,yes,HDAssets/ui/by-source-id/0183-hktshon/p00-r00-f000.png,unverified; fixed-size by default,"1 palette(s), one static frame."
184,art/interface/intbotom.art,ART,D:/OpenArcanum/UIReference/Original/art/interface/0184-intbotom/p00-r00-f000.png,800,159,yes,Gameplay HUD; Quick Slots,quick-slot presentation,other,800,159,unknown,unknown,yes,,Retail art/interface/interface.mes {184}; arcanum-ce/src/ui/hotkey_ui.c:178; arcanum-ce/src/ui/intgame.c:1223; arcanum-ce/src/ui/intgame.c:1631; arcanum-ce/src/ui/intgame.c:8012; arcanum-ce/src/ui/intgame.c:8135,yes,HDAssets/ui/by-source-id/0184-intbotom/p00-r00-f000.png,unverified; fixed-size by default,"1 palette(s), one static frame."
185,art/interface/inttop.art,ART,D:/OpenArcanum/UIReference/Original/art/interface/0185-inttop/p00-r00-f000.png,800,41,yes,Gameplay HUD,source-referenced presentation,other,800,41,unknown,unknown,no,,Retail art/interface/interface.mes {185}; arcanum-ce/src/ui/intgame.c:1221; arcanum-ce/src/ui/intgame.c:6072; arcanum-ce/src/ui/intgame.c:8399,yes,HDAssets/ui/by-source-id/0185-inttop/p00-r00-f000.png,unverified; fixed-size by default,"1 palette(s), one static frame."
186,art/interface/invn_but.art,ART,D:/OpenArcanum/UIReference/Original/art/interface/0186-invn_but/p00-r00-f000.png,34,34,no,Gameplay HUD; Inventory / Equipment / Merchant / Loot,inventory-screen HUD control,multi-frame family,34,34,115,2,yes,,Retail art/interface/interface.mes {186}; arcanum-ce/src/ui/intgame.c source control table; UI-C geometry audit.,yes,HDAssets/ui/by-source-id/0186-invn_but/p00-r00-f000.png,no; fixed source control,"UI-C production Inventory route; normal/hover/pressed family."
187,art/interface/log_but.art,ART,D:/OpenArcanum/UIReference/Original/art/interface/0187-log_but/p00-r00-f000.png,34,34,no,Gameplay HUD; Journal / Logbook,journal-screen HUD control,multi-frame family,34,34,41,2,yes,,Retail art/interface/interface.mes {187}; arcanum-ce/src/ui/intgame.c source control table; UI-C geometry audit.,yes,HDAssets/ui/by-source-id/0187-log_but/p00-r00-f000.png,no; fixed source control,"UI-C production Logbook route; normal/hover/pressed family."
188,art/interface/splslt1.art,ART,D:/OpenArcanum/UIReference/Original/art/interface/0188-splslt1/p00-r00-f000.png,32,32,no,Gameplay HUD,source-referenced presentation,other,32,32,unknown,unknown,no,,Retail art/interface/interface.mes {188}; arcanum-ce/src/ui/intgame.c:5955,yes,HDAssets/ui/by-source-id/0188-splslt1/p00-r00-f000.png,unverified; fixed-size by default,"1 palette(s), one static frame."
189,art/interface/splslt2.art,ART,D:/OpenArcanum/UIReference/Original/art/interface/0189-splslt2/p00-r00-f000.png,32,32,no,unknown,unknown,other,32,32,unknown,unknown,unknown,,Retail art/interface/interface.mes {189}; no literal call-site match (indirect/table-driven use remains possible).,yes,HDAssets/ui/by-source-id/0189-splslt2/p00-r00-f000.png,unverified; fixed-size by default,"1 palette(s), one static frame."
190,art/interface/splslt3.art,ART,D:/OpenArcanum/UIReference/Original/art/interface/0190-splslt3/p00-r00-f000.png,32,32,no,unknown,unknown,other,32,32,unknown,unknown,unknown,,Retail art/interface/interface.mes {190}; no literal call-site match (indirect/table-driven use remains possible).,yes,HDAssets/ui/by-source-id/0190-splslt3/p00-r00-f000.png,unverified; fixed-size by default,"1 palette(s), one static frame."
191,art/interface/splslt4.art,ART,D:/OpenArcanum/UIReference/Original/art/interface/0191-splslt4/p00-r00-f000.png,32,32,no,unknown,unknown,other,32,32,unknown,unknown,unknown,,Retail art/interface/interface.mes {191}; no literal call-site match (indirect/table-driven use remains possible).,yes,HDAssets/ui/by-source-id/0191-splslt4/p00-r00-f000.png,unverified; fixed-size by default,"1 palette(s), one static frame."
192,art/interface/splslt5.art,ART,D:/OpenArcanum/UIReference/Original/art/interface/0192-splslt5/p00-r00-f000.png,32,32,no,unknown,unknown,other,32,32,unknown,unknown,unknown,,Retail art/interface/interface.mes {192}; no literal call-site match (indirect/table-driven use remains possible).,yes,HDAssets/ui/by-source-id/0192-splslt5/p00-r00-f000.png,unverified; fixed-size by default,"1 palette(s), one static frame."
193,art/interface/tmap_but.art,ART,D:/OpenArcanum/UIReference/Original/art/interface/0193-tmap_but/p00-r00-f000.png,34,34,no,Gameplay HUD; Local Map,map-screen HUD control,multi-frame family,34,34,78,2,yes,,Retail art/interface/interface.mes {193}; arcanum-ce/src/ui/intgame.c source control table; UI-C geometry audit.,yes,HDAssets/ui/by-source-id/0193-tmap_but/p00-r00-f000.png,no; fixed source control,"UI-C production Map route; normal/hover/pressed family."
194,art/interface/wmap_but.art,ART,D:/OpenArcanum/UIReference/Original/art/interface/0194-wmap_but/p00-r00-f000.png,34,34,no,World Map,world-map presentation,multi-frame family,34,34,unknown,unknown,unknown,,Retail art/interface/interface.mes {194}; no literal call-site match (indirect/table-driven use remains possible).; source-name classification only; confirm table-driven call site before implementation.,yes,HDAssets/ui/by-source-id/0194-wmap_but/p00-r00-f000.png,unverified; fixed-size by default,"1 palette(s), 1 rotation(s), 3 frame(s) per rotation; preserve registration across the complete family."
195,art/interface/wmap_on.art,ART,D:/OpenArcanum/UIReference/Original/art/interface/0195-wmap_on/p00-r00-f000.png,34,34,no,World Map,world-map presentation,multi-frame family,34,34,unknown,unknown,unknown,,Retail art/interface/interface.mes {195}; no literal call-site match (indirect/table-driven use remains possible).; source-name classification only; confirm table-driven call site before implementation.,yes,HDAssets/ui/by-source-id/0195-wmap_on/p00-r00-f000.png,unverified; fixed-size by default,"1 palette(s), 1 rotation(s), 2 frame(s) per rotation; preserve registration across the complete family."
196,art/interface/cmps_bse.art,ART,D:/OpenArcanum/UIReference/Original/art/interface/0196-cmps_bse/p00-r00-f000.png,81,81,no,World Map,source-referenced presentation,other,81,81,unknown,unknown,no,,Retail art/interface/interface.mes {196}; arcanum-ce/src/ui/wmap_ui.c:760,yes,HDAssets/ui/by-source-id/0196-cmps_bse/p00-r00-f000.png,unverified; fixed-size by default,"1 palette(s), one static frame."
197,art/interface/compassn.art,ART,D:/OpenArcanum/UIReference/Original/art/interface/0197-compassn/p00-r00-f000.png,75,73,yes,World Map,source-referenced presentation,multi-frame family,75,73,unknown,unknown,no,,Retail art/interface/interface.mes {197}; arcanum-ce/src/ui/wmap_ui.c:770,yes,HDAssets/ui/by-source-id/0197-compassn/p00-r00-f000.png,unverified; fixed-size by default,"1 palette(s), 1 rotation(s), 16 frame(s) per rotation; preserve registration across the complete family."
198,art/interface/pcwincvr.art,ART,D:/OpenArcanum/UIReference/Original/art/interface/0198-pcwincvr/p00-r00-f000.png,89,89,yes,Journal / Logbook; World Map,source-referenced presentation,other,89,89,unknown,unknown,yes,,Retail art/interface/interface.mes {198}; arcanum-ce/src/ui/logbook_ui.c:640; arcanum-ce/src/ui/wmap_ui.c:1594,yes,HDAssets/ui/by-source-id/0198-pcwincvr/p00-r00-f000.png,unverified; fixed-size by default,"1 palette(s), one static frame."
199,art/interface/wp_cover.art,ART,D:/OpenArcanum/UIReference/Original/art/interface/0199-wp_cover/p00-r00-f000.png,130,152,no,unknown,unknown,other,130,152,unknown,unknown,unknown,,Retail art/interface/interface.mes {199}; no literal call-site match (indirect/table-driven use remains possible).,yes,HDAssets/ui/by-source-id/0199-wp_cover/p00-r00-f000.png,unverified; fixed-size by default,"1 palette(s), one static frame."
200,art/interface/mpwt_rot.art,ART,D:/OpenArcanum/UIReference/Original/art/interface/0200-mpwt_rot/p00-r00-f000.png,410,107,no,unknown,unknown,other,410,107,unknown,unknown,unknown,,Retail art/interface/interface.mes {200}; no literal call-site match (indirect/table-driven use remains possible).,yes,HDAssets/ui/by-source-id/0200-mpwt_rot/p00-r00-f000.png,unverified; fixed-size by default,"1 palette(s), one static frame."
201,art/interface/cler_big.art,ART,D:/OpenArcanum/UIReference/Original/art/interface/0201-cler_big/p00-r00-f000.png,38,37,yes,unknown,unknown,multi-frame family,38,37,unknown,unknown,unknown,,Retail art/interface/interface.mes {201}; no literal call-site match (indirect/table-driven use remains possible).,yes,HDAssets/ui/by-source-id/0201-cler_big/p00-r00-f000.png,unverified; fixed-size by default,"1 palette(s), 1 rotation(s), 3 frame(s) per rotation; preserve registration across the complete family."
202,art/interface/cncl_big.art,ART,D:/OpenArcanum/UIReference/Original/art/interface/0202-cncl_big/p00-r00-f000.png,38,37,yes,unknown,unknown,multi-frame family,38,37,unknown,unknown,unknown,,Retail art/interface/interface.mes {202}; no literal call-site match (indirect/table-driven use remains possible).,yes,HDAssets/ui/by-source-id/0202-cncl_big/p00-r00-f000.png,unverified; fixed-size by default,"1 palette(s), 1 rotation(s), 3 frame(s) per rotation; preserve registration across the complete family."
203,art/interface/done_big.art,ART,D:/OpenArcanum/UIReference/Original/art/interface/0203-done_big/p00-r00-f000.png,38,37,yes,unknown,unknown,multi-frame family,38,37,unknown,unknown,unknown,,Retail art/interface/interface.mes {203}; no literal call-site match (indirect/table-driven use remains possible).,yes,HDAssets/ui/by-source-id/0203-done_big/p00-r00-f000.png,unverified; fixed-size by default,"1 palette(s), 1 rotation(s), 3 frame(s) per rotation; preserve registration across the complete family."
204,art/interface/mm_cross.art,ART,D:/OpenArcanum/UIReference/Original/art/interface/0204-mm_cross/p00-r00-f000.png,11,11,yes,unknown,unknown,multi-frame family,11,11,unknown,unknown,unknown,,Retail art/interface/interface.mes {204}; no literal call-site match (indirect/table-driven use remains possible).,yes,HDAssets/ui/by-source-id/0204-mm_cross/p00-r00-f000.png,unverified; fixed-size by default,"1 palette(s), 1 rotation(s), 2 frame(s) per rotation; preserve registration across the complete family."
205,art/interface/mm_loc.art,ART,D:/OpenArcanum/UIReference/Original/art/interface/0205-mm_loc/p00-r00-f000.png,9,9,yes,unknown,unknown,multi-frame family,9,9,unknown,unknown,unknown,,Retail art/interface/interface.mes {205}; no literal call-site match (indirect/table-driven use remains possible).,yes,HDAssets/ui/by-source-id/0205-mm_loc/p00-r00-f000.png,unverified; fixed-size by default,"1 palette(s), 1 rotation(s), 2 frame(s) per rotation; preserve registration across the complete family."
206,art/interface/mm_wayp.art,ART,D:/OpenArcanum/UIReference/Original/art/interface/0206-mm_wayp/p00-r00-f000.png,9,9,yes,unknown,unknown,multi-frame family,9,9,unknown,unknown,unknown,,Retail art/interface/interface.mes {206}; no literal call-site match (indirect/table-driven use remains possible).,yes,HDAssets/ui/by-source-id/0206-mm_wayp/p00-r00-f000.png,unverified; fixed-size by default,"1 palette(s), 1 rotation(s), 2 frame(s) per rotation; preserve registration across the complete family."
207,art/interface/clk_timestrip.art,ART,D:/OpenArcanum/UIReference/Original/art/interface/0207-clk_timestrip/p00-r00-f000.png,384,29,no,Gameplay HUD,source-referenced presentation,other,384,29,unknown,unknown,no,,Retail art/interface/interface.mes {207}; arcanum-ce/src/ui/intgame.c:1321; arcanum-ce/src/ui/intgame.c:5319,yes,HDAssets/ui/by-source-id/0207-clk_timestrip/p00-r00-f000.png,unverified; fixed-size by default,"1 palette(s), one static frame."
208,art/interface/clk_moon1.art,ART,D:/OpenArcanum/UIReference/Original/art/interface/0208-clk_moon1/p00-r00-f000.png,128,29,no,Gameplay HUD,source-referenced presentation,other,128,29,unknown,unknown,no,,Retail art/interface/interface.mes {208}; arcanum-ce/src/ui/intgame.c:1328; arcanum-ce/src/ui/intgame.c:5336,yes,HDAssets/ui/by-source-id/0208-clk_moon1/p00-r00-f000.png,unverified; fixed-size by default,"1 palette(s), one static frame."
209,art/interface/clk_moon2.art,ART,D:/OpenArcanum/UIReference/Original/art/interface/0209-clk_moon2/p00-r00-f000.png,128,29,no,unknown,unknown,other,128,29,unknown,unknown,unknown,,Retail art/interface/interface.mes {209}; no literal call-site match (indirect/table-driven use remains possible).,yes,HDAssets/ui/by-source-id/0209-clk_moon2/p00-r00-f000.png,unverified; fixed-size by default,"1 palette(s), one static frame."
210,art/interface/clk_moon3.art,ART,D:/OpenArcanum/UIReference/Original/art/interface/0210-clk_moon3/p00-r00-f000.png,128,29,no,unknown,unknown,other,128,29,unknown,unknown,unknown,,Retail art/interface/interface.mes {210}; no literal call-site match (indirect/table-driven use remains possible).,yes,HDAssets/ui/by-source-id/0210-clk_moon3/p00-r00-f000.png,unverified; fixed-size by default,"1 palette(s), one static frame."
211,art/interface/clk_moon4.art,ART,D:/OpenArcanum/UIReference/Original/art/interface/0211-clk_moon4/p00-r00-f000.png,128,29,no,unknown,unknown,other,128,29,unknown,unknown,unknown,,Retail art/interface/interface.mes {211}; no literal call-site match (indirect/table-driven use remains possible).,yes,HDAssets/ui/by-source-id/0211-clk_moon4/p00-r00-f000.png,unverified; fixed-size by default,"1 palette(s), one static frame."
212,art/interface/clk_moon5.art,ART,D:/OpenArcanum/UIReference/Original/art/interface/0212-clk_moon5/p00-r00-f000.png,128,29,no,unknown,unknown,other,128,29,unknown,unknown,unknown,,Retail art/interface/interface.mes {212}; no literal call-site match (indirect/table-driven use remains possible).,yes,HDAssets/ui/by-source-id/0212-clk_moon5/p00-r00-f000.png,unverified; fixed-size by default,"1 palette(s), one static frame."
213,art/interface/clk_moon6.art,ART,D:/OpenArcanum/UIReference/Original/art/interface/0213-clk_moon6/p00-r00-f000.png,128,29,no,unknown,unknown,other,128,29,unknown,unknown,unknown,,Retail art/interface/interface.mes {213}; no literal call-site match (indirect/table-driven use remains possible).,yes,HDAssets/ui/by-source-id/0213-clk_moon6/p00-r00-f000.png,unverified; fixed-size by default,"1 palette(s), one static frame."
214,art/interface/clk_moon7.art,ART,D:/OpenArcanum/UIReference/Original/art/interface/0214-clk_moon7/p00-r00-f000.png,128,29,no,unknown,unknown,other,128,29,unknown,unknown,unknown,,Retail art/interface/interface.mes {214}; no literal call-site match (indirect/table-driven use remains possible).,yes,HDAssets/ui/by-source-id/0214-clk_moon7/p00-r00-f000.png,unverified; fixed-size by default,"1 palette(s), one static frame."
215,art/interface/clk_moon8.art,ART,D:/OpenArcanum/UIReference/Original/art/interface/0215-clk_moon8/p00-r00-f000.png,128,29,no,unknown,unknown,other,128,29,unknown,unknown,unknown,,Retail art/interface/interface.mes {215}; no literal call-site match (indirect/table-driven use remains possible).,yes,HDAssets/ui/by-source-id/0215-clk_moon8/p00-r00-f000.png,unverified; fixed-size by default,"1 palette(s), one static frame."
216,art/interface/timepnts.art,ART,D:/OpenArcanum/UIReference/Original/art/interface/0216-timepnts/p00-r00-f000.png,5,29,yes,Gameplay HUD,source-referenced presentation,other,5,29,unknown,unknown,no,,Retail art/interface/interface.mes {216}; arcanum-ce/src/ui/intgame.c:5371,yes,HDAssets/ui/by-source-id/0216-timepnts/p00-r00-f000.png,unverified; fixed-size by default,"1 palette(s), one static frame."
217,art/interface/nav_cvr.art,ART,D:/OpenArcanum/UIReference/Original/art/interface/0217-nav_cvr/p00-r00-f000.png,207,35,yes,World Map,source-referenced presentation,other,207,35,unknown,unknown,no,,Retail art/interface/interface.mes {217}; arcanum-ce/src/ui/wmap_ui.c:672; arcanum-ce/src/ui/wmap_ui.c:751; arcanum-ce/src/ui/wmap_ui.c:4215,yes,HDAssets/ui/by-source-id/0217-nav_cvr/p00-r00-f000.png,unverified; fixed-size by default,"1 palette(s), one static frame."
218,art/interface/slp_main.art,ART,D:/OpenArcanum/UIReference/Original/art/interface/0218-slp_main/p00-r00-f000.png,800,400,yes,Sleep,sleep presentation,other,800,400,unknown,unknown,unknown,,Retail art/interface/interface.mes {218}; no literal call-site match (indirect/table-driven use remains possible).; source-name classification only; confirm table-driven call site before implementation.,yes,HDAssets/ui/by-source-id/0218-slp_main/p00-r00-f000.png,unverified; fixed-size by default,"1 palette(s), one static frame."
219,art/interface/tmp_day.art,ART,D:/OpenArcanum/UIReference/Original/art/interface/0219-tmp_day/p00-r00-f000.png,501,365,no,unknown,unknown,other,501,365,unknown,unknown,unknown,,Retail art/interface/interface.mes {219}; no literal call-site match (indirect/table-driven use remains possible).,yes,HDAssets/ui/by-source-id/0219-tmp_day/p00-r00-f000.png,unverified; fixed-size by default,"1 palette(s), one static frame."
220,art/interface/tmp_nght.art,ART,D:/OpenArcanum/UIReference/Original/art/interface/0220-tmp_nght/p00-r00-f000.png,501,365,no,unknown,unknown,other,501,365,unknown,unknown,unknown,,Retail art/interface/interface.mes {220}; no literal call-site match (indirect/table-driven use remains possible).,yes,HDAssets/ui/by-source-id/0220-tmp_nght/p00-r00-f000.png,unverified; fixed-size by default,"1 palette(s), one static frame."
221,art/interface/inventor.art,ART,D:/OpenArcanum/UIReference/Original/art/interface/0221-inventor/p00-r00-f000.png,442,400,no,Inventory / Equipment / Merchant / Loot,inventory presentation,other,442,400,unknown,unknown,no,,Retail art/interface/interface.mes {221}; arcanum-ce/src/ui/inven_ui.c:3086,yes,HDAssets/ui/by-source-id/0221-inventor/p00-r00-f000.png,unverified; fixed-size by default,"1 palette(s), one static frame."
222,art/interface/char_pcc.art,ART,D:/OpenArcanum/UIReference/Original/art/interface/0222-char_pcc/p00-r00-f000.png,89,89,yes,Character Creation,source-referenced presentation,other,89,89,unknown,unknown,no,,Retail art/interface/interface.mes {222}; arcanum-ce/src/ui/charedit_ui.c:1108,yes,HDAssets/ui/by-source-id/0222-char_pcc/p00-r00-f000.png,unverified; fixed-size by default,"1 palette(s), one static frame."
223,art/interface/pdoll.art,ART,D:/OpenArcanum/UIReference/Original/art/interface/0223-pdoll/p00-r00-f000.png,358,400,no,unknown,unknown,other,358,400,unknown,unknown,unknown,,Retail art/interface/interface.mes {223}; no literal call-site match (indirect/table-driven use remains possible).,yes,HDAssets/ui/by-source-id/0223-pdoll/p00-r00-f000.png,unverified; fixed-size by default,"1 palette(s), one static frame."
224,art/interface/drop_off.art,ART,D:/OpenArcanum/UIReference/Original/art/interface/0224-drop_off/p00-r00-f000.png,80,43,no,unknown,unknown,other,80,43,unknown,unknown,unknown,,Retail art/interface/interface.mes {224}; no literal call-site match (indirect/table-driven use remains possible).,yes,HDAssets/ui/by-source-id/0224-drop_off/p00-r00-f000.png,unverified; fixed-size by default,"1 palette(s), one static frame."
225,art/interface/drop_on.art,ART,D:/OpenArcanum/UIReference/Original/art/interface/0225-drop_on/p00-r00-f000.png,80,43,no,unknown,unknown,other,80,43,unknown,unknown,unknown,,Retail art/interface/interface.mes {225}; no literal call-site match (indirect/table-driven use remains possible).,yes,HDAssets/ui/by-source-id/0225-drop_on/p00-r00-f000.png,unverified; fixed-size by default,"1 palette(s), one static frame."
226,art/interface/arialb12font.art,ART,D:/OpenArcanum/UIReference/Original/art/interface/0226-arialb12font/p00-r00-f000.png,1,14,yes,Common / Typography,bitmap font or glyph set,glyph-set,1,14,unknown,unknown,unknown,,Retail art/interface/interface.mes {226}; no literal call-site match (indirect/table-driven use remains possible).; source-name classification only; confirm table-driven call site before implementation.,yes,HDAssets/ui/by-source-id/0226-arialb12font/p00-r00-f000.png,unverified; fixed-size by default,"1 palette(s), 1 rotation(s), 225 frame(s) per rotation; preserve registration across the complete family."
227,art/interface/comic12font.art,ART,D:/OpenArcanum/UIReference/Original/art/interface/0227-comic12font/p00-r00-f000.png,1,16,yes,Common / Typography,bitmap font or glyph set,glyph-set,1,16,unknown,unknown,unknown,,Retail art/interface/interface.mes {227}; no literal call-site match (indirect/table-driven use remains possible).; source-name classification only; confirm table-driven call site before implementation.,yes,HDAssets/ui/by-source-id/0227-comic12font/p00-r00-f000.png,unverified; fixed-size by default,"1 palette(s), 1 rotation(s), 225 frame(s) per rotation; preserve registration across the complete family."
228,art/interface/elga12font.art,ART,D:/OpenArcanum/UIReference/Original/art/interface/0228-elga12font/p00-r00-f000.png,2,13,yes,Common / Typography,bitmap font or glyph set,glyph-set,2,13,unknown,unknown,unknown,,Retail art/interface/interface.mes {228}; no literal call-site match (indirect/table-driven use remains possible).; source-name classification only; confirm table-driven call site before implementation.,yes,HDAssets/ui/by-source-id/0228-elga12font/p00-r00-f000.png,unverified; fixed-size by default,"1 palette(s), 1 rotation(s), 225 frame(s) per rotation; preserve registration across the complete family."
229,art/interface/flare12font.art,ART,D:/OpenArcanum/UIReference/Original/art/interface/0229-flare12font/p00-r00-f000.png,2,15,yes,Character / Skills / Magic / Technology; Character Creation; Crafting / Schematics; Fate Points; Gameplay HUD; Inventory / Equipment / Merchant / Loot; Journal / Logbook; Sleep; unknown,inventory presentation,glyph-set,2,15,unknown,unknown,yes,,Retail art/interface/interface.mes {229}; arcanum-ce/src/game/tb.c:231; arcanum-ce/src/game/tc.c:197; arcanum-ce/src/game/tf.c:204; arcanum-ce/src/ui/charedit_ui.c:3528; arcanum-ce/src/ui/charedit_ui.c:3534; arcanum-ce/src/ui/cyclic_ui.c:100; arcanum-ce/src/ui/fate_ui.c:94; arcanum-ce/src/ui/intgame.c:1001; +12 additional literal call site(s),yes,HDAssets/ui/by-source-id/0229-flare12font/p00-r00-f000.png,unverified; fixed-size by default,"1 palette(s), 1 rotation(s), 225 frame(s) per rotation; preserve registration across the complete family."
230,art/interface/flare14font.art,ART,D:/OpenArcanum/UIReference/Original/art/interface/0230-flare14font/p00-r00-f000.png,2,16,yes,Gameplay HUD,source-referenced presentation,glyph-set,2,16,unknown,unknown,no,,Retail art/interface/interface.mes {230}; arcanum-ce/src/ui/intgame.c:1019; arcanum-ce/src/ui/intgame.c:1343,yes,HDAssets/ui/by-source-id/0230-flare14font/p00-r00-f000.png,unverified; fixed-size by default,"1 palette(s), 1 rotation(s), 225 frame(s) per rotation; preserve registration across the complete family."
231,art/interface/lns_bart.art,ART,D:/OpenArcanum/UIReference/Original/art/interface/0231-lns_bart/p00-r00-f000.png,89,89,yes,Crafting / Schematics; Written / Inspection,source-referenced presentation,other,89,89,unknown,unknown,yes,,Retail art/interface/interface.mes {231}; arcanum-ce/src/ui/schematic_ui.c:659; arcanum-ce/src/ui/written_ui.c:585,yes,HDAssets/ui/by-source-id/0231-lns_bart/p00-r00-f000.png,unverified; fixed-size by default,"1 palette(s), one static frame."
232,art/interface/lns_loot.art,ART,D:/OpenArcanum/UIReference/Original/art/interface/0232-lns_loot/p00-r00-f000.png,89,89,yes,unknown,unknown,other,89,89,unknown,unknown,unknown,,Retail art/interface/interface.mes {232}; no literal call-site match (indirect/table-driven use remains possible).,yes,HDAssets/ui/by-source-id/0232-lns_loot/p00-r00-f000.png,unverified; fixed-size by default,"1 palette(s), one static frame."
233,art/interface/lns_papr.art,ART,D:/OpenArcanum/UIReference/Original/art/interface/0233-lns_papr/p00-r00-f000.png,89,89,yes,unknown,unknown,other,89,89,unknown,unknown,unknown,,Retail art/interface/interface.mes {233}; no literal call-site match (indirect/table-driven use remains possible).,yes,HDAssets/ui/by-source-id/0233-lns_papr/p00-r00-f000.png,unverified; fixed-size by default,"1 palette(s), one static frame."
234,art/interface/loot.art,ART,D:/OpenArcanum/UIReference/Original/art/interface/0234-loot/p00-r00-f000.png,358,400,yes,unknown,unknown,other,358,400,unknown,unknown,unknown,,Retail art/interface/interface.mes {234}; no literal call-site match (indirect/table-driven use remains possible).,yes,HDAssets/ui/by-source-id/0234-loot/p00-r00-f000.png,unverified; fixed-size by default,"1 palette(s), one static frame."
235,art/interface/barter.art,ART,D:/OpenArcanum/UIReference/Original/art/interface/0235-barter/p00-r00-f000.png,358,400,no,Merchant / Barter,barter presentation,other,358,400,unknown,unknown,unknown,,Retail art/interface/interface.mes {235}; no literal call-site match (indirect/table-driven use remains possible).; source-name classification only; confirm table-driven call site before implementation.,yes,HDAssets/ui/by-source-id/0235-barter/p00-r00-f000.png,unverified; fixed-size by default,"1 palette(s), one static frame."
236,art/interface/scrll_up.art,ART,D:/OpenArcanum/UIReference/Original/art/interface/0236-scrll_up/p00-r00-f000.png,17,18,no,Common,scrollbar component,multi-frame family,17,18,unknown,unknown,unknown,,Retail art/interface/interface.mes {236}; no literal call-site match (indirect/table-driven use remains possible).; source-name classification only; confirm table-driven call site before implementation.,yes,HDAssets/ui/by-source-id/0236-scrll_up/p00-r00-f000.png,unverified; fixed-size by default,"1 palette(s), 1 rotation(s), 2 frame(s) per rotation; preserve registration across the complete family."
237,art/interface/scrll_dwn.art,ART,D:/OpenArcanum/UIReference/Original/art/interface/0237-scrll_dwn/p00-r00-f000.png,17,18,no,Common,scrollbar component,multi-frame family,17,18,unknown,unknown,unknown,,Retail art/interface/interface.mes {237}; no literal call-site match (indirect/table-driven use remains possible).; source-name classification only; confirm table-driven call site before implementation.,yes,HDAssets/ui/by-source-id/0237-scrll_dwn/p00-r00-f000.png,unverified; fixed-size by default,"1 palette(s), 1 rotation(s), 2 frame(s) per rotation; preserve registration across the complete family."
238,art/interface/scrllslidet.art,ART,D:/OpenArcanum/UIReference/Original/art/interface/0238-scrllslidet/p00-r00-f000.png,11,5,yes,Common,scrollbar component,other,11,5,unknown,unknown,unknown,,Retail art/interface/interface.mes {238}; no literal call-site match (indirect/table-driven use remains possible).; source-name classification only; confirm table-driven call site before implementation.,yes,HDAssets/ui/by-source-id/0238-scrllslidet/p00-r00-f000.png,no: source-authentic 11 px tiled scrollbar assembly component,"1 palette(s), one static frame."
239,art/interface/scrllslidem.art,ART,D:/OpenArcanum/UIReference/Original/art/interface/0239-scrllslidem/p00-r00-f000.png,11,5,no,Common,scrollbar component,other,11,5,unknown,unknown,unknown,,Retail art/interface/interface.mes {239}; no literal call-site match (indirect/table-driven use remains possible).; source-name classification only; confirm table-driven call site before implementation.,yes,HDAssets/ui/by-source-id/0239-scrllslidem/p00-r00-f000.png,unverified; fixed-size by default,"1 palette(s), one static frame."
240,art/interface/scrllslideb.art,ART,D:/OpenArcanum/UIReference/Original/art/interface/0240-scrllslideb/p00-r00-f000.png,11,7,yes,Common,scrollbar component,other,11,7,unknown,unknown,unknown,,Retail art/interface/interface.mes {240}; no literal call-site match (indirect/table-driven use remains possible).; source-name classification only; confirm table-driven call site before implementation.,yes,HDAssets/ui/by-source-id/0240-scrllslideb/p00-r00-f000.png,no: source-authentic 11 px tiled scrollbar assembly component,"1 palette(s), one static frame."
241,art/interface/cvr_helmet.art,ART,D:/OpenArcanum/UIReference/Original/art/interface/0241-cvr_helmet/p00-r00-f000.png,62,64,yes,Inventory / Equipment,inventory or equipment presentation,other,62,64,unknown,unknown,unknown,,Retail art/interface/interface.mes {241}; no literal call-site match (indirect/table-driven use remains possible).; source-name classification only; confirm table-driven call site before implementation.,yes,HDAssets/ui/by-source-id/0241-cvr_helmet/p00-r00-f000.png,unverified; fixed-size by default,"1 palette(s), one static frame."
242,art/interface/cvr_boot.art,ART,D:/OpenArcanum/UIReference/Original/art/interface/0242-cvr_boot/p00-r00-f000.png,64,63,no,Inventory / Equipment,inventory or equipment presentation,other,64,63,unknown,unknown,unknown,,Retail art/interface/interface.mes {242}; no literal call-site match (indirect/table-driven use remains possible).; source-name classification only; confirm table-driven call site before implementation.,yes,HDAssets/ui/by-source-id/0242-cvr_boot/p00-r00-f000.png,unverified; fixed-size by default,"1 palette(s), one static frame."
243,art/interface/cvr_gauntlet.art,ART,D:/OpenArcanum/UIReference/Original/art/interface/0243-cvr_gauntlet/p00-r00-f000.png,63,64,yes,Inventory / Equipment,inventory or equipment presentation,other,63,64,unknown,unknown,unknown,,Retail art/interface/interface.mes {243}; no literal call-site match (indirect/table-driven use remains possible).; source-name classification only; confirm table-driven call site before implementation.,yes,HDAssets/ui/by-source-id/0243-cvr_gauntlet/p00-r00-f000.png,unverified; fixed-size by default,"1 palette(s), one static frame."
244,art/interface/cvr_armor.art,ART,D:/OpenArcanum/UIReference/Original/art/interface/0244-cvr_armor/p00-r00-f000.png,128,160,no,Inventory / Equipment,inventory or equipment presentation,other,128,160,unknown,unknown,unknown,,Retail art/interface/interface.mes {244}; no literal call-site match (indirect/table-driven use remains possible).; source-name classification only; confirm table-driven call site before implementation.,yes,HDAssets/ui/by-source-id/0244-cvr_armor/p00-r00-f000.png,unverified; fixed-size by default,"1 palette(s), one static frame."
245,art/interface/cvr_medalion.art,ART,D:/OpenArcanum/UIReference/Original/art/interface/0245-cvr_medalion/p00-r00-f000.png,64,31,no,Inventory / Equipment,inventory or equipment presentation,other,64,31,unknown,unknown,unknown,,Retail art/interface/interface.mes {245}; no literal call-site match (indirect/table-driven use remains possible).; source-name classification only; confirm table-driven call site before implementation.,yes,HDAssets/ui/by-source-id/0245-cvr_medalion/p00-r00-f000.png,unverified; fixed-size by default,"1 palette(s), one static frame."
246,art/interface/cvr_ring1.art,ART,D:/OpenArcanum/UIReference/Original/art/interface/0246-cvr_ring1/p00-r00-f000.png,32,32,no,Inventory / Equipment,inventory or equipment presentation,other,32,32,unknown,unknown,unknown,,Retail art/interface/interface.mes {246}; no literal call-site match (indirect/table-driven use remains possible).; source-name classification only; confirm table-driven call site before implementation.,yes,HDAssets/ui/by-source-id/0246-cvr_ring1/p00-r00-f000.png,unverified; fixed-size by default,"1 palette(s), one static frame."
247,art/interface/cvr_ring2.art,ART,D:/OpenArcanum/UIReference/Original/art/interface/0247-cvr_ring2/p00-r00-f000.png,32,32,no,Inventory / Equipment,inventory or equipment presentation,other,32,32,unknown,unknown,unknown,,Retail art/interface/interface.mes {247}; no literal call-site match (indirect/table-driven use remains possible).; source-name classification only; confirm table-driven call site before implementation.,yes,HDAssets/ui/by-source-id/0247-cvr_ring2/p00-r00-f000.png,unverified; fixed-size by default,"1 palette(s), one static frame."
248,art/interface/cvr_shield.art,ART,D:/OpenArcanum/UIReference/Original/art/interface/0248-cvr_shield/p00-r00-f000.png,95,127,no,Inventory / Equipment,inventory or equipment presentation,other,95,127,unknown,unknown,unknown,,Retail art/interface/interface.mes {248}; no literal call-site match (indirect/table-driven use remains possible).; source-name classification only; confirm table-driven call site before implementation.,yes,HDAssets/ui/by-source-id/0248-cvr_shield/p00-r00-f000.png,unverified; fixed-size by default,"1 palette(s), one static frame."
249,art/interface/cvr_weapon.art,ART,D:/OpenArcanum/UIReference/Original/art/interface/0249-cvr_weapon/p00-r00-f000.png,96,129,no,Inventory / Equipment,inventory or equipment presentation,other,96,129,unknown,unknown,unknown,,Retail art/interface/interface.mes {249}; no literal call-site match (indirect/table-driven use remains possible).; source-name classification only; confirm table-driven call site before implementation.,yes,HDAssets/ui/by-source-id/0249-cvr_weapon/p00-r00-f000.png,unverified; fixed-size by default,"1 palette(s), one static frame."
250,art/interface/ammo_icon_arrows.art,ART,D:/OpenArcanum/UIReference/Original/art/interface/0250-ammo_icon_arrows/p00-r00-f000.png,37,24,no,Gameplay HUD,HUD presentation,other,37,24,unknown,unknown,unknown,,Retail art/interface/interface.mes {250}; no literal call-site match (indirect/table-driven use remains possible).; source-name classification only; confirm table-driven call site before implementation.,yes,HDAssets/ui/by-source-id/0250-ammo_icon_arrows/p00-r00-f000.png,unverified; fixed-size by default,"1 palette(s), one static frame."
251,art/interface/ammo_icon_bullets.art,ART,D:/OpenArcanum/UIReference/Original/art/interface/0251-ammo_icon_bullets/p00-r00-f000.png,37,24,no,Gameplay HUD,ammunition indicator,other,37,24,61,509,no,,Retail art/interface/interface.mes {251}; UI-C source geometry and production M8I ammunition projection.,yes,HDAssets/ui/by-source-id/0251-ammo_icon_bullets/p00-r00-f000.png,no; fixed icon,"UI-C bounded supported ammunition icon; hidden when authoritative quantity is zero."
252,art/interface/ammo_icon_charges.art,ART,D:/OpenArcanum/UIReference/Original/art/interface/0252-ammo_icon_charges/p00-r00-f000.png,37,24,no,Character / Character Creation,character presentation,other,37,24,unknown,unknown,unknown,,Retail art/interface/interface.mes {252}; no literal call-site match (indirect/table-driven use remains possible).; source-name classification only; confirm table-driven call site before implementation.,yes,HDAssets/ui/by-source-id/0252-ammo_icon_charges/p00-r00-f000.png,unverified; fixed-size by default,"1 palette(s), one static frame."
253,art/interface/ammo_icon_fuel.art,ART,D:/OpenArcanum/UIReference/Original/art/interface/0253-ammo_icon_fuel/p00-r00-f000.png,37,24,no,Gameplay HUD,HUD presentation,other,37,24,unknown,unknown,unknown,,Retail art/interface/interface.mes {253}; no literal call-site match (indirect/table-driven use remains possible).; source-name classification only; confirm table-driven call site before implementation.,yes,HDAssets/ui/by-source-id/0253-ammo_icon_fuel/p00-r00-f000.png,unverified; fixed-size by default,"1 palette(s), one static frame."
254,art/interface/align.art,ART,D:/OpenArcanum/UIReference/Original/art/interface/0254-align/p00-r00-f000.png,27,9,yes,Character Creation,source-referenced presentation,multi-frame family,27,9,unknown,unknown,no,,Retail art/interface/interface.mes {254}; arcanum-ce/src/ui/charedit_ui.c:3604,yes,HDAssets/ui/by-source-id/0254-align/p00-r00-f000.png,unverified; fixed-size by default,"1 palette(s), 1 rotation(s), 21 frame(s) per rotation; preserve registration across the complete family."
255,art/interface/mt_apt.art,ART,D:/OpenArcanum/UIReference/Original/art/interface/0255-mt_apt/p00-r00-f000.png,14,6,yes,Character Creation,source-referenced presentation,other,14,6,unknown,unknown,no,,Retail art/interface/interface.mes {255}; arcanum-ce/src/ui/charedit_ui.c:3624; arcanum-ce/src/ui/charedit_ui.c:3655,yes,HDAssets/ui/by-source-id/0255-mt_apt/p00-r00-f000.png,unverified; fixed-size by default,"1 palette(s), one static frame."
256,art/interface/item_dam.art,ART,D:/OpenArcanum/UIReference/Original/art/interface/0256-item_dam/p00-r00-f000.png,31,31,no,unknown,unknown,multi-frame family,31,31,unknown,unknown,unknown,,Retail art/interface/interface.mes {256}; no literal call-site match (indirect/table-driven use remains possible).,yes,HDAssets/ui/by-source-id/0256-item_dam/p00-r00-f000.png,unverified; fixed-size by default,"1 palette(s), 1 rotation(s), 9 frame(s) per rotation; preserve registration across the complete family."
257,art/interface/sp_minus.art,ART,D:/OpenArcanum/UIReference/Original/art/interface/0257-sp_minus/p00-r00-f000.png,22,13,no,unknown,unknown,multi-frame family,22,13,unknown,unknown,unknown,,Retail art/interface/interface.mes {257}; no literal call-site match (indirect/table-driven use remains possible).,yes,HDAssets/ui/by-source-id/0257-sp_minus/p00-r00-f000.png,unverified; fixed-size by default,"1 palette(s), 1 rotation(s), 2 frame(s) per rotation; preserve registration across the complete family."
258,art/interface/sp_plus.art,ART,D:/OpenArcanum/UIReference/Original/art/interface/0258-sp_plus/p00-r00-f000.png,22,13,no,unknown,unknown,multi-frame family,22,13,unknown,unknown,unknown,,Retail art/interface/interface.mes {258}; no literal call-site match (indirect/table-driven use remains possible).,yes,HDAssets/ui/by-source-id/0258-sp_plus/p00-r00-f000.png,unverified; fixed-size by default,"1 palette(s), 1 rotation(s), 2 frame(s) per rotation; preserve registration across the complete family."
259,art/interface/book_karma.art,ART,D:/OpenArcanum/UIReference/Original/art/interface/0259-book_karma/p00-r00-f000.png,561,355,yes,Journal / Logbook,journal presentation,other,561,355,unknown,unknown,unknown,,Retail art/interface/interface.mes {259}; no literal call-site match (indirect/table-driven use remains possible).; source-name classification only; confirm table-driven call site before implementation.,yes,HDAssets/ui/by-source-id/0259-book_karma/p00-r00-f000.png,unverified; fixed-size by default,"1 palette(s), one static frame."
260,art/interface/book_main.art,ART,D:/OpenArcanum/UIReference/Original/art/interface/0260-book_main/p00-r00-f000.png,635,400,no,Journal / Logbook,source-referenced presentation,other,635,400,unknown,unknown,no,,Retail art/interface/interface.mes {260}; arcanum-ce/src/ui/logbook_ui.c:797; arcanum-ce/src/ui/logbook_ui.c:919,yes,HDAssets/ui/by-source-id/0260-book_main/p00-r00-f000.png,unverified; fixed-size by default,"1 palette(s), one static frame."
261,art/interface/book_quests.art,ART,D:/OpenArcanum/UIReference/Original/art/interface/0261-book_quests/p00-r00-f000.png,561,355,yes,Journal / Logbook,journal presentation,other,561,355,unknown,unknown,unknown,,Retail art/interface/interface.mes {261}; no literal call-site match (indirect/table-driven use remains possible).; source-name classification only; confirm table-driven call site before implementation.,yes,HDAssets/ui/by-source-id/0261-book_quests/p00-r00-f000.png,unverified; fixed-size by default,"1 palette(s), one static frame."
262,art/interface/book_rumors.art,ART,D:/OpenArcanum/UIReference/Original/art/interface/0262-book_rumors/p00-r00-f000.png,561,355,yes,Journal / Logbook,journal presentation,other,561,355,unknown,unknown,unknown,,Retail art/interface/interface.mes {262}; no literal call-site match (indirect/table-driven use remains possible).; source-name classification only; confirm table-driven call site before implementation.,yes,HDAssets/ui/by-source-id/0262-book_rumors/p00-r00-f000.png,unverified; fixed-size by default,"1 palette(s), one static frame."
263,art/interface/book_side.art,ART,D:/OpenArcanum/UIReference/Original/art/interface/0263-book_side/p00-r00-f000.png,165,400,yes,Journal / Logbook,journal presentation,other,165,400,unknown,unknown,unknown,,Retail art/interface/interface.mes {263}; no literal call-site match (indirect/table-driven use remains possible).; source-name classification only; confirm table-driven call site before implementation.,yes,HDAssets/ui/by-source-id/0263-book_side/p00-r00-f000.png,unverified; fixed-size by default,"1 palette(s), one static frame."
264,art/interface/logbooks_side.art,ART,D:/OpenArcanum/UIReference/Original/art/interface/0264-logbooks_side/p00-r00-f000.png,165,400,yes,Journal / Logbook,source-referenced presentation,other,165,400,unknown,unknown,no,,Retail art/interface/interface.mes {264}; arcanum-ce/src/ui/logbook_ui.c:607,yes,HDAssets/ui/by-source-id/0264-logbooks_side/p00-r00-f000.png,unverified; fixed-size by default,"1 palette(s), one static frame."
265,art/interface/tab_note.art,ART,D:/OpenArcanum/UIReference/Original/art/interface/0265-tab_note/p00-r00-f000.png,46,41,yes,unknown,unknown,multi-frame family,46,41,unknown,unknown,unknown,,Retail art/interface/interface.mes {265}; no literal call-site match (indirect/table-driven use remains possible).,yes,HDAssets/ui/by-source-id/0265-tab_note/p00-r00-f000.png,unverified; fixed-size by default,"1 palette(s), 1 rotation(s), 2 frame(s) per rotation; preserve registration across the complete family."
266,art/interface/tab_blesscurse.art,ART,D:/OpenArcanum/UIReference/Original/art/interface/0266-tab_blesscurse/p00-r00-f000.png,46,41,no,unknown,unknown,multi-frame family,46,41,unknown,unknown,unknown,,Retail art/interface/interface.mes {266}; no literal call-site match (indirect/table-driven use remains possible).,yes,HDAssets/ui/by-source-id/0266-tab_blesscurse/p00-r00-f000.png,unverified; fixed-size by default,"1 palette(s), 1 rotation(s), 2 frame(s) per rotation; preserve registration across the complete family."
267,art/interface/tab_quest.art,ART,D:/OpenArcanum/UIReference/Original/art/interface/0267-tab_quest/p00-r00-f000.png,46,41,no,unknown,unknown,multi-frame family,46,41,unknown,unknown,unknown,,Retail art/interface/interface.mes {267}; no literal call-site match (indirect/table-driven use remains possible).,yes,HDAssets/ui/by-source-id/0267-tab_quest/p00-r00-f000.png,unverified; fixed-size by default,"1 palette(s), 1 rotation(s), 2 frame(s) per rotation; preserve registration across the complete family."
268,art/interface/tab_backgrnd.art,ART,D:/OpenArcanum/UIReference/Original/art/interface/0268-tab_backgrnd/p00-r00-f000.png,46,41,no,unknown,unknown,multi-frame family,46,41,unknown,unknown,unknown,,Retail art/interface/interface.mes {268}; no literal call-site match (indirect/table-driven use remains possible).,yes,HDAssets/ui/by-source-id/0268-tab_backgrnd/p00-r00-f000.png,unverified; fixed-size by default,"1 palette(s), 1 rotation(s), 2 frame(s) per rotation; preserve registration across the complete family."
269,art/interface/tab_keys.art,ART,D:/OpenArcanum/UIReference/Original/art/interface/0269-tab_keys/p00-r00-f000.png,46,41,no,unknown,unknown,multi-frame family,46,41,unknown,unknown,unknown,,Retail art/interface/interface.mes {269}; no literal call-site match (indirect/table-driven use remains possible).,yes,HDAssets/ui/by-source-id/0269-tab_keys/p00-r00-f000.png,unverified; fixed-size by default,"1 palette(s), 1 rotation(s), 2 frame(s) per rotation; preserve registration across the complete family."
270,art/interface/tab_egoinjure.art,ART,D:/OpenArcanum/UIReference/Original/art/interface/0270-tab_egoinjure/p00-r00-f000.png,46,41,yes,unknown,unknown,multi-frame family,46,41,unknown,unknown,unknown,,Retail art/interface/interface.mes {270}; no literal call-site match (indirect/table-driven use remains possible).,yes,HDAssets/ui/by-source-id/0270-tab_egoinjure/p00-r00-f000.png,unverified; fixed-size by default,"1 palette(s), 1 rotation(s), 2 frame(s) per rotation; preserve registration across the complete family."
271,art/interface/tab_rep.art,ART,D:/OpenArcanum/UIReference/Original/art/interface/0271-tab_rep/p00-r00-f000.png,46,41,yes,unknown,unknown,multi-frame family,46,41,unknown,unknown,unknown,,Retail art/interface/interface.mes {271}; no literal call-site match (indirect/table-driven use remains possible).,yes,HDAssets/ui/by-source-id/0271-tab_rep/p00-r00-f000.png,unverified; fixed-size by default,"1 palette(s), 1 rotation(s), 2 frame(s) per rotation; preserve registration across the complete family."
272,art/interface/pageturn_l.art,ART,D:/OpenArcanum/UIReference/Original/art/interface/0272-pageturn_l/p00-r00-f000.png,18,22,no,unknown,unknown,multi-frame family,18,22,unknown,unknown,unknown,,Retail art/interface/interface.mes {272}; no literal call-site match (indirect/table-driven use remains possible).,yes,HDAssets/ui/by-source-id/0272-pageturn_l/p00-r00-f000.png,unverified; fixed-size by default,"1 palette(s), 1 rotation(s), 3 frame(s) per rotation; preserve registration across the complete family."
273,art/interface/pageturn_r.art,ART,D:/OpenArcanum/UIReference/Original/art/interface/0273-pageturn_r/p00-r00-f000.png,18,22,no,unknown,unknown,multi-frame family,18,22,unknown,unknown,unknown,,Retail art/interface/interface.mes {273}; no literal call-site match (indirect/table-driven use remains possible).,yes,HDAssets/ui/by-source-id/0273-pageturn_r/p00-r00-f000.png,unverified; fixed-size by default,"1 palette(s), 1 rotation(s), 3 frame(s) per rotation; preserve registration across the complete family."
274,art/interface/skill_rot.art,ART,D:/OpenArcanum/UIReference/Original/art/interface/0274-skill_rot/p00-r00-f000.png,410,107,no,Skills,skill presentation,other,410,107,unknown,unknown,unknown,,Retail art/interface/interface.mes {274}; no literal call-site match (indirect/table-driven use remains possible).; source-name classification only; confirm table-driven call site before implementation.,yes,HDAssets/ui/by-source-id/0274-skill_rot/p00-r00-f000.png,unverified; fixed-size by default,"1 palette(s), one static frame."
275,art/interface/skl_picklock.art,ART,D:/OpenArcanum/UIReference/Original/art/interface/0275-skl_picklock/p00-r00-f000.png,32,32,yes,unknown,unknown,multi-frame family,32,32,unknown,unknown,unknown,,Retail art/interface/interface.mes {275}; no literal call-site match (indirect/table-driven use remains possible).,yes,HDAssets/ui/by-source-id/0275-skl_picklock/p00-r00-f000.png,unverified; fixed-size by default,"1 palette(s), 1 rotation(s), 2 frame(s) per rotation; preserve registration across the complete family."
276,art/interface/skl_heal.art,ART,D:/OpenArcanum/UIReference/Original/art/interface/0276-skl_heal/p00-r00-f000.png,32,32,no,unknown,unknown,multi-frame family,32,32,unknown,unknown,unknown,,Retail art/interface/interface.mes {276}; no literal call-site match (indirect/table-driven use remains possible).,yes,HDAssets/ui/by-source-id/0276-skl_heal/p00-r00-f000.png,unverified; fixed-size by default,"1 palette(s), 1 rotation(s), 2 frame(s) per rotation; preserve registration across the complete family."
277,art/interface/skl_combine.art,ART,D:/OpenArcanum/UIReference/Original/art/interface/0277-skl_combine/p00-r00-f000.png,32,32,no,Crafting / Schematics,crafting presentation,multi-frame family,32,32,unknown,unknown,unknown,,Retail art/interface/interface.mes {277}; no literal call-site match (indirect/table-driven use remains possible).; source-name classification only; confirm table-driven call site before implementation.,yes,HDAssets/ui/by-source-id/0277-skl_combine/p00-r00-f000.png,unverified; fixed-size by default,"1 palette(s), 1 rotation(s), 2 frame(s) per rotation; preserve registration across the complete family."
278,art/interface/skl_repair.art,ART,D:/OpenArcanum/UIReference/Original/art/interface/0278-skl_repair/p00-r00-f000.png,32,32,yes,unknown,unknown,multi-frame family,32,32,unknown,unknown,unknown,,Retail art/interface/interface.mes {278}; no literal call-site match (indirect/table-driven use remains possible).,yes,HDAssets/ui/by-source-id/0278-skl_repair/p00-r00-f000.png,unverified; fixed-size by default,"1 palette(s), 1 rotation(s), 2 frame(s) per rotation; preserve registration across the complete family."
279,art/interface/skl_conceal.art,ART,D:/OpenArcanum/UIReference/Original/art/interface/0279-skl_conceal/p00-r00-f000.png,32,32,yes,unknown,unknown,multi-frame family,32,32,unknown,unknown,unknown,,Retail art/interface/interface.mes {279}; no literal call-site match (indirect/table-driven use remains possible).,yes,HDAssets/ui/by-source-id/0279-skl_conceal/p00-r00-f000.png,unverified; fixed-size by default,"1 palette(s), 1 rotation(s), 2 frame(s) per rotation; preserve registration across the complete family."
280,art/interface/skl_pickpocket.art,ART,D:/OpenArcanum/UIReference/Original/art/interface/0280-skl_pickpocket/p00-r00-f000.png,32,32,yes,unknown,unknown,multi-frame family,32,32,unknown,unknown,unknown,,Retail art/interface/interface.mes {280}; no literal call-site match (indirect/table-driven use remains possible).,yes,HDAssets/ui/by-source-id/0280-skl_pickpocket/p00-r00-f000.png,unverified; fixed-size by default,"1 palette(s), 1 rotation(s), 2 frame(s) per rotation; preserve registration across the complete family."
281,art/interface/skl_silentmove.art,ART,D:/OpenArcanum/UIReference/Original/art/interface/0281-skl_silentmove/p00-r00-f000.png,32,32,yes,unknown,unknown,multi-frame family,32,32,unknown,unknown,unknown,,Retail art/interface/interface.mes {281}; no literal call-site match (indirect/table-driven use remains possible).,yes,HDAssets/ui/by-source-id/0281-skl_silentmove/p00-r00-f000.png,unverified; fixed-size by default,"1 palette(s), 1 rotation(s), 2 frame(s) per rotation; preserve registration across the complete family."
282,art/interface/skl_traps.art,ART,D:/OpenArcanum/UIReference/Original/art/interface/0282-skl_traps/p00-r00-f000.png,32,32,yes,unknown,unknown,multi-frame family,32,32,unknown,unknown,unknown,,Retail art/interface/interface.mes {282}; no literal call-site match (indirect/table-driven use remains possible).,yes,HDAssets/ui/by-source-id/0282-skl_traps/p00-r00-f000.png,unverified; fixed-size by default,"1 palette(s), 1 rotation(s), 2 frame(s) per rotation; preserve registration across the complete family."
283,art/interface/big_grn_l.art,ART,D:/OpenArcanum/UIReference/Original/art/interface/0283-big_grn_l/p00-r00-f000.png,34,33,yes,unknown,unknown,multi-frame family,34,33,unknown,unknown,unknown,,Retail art/interface/interface.mes {283}; no literal call-site match (indirect/table-driven use remains possible).,yes,HDAssets/ui/by-source-id/0283-big_grn_l/p00-r00-f000.png,unverified; fixed-size by default,"1 palette(s), 1 rotation(s), 3 frame(s) per rotation; preserve registration across the complete family."
284,art/interface/big_grn_r.art,ART,D:/OpenArcanum/UIReference/Original/art/interface/0284-big_grn_r/p00-r00-f000.png,34,33,yes,unknown,unknown,multi-frame family,34,33,unknown,unknown,unknown,,Retail art/interface/interface.mes {284}; no literal call-site match (indirect/table-driven use remains possible).,yes,HDAssets/ui/by-source-id/0284-big_grn_r/p00-r00-f000.png,unverified; fixed-size by default,"1 palette(s), 1 rotation(s), 3 frame(s) per rotation; preserve registration across the complete family."
285,art/interface/comb_i1_cov.art,ART,D:/OpenArcanum/UIReference/Original/art/interface/0285-comb_i1_cov/p00-r00-f000.png,96,64,no,unknown,unknown,other,96,64,unknown,unknown,unknown,,Retail art/interface/interface.mes {285}; no literal call-site match (indirect/table-driven use remains possible).,yes,HDAssets/ui/by-source-id/0285-comb_i1_cov/p00-r00-f000.png,unverified; fixed-size by default,"1 palette(s), one static frame."
286,art/interface/comb_i2_cov.art,ART,D:/OpenArcanum/UIReference/Original/art/interface/0286-comb_i2_cov/p00-r00-f000.png,96,64,no,unknown,unknown,other,96,64,unknown,unknown,unknown,,Retail art/interface/interface.mes {286}; no literal call-site match (indirect/table-driven use remains possible).,yes,HDAssets/ui/by-source-id/0286-comb_i2_cov/p00-r00-f000.png,unverified; fixed-size by default,"1 palette(s), one static frame."
287,art/interface/comb_result_cov.art,ART,D:/OpenArcanum/UIReference/Original/art/interface/0287-comb_result_cov/p00-r00-f000.png,96,64,no,unknown,unknown,other,96,64,unknown,unknown,unknown,,Retail art/interface/interface.mes {287}; no literal call-site match (indirect/table-driven use remains possible).,yes,HDAssets/ui/by-source-id/0287-comb_result_cov/p00-r00-f000.png,unverified; fixed-size by default,"1 palette(s), one static frame."
288,art/interface/combine_rot.art,ART,D:/OpenArcanum/UIReference/Original/art/interface/0288-combine_rot/p00-r00-f000.png,410,107,yes,Crafting / Schematics,crafting presentation,other,410,107,unknown,unknown,unknown,,Retail art/interface/interface.mes {288}; no literal call-site match (indirect/table-driven use remains possible).; source-name classification only; confirm table-driven call site before implementation.,yes,HDAssets/ui/by-source-id/0288-combine_rot/p00-r00-f000.png,unverified; fixed-size by default,"1 palette(s), one static frame."
289,art/interface/trap_button.art,ART,D:/OpenArcanum/UIReference/Original/art/interface/0289-trap_button/p00-r00-f000.png,64,64,no,unknown,unknown,multi-frame family,64,64,unknown,unknown,unknown,,Retail art/interface/interface.mes {289}; no literal call-site match (indirect/table-driven use remains possible).,yes,HDAssets/ui/by-source-id/0289-trap_button/p00-r00-f000.png,unverified; fixed-size by default,"1 palette(s), 1 rotation(s), 2 frame(s) per rotation; preserve registration across the complete family."
290,art/interface/trap_rot.art,ART,D:/OpenArcanum/UIReference/Original/art/interface/0290-trap_rot/p00-r00-f000.png,410,107,yes,unknown,unknown,other,410,107,unknown,unknown,unknown,,Retail art/interface/interface.mes {290}; no literal call-site match (indirect/table-driven use remains possible).,yes,HDAssets/ui/by-source-id/0290-trap_rot/p00-r00-f000.png,unverified; fixed-size by default,"1 palette(s), one static frame."
291,art/interface/broadcast_rot.art,ART,D:/OpenArcanum/UIReference/Original/art/interface/0291-broadcast_rot/p00-r00-f000.png,410,107,no,Party,party presentation,other,410,107,unknown,unknown,unknown,,Retail art/interface/interface.mes {291}; no literal call-site match (indirect/table-driven use remains possible).; source-name classification only; confirm table-driven call site before implementation.,yes,HDAssets/ui/by-source-id/0291-broadcast_rot/p00-r00-f000.png,unverified; fixed-size by default,"1 palette(s), one static frame."
292,art/interface/fate_base.art,ART,D:/OpenArcanum/UIReference/Original/art/interface/0292-fate_base/p00-r00-f000.png,250,237,yes,Fate Points,source-referenced presentation,other,250,237,unknown,unknown,no,,Retail art/interface/interface.mes {292}; arcanum-ce/src/ui/fate_ui.c:195,yes,HDAssets/ui/by-source-id/0292-fate_base/p00-r00-f000.png,unverified; fixed-size by default,"1 palette(s), one static frame."
293,art/interface/fatebut.art,ART,D:/OpenArcanum/UIReference/Original/art/interface/0293-fatebut/p00-r00-f000.png,18,13,no,Fate Points,fate presentation,multi-frame family,18,13,unknown,unknown,unknown,,Retail art/interface/interface.mes {293}; no literal call-site match (indirect/table-driven use remains possible).; source-name classification only; confirm table-driven call site before implementation.,yes,HDAssets/ui/by-source-id/0293-fatebut/p00-r00-f000.png,unverified; fixed-size by default,"1 palette(s), 1 rotation(s), 2 frame(s) per rotation; preserve registration across the complete family."
294,art/interface/ap_bar.art,ART,D:/OpenArcanum/UIReference/Original/art/interface/0294-ap_bar/p00-r00-f000.png,356,30,no,Combat HUD,combat presentation,other,356,30,unknown,unknown,no,,Retail art/interface/interface.mes {294}; arcanum-ce/src/ui/combat_ui.c:222; arcanum-ce/src/ui/combat_ui.c:462; arcanum-ce/src/ui/combat_ui.c:565,yes,HDAssets/ui/by-source-id/0294-ap_bar/p00-r00-f000.png,unverified; fixed-size by default,"1 palette(s), one static frame."
295,art/interface/ap_green.art,ART,D:/OpenArcanum/UIReference/Original/art/interface/0295-ap_green/p00-r00-f000.png,11,12,yes,Combat HUD,combat presentation,other,11,12,unknown,unknown,unknown,,Retail art/interface/interface.mes {295}; no literal call-site match (indirect/table-driven use remains possible).; source-name classification only; confirm table-driven call site before implementation.,yes,HDAssets/ui/by-source-id/0295-ap_green/p00-r00-f000.png,unverified; fixed-size by default,"1 palette(s), one static frame."
296,art/interface/ap_orange.art,ART,D:/OpenArcanum/UIReference/Original/art/interface/0296-ap_orange/p00-r00-f000.png,11,12,yes,Combat HUD,combat presentation,other,11,12,unknown,unknown,unknown,,Retail art/interface/interface.mes {296}; no literal call-site match (indirect/table-driven use remains possible).; source-name classification only; confirm table-driven call site before implementation.,yes,HDAssets/ui/by-source-id/0296-ap_orange/p00-r00-f000.png,unverified; fixed-size by default,"1 palette(s), one static frame."
297,art/interface/endturn_but.art,ART,D:/OpenArcanum/UIReference/Original/art/interface/0297-endturn_but/p00-r00-f000.png,31,15,yes,unknown,unknown,multi-frame family,31,15,unknown,unknown,unknown,,Retail art/interface/interface.mes {297}; no literal call-site match (indirect/table-driven use remains possible).,yes,HDAssets/ui/by-source-id/0297-endturn_but/p00-r00-f000.png,unverified; fixed-size by default,"1 palette(s), 1 rotation(s), 3 frame(s) per rotation; preserve registration across the complete family."
298,art/interface/multimove_base.art,ART,D:/OpenArcanum/UIReference/Original/art/interface/0298-multimove_base/p00-r00-f000.png,416,112,no,unknown,unknown,other,416,112,unknown,unknown,unknown,,Retail art/interface/interface.mes {298}; no literal call-site match (indirect/table-driven use remains possible).,yes,HDAssets/ui/by-source-id/0298-multimove_base/p00-r00-f000.png,unverified; fixed-size by default,"1 palette(s), one static frame."
299,art/interface/sm_rightarrow.art,ART,D:/OpenArcanum/UIReference/Original/art/interface/0299-sm_rightarrow/p00-r00-f000.png,23,23,yes,unknown,unknown,multi-frame family,23,23,unknown,unknown,unknown,,Retail art/interface/interface.mes {299}; no literal call-site match (indirect/table-driven use remains possible).,yes,HDAssets/ui/by-source-id/0299-sm_rightarrow/p00-r00-f000.png,unverified; fixed-size by default,"1 palette(s), 1 rotation(s), 3 frame(s) per rotation; preserve registration across the complete family."
300,art/interface/icons17font.art,ART,D:/OpenArcanum/UIReference/Original/art/interface/0300-icons17font/p00-r00-f000.png,1,17,yes,Character Creation; Crafting / Schematics,source-referenced presentation,glyph-set,1,17,unknown,unknown,yes,,Retail art/interface/interface.mes {300}; arcanum-ce/src/ui/charedit_ui.c:3504; arcanum-ce/src/ui/schematic_ui.c:415,yes,HDAssets/ui/by-source-id/0300-icons17font/p00-r00-f000.png,unverified; fixed-size by default,"1 palette(s), 1 rotation(s), 225 frame(s) per rotation; preserve registration across the complete family."
301,art/interface/nick16font.art,ART,D:/OpenArcanum/UIReference/Original/art/interface/0301-nick16font/p00-r00-f000.png,2,21,yes,Character Creation,source-referenced presentation,glyph-set,2,21,unknown,unknown,no,,Retail art/interface/interface.mes {301}; arcanum-ce/src/ui/charedit_ui.c:3510; arcanum-ce/src/ui/charedit_ui.c:3516; arcanum-ce/src/ui/charedit_ui.c:3522,yes,HDAssets/ui/by-source-id/0301-nick16font/p00-r00-f000.png,unverified; fixed-size by default,"1 palette(s), 1 rotation(s), 225 frame(s) per rotation; preserve registration across the complete family."
302,art/interface/combat_but.art,ART,D:/OpenArcanum/UIReference/Original/art/interface/0302-combat_but/p00-r00-f000.png,32,32,yes,Combat HUD,combat presentation,multi-frame family,32,32,unknown,unknown,unknown,,Retail art/interface/interface.mes {302}; no literal call-site match (indirect/table-driven use remains possible).; source-name classification only; confirm table-driven call site before implementation.,yes,HDAssets/ui/by-source-id/0302-combat_but/p00-r00-f000.png,unverified; fixed-size by default,"1 palette(s), 1 rotation(s), 3 frame(s) per rotation; preserve registration across the complete family."
303,art/interface/thieving_but.art,ART,D:/OpenArcanum/UIReference/Original/art/interface/0303-thieving_but/p00-r00-f000.png,33,32,yes,unknown,unknown,multi-frame family,33,32,unknown,unknown,unknown,,Retail art/interface/interface.mes {303}; no literal call-site match (indirect/table-driven use remains possible).,yes,HDAssets/ui/by-source-id/0303-thieving_but/p00-r00-f000.png,unverified; fixed-size by default,"1 palette(s), 1 rotation(s), 3 frame(s) per rotation; preserve registration across the complete family."
304,art/interface/social_but.art,ART,D:/OpenArcanum/UIReference/Original/art/interface/0304-social_but/p00-r00-f000.png,34,32,yes,unknown,unknown,multi-frame family,34,32,unknown,unknown,unknown,,Retail art/interface/interface.mes {304}; no literal call-site match (indirect/table-driven use remains possible).,yes,HDAssets/ui/by-source-id/0304-social_but/p00-r00-f000.png,unverified; fixed-size by default,"1 palette(s), 1 rotation(s), 3 frame(s) per rotation; preserve registration across the complete family."
305,art/interface/technological_but.art,ART,D:/OpenArcanum/UIReference/Original/art/interface/0305-technological_but/p00-r00-f000.png,32,32,yes,Technology,technology presentation,multi-frame family,32,32,unknown,unknown,unknown,,Retail art/interface/interface.mes {305}; no literal call-site match (indirect/table-driven use remains possible).; source-name classification only; confirm table-driven call site before implementation.,yes,HDAssets/ui/by-source-id/0305-technological_but/p00-r00-f000.png,unverified; fixed-size by default,"1 palette(s), 1 rotation(s), 3 frame(s) per rotation; preserve registration across the complete family."
306,art/interface/anatomical_but.art,ART,D:/OpenArcanum/UIReference/Original/art/interface/0306-anatomical_but/p00-r00-f000.png,32,31,yes,Character Creation,source-referenced presentation,multi-frame family,32,31,unknown,unknown,no,,Retail art/interface/interface.mes {306}; arcanum-ce/src/ui/charedit_ui.c:2297,yes,HDAssets/ui/by-source-id/0306-anatomical_but/p00-r00-f000.png,unverified; fixed-size by default,"1 palette(s), 1 rotation(s), 3 frame(s) per rotation; preserve registration across the complete family."
307,art/interface/chemistry_but.art,ART,D:/OpenArcanum/UIReference/Original/art/interface/0307-chemistry_but/p00-r00-f000.png,32,31,yes,unknown,unknown,multi-frame family,32,31,unknown,unknown,unknown,,Retail art/interface/interface.mes {307}; no literal call-site match (indirect/table-driven use remains possible).,yes,HDAssets/ui/by-source-id/0307-chemistry_but/p00-r00-f000.png,unverified; fixed-size by default,"1 palette(s), 1 rotation(s), 3 frame(s) per rotation; preserve registration across the complete family."
308,art/interface/electrical_but.art,ART,D:/OpenArcanum/UIReference/Original/art/interface/0308-electrical_but/p00-r00-f000.png,33,31,yes,unknown,unknown,multi-frame family,33,31,unknown,unknown,unknown,,Retail art/interface/interface.mes {308}; no literal call-site match (indirect/table-driven use remains possible).,yes,HDAssets/ui/by-source-id/0308-electrical_but/p00-r00-f000.png,unverified; fixed-size by default,"1 palette(s), 1 rotation(s), 3 frame(s) per rotation; preserve registration across the complete family."
309,art/interface/explosives_but.art,ART,D:/OpenArcanum/UIReference/Original/art/interface/0309-explosives_but/p00-r00-f000.png,32,31,yes,unknown,unknown,multi-frame family,32,31,unknown,unknown,unknown,,Retail art/interface/interface.mes {309}; no literal call-site match (indirect/table-driven use remains possible).,yes,HDAssets/ui/by-source-id/0309-explosives_but/p00-r00-f000.png,unverified; fixed-size by default,"1 palette(s), 1 rotation(s), 3 frame(s) per rotation; preserve registration across the complete family."
310,art/interface/gunsmithy_but.art,ART,D:/OpenArcanum/UIReference/Original/art/interface/0310-gunsmithy_but/p00-r00-f000.png,32,31,yes,unknown,unknown,multi-frame family,32,31,unknown,unknown,unknown,,Retail art/interface/interface.mes {310}; no literal call-site match (indirect/table-driven use remains possible).,yes,HDAssets/ui/by-source-id/0310-gunsmithy_but/p00-r00-f000.png,unverified; fixed-size by default,"1 palette(s), 1 rotation(s), 3 frame(s) per rotation; preserve registration across the complete family."
311,art/interface/mechanical_but.art,ART,D:/OpenArcanum/UIReference/Original/art/interface/0311-mechanical_but/p00-r00-f000.png,32,31,yes,unknown,unknown,multi-frame family,32,31,unknown,unknown,unknown,,Retail art/interface/interface.mes {311}; no literal call-site match (indirect/table-driven use remains possible).,yes,HDAssets/ui/by-source-id/0311-mechanical_but/p00-r00-f000.png,unverified; fixed-size by default,"1 palette(s), 1 rotation(s), 3 frame(s) per rotation; preserve registration across the complete family."
312,art/interface/smithy_but.art,ART,D:/OpenArcanum/UIReference/Original/art/interface/0312-smithy_but/p00-r00-f000.png,32,31,yes,unknown,unknown,multi-frame family,32,31,unknown,unknown,unknown,,Retail art/interface/interface.mes {312}; no literal call-site match (indirect/table-driven use remains possible).,yes,HDAssets/ui/by-source-id/0312-smithy_but/p00-r00-f000.png,unverified; fixed-size by default,"1 palette(s), 1 rotation(s), 3 frame(s) per rotation; preserve registration across the complete family."
313,art/interface/therapeutics_but.art,ART,D:/OpenArcanum/UIReference/Original/art/interface/0313-therapeutics_but/p00-r00-f000.png,32,31,yes,unknown,unknown,multi-frame family,32,31,unknown,unknown,unknown,,Retail art/interface/interface.mes {313}; no literal call-site match (indirect/table-driven use remains possible).,yes,HDAssets/ui/by-source-id/0313-therapeutics_but/p00-r00-f000.png,unverified; fixed-size by default,"1 palette(s), 1 rotation(s), 3 frame(s) per rotation; preserve registration across the complete family."
314,art/interface/rollertemplate.art,ART,D:/OpenArcanum/UIReference/Original/art/interface/0314-rollertemplate/p00-r00-f000.png,20,20,no,Roller / Confirmation,source-referenced presentation,other,20,20,unknown,unknown,no,,Retail art/interface/interface.mes {314}; arcanum-ce/src/ui/roller_ui.c:127,yes,HDAssets/ui/by-source-id/0314-rollertemplate/p00-r00-f000.png,unverified; fixed-size by default,"1 palette(s), one static frame."
315,art/interface/ap_red.art,ART,D:/OpenArcanum/UIReference/Original/art/interface/0315-ap_red/p00-r00-f000.png,11,12,yes,Combat HUD,combat presentation,other,11,12,unknown,unknown,unknown,,Retail art/interface/interface.mes {315}; no literal call-site match (indirect/table-driven use remains possible).; source-name classification only; confirm table-driven call site before implementation.,yes,HDAssets/ui/by-source-id/0315-ap_red/p00-r00-f000.png,unverified; fixed-size by default,"1 palette(s), one static frame."
316,art/interface/scrllsld_off.art,ART,D:/OpenArcanum/UIReference/Original/art/interface/0316-scrllsld_off/p00-r00-f000.png,13,600,yes,Main Menu / Character Creation / Save / Load / Options,menu or modal presentation,other,13,600,unknown,unknown,no,,Retail art/interface/interface.mes {316}; arcanum-ce/src/ui/mainmenu_ui.c:5686,yes,HDAssets/ui/by-source-id/0316-scrllsld_off/p00-r00-f000.png,unverified; fixed-size by default,"1 palette(s), one static frame."
317,art/interface/scrllup.art,ART,D:/OpenArcanum/UIReference/Original/art/interface/0317-scrllup/p00-r00-f000.png,11,15,yes,Common,scrollbar component,multi-frame family,11,15,unknown,unknown,unknown,,Retail art/interface/interface.mes {317}; no literal call-site match (indirect/table-driven use remains possible).; source-name classification only; confirm table-driven call site before implementation.,yes,HDAssets/ui/by-source-id/0317-scrllup/p00-r00-f000.png,unverified; fixed-size by default,"1 palette(s), 1 rotation(s), 3 frame(s) per rotation; preserve registration across the complete family."
318,art/interface/scrlldwn.art,ART,D:/OpenArcanum/UIReference/Original/art/interface/0318-scrlldwn/p00-r00-f000.png,11,14,yes,Common,scrollbar component,multi-frame family,11,14,unknown,unknown,unknown,,Retail art/interface/interface.mes {318}; no literal call-site match (indirect/table-driven use remains possible).; source-name classification only; confirm table-driven call site before implementation.,yes,HDAssets/ui/by-source-id/0318-scrlldwn/p00-r00-f000.png,unverified; fixed-size by default,"1 palette(s), 1 rotation(s), 3 frame(s) per rotation; preserve registration across the complete family."
319,art/interface/scrllsld_on.art,ART,D:/OpenArcanum/UIReference/Original/art/interface/0319-scrllsld_on/p00-r00-f000.png,13,600,yes,Common,scrollbar component,other,13,600,unknown,unknown,unknown,,Retail art/interface/interface.mes {319}; no literal call-site match (indirect/table-driven use remains possible).; source-name classification only; confirm table-driven call site before implementation.,yes,HDAssets/ui/by-source-id/0319-scrllsld_on/p00-r00-f000.png,unverified; fixed-size by default,"1 palette(s), one static frame."
320,art/interface/choosback.art,ART,D:/OpenArcanum/UIReference/Original/art/interface/0320-choosback/p00-r00-f000.png,129,59,no,unknown,unknown,other,129,59,unknown,unknown,unknown,,Retail art/interface/interface.mes {320}; no literal call-site match (indirect/table-driven use remains possible).,yes,HDAssets/ui/by-source-id/0320-choosback/p00-r00-f000.png,unverified; fixed-size by default,"1 palette(s), one static frame."
321,art/interface/nextbut.art,ART,D:/OpenArcanum/UIReference/Original/art/interface/0321-nextbut/p00-r00-f000.png,61,61,yes,unknown,unknown,multi-frame family,61,61,unknown,unknown,unknown,,Retail art/interface/interface.mes {321}; no literal call-site match (indirect/table-driven use remains possible).,yes,HDAssets/ui/by-source-id/0321-nextbut/p00-r00-f000.png,unverified; fixed-size by default,"1 palette(s), 1 rotation(s), 3 frame(s) per rotation; preserve registration across the complete family."
322,art/interface/charrace_base.art,ART,D:/OpenArcanum/UIReference/Original/art/interface/0322-charrace_base/p00-r00-f000.png,800,400,yes,Character / Character Creation,character presentation,other,800,400,unknown,unknown,unknown,,Retail art/interface/interface.mes {322}; no literal call-site match (indirect/table-driven use remains possible).; source-name classification only; confirm table-driven call site before implementation.,yes,HDAssets/ui/by-source-id/0322-charrace_base/p00-r00-f000.png,unverified; fixed-size by default,"1 palette(s), one static frame."
323,art/interface/backbut.art,ART,D:/OpenArcanum/UIReference/Original/art/interface/0323-backbut/p00-r00-f000.png,61,61,yes,unknown,unknown,multi-frame family,61,61,unknown,unknown,unknown,,Retail art/interface/interface.mes {323}; no literal call-site match (indirect/table-driven use remains possible).,yes,HDAssets/ui/by-source-id/0323-backbut/p00-r00-f000.png,unverified; fixed-size by default,"1 palette(s), 1 rotation(s), 3 frame(s) per rotation; preserve registration across the complete family."
324,art/interface/chooscharrace.art,ART,D:/OpenArcanum/UIReference/Original/art/interface/0324-chooscharrace/p00-r00-f000.png,129,59,no,Character / Character Creation,character presentation,other,129,59,unknown,unknown,unknown,,Retail art/interface/interface.mes {324}; no literal call-site match (indirect/table-driven use remains possible).; source-name classification only; confirm table-driven call site before implementation.,yes,HDAssets/ui/by-source-id/0324-chooscharrace/p00-r00-f000.png,unverified; fixed-size by default,"1 palette(s), one static frame."
325,art/interface/choosportcust.art,ART,D:/OpenArcanum/UIReference/Original/art/interface/0325-choosportcust/p00-r00-f000.png,129,59,no,unknown,unknown,other,129,59,unknown,unknown,unknown,,Retail art/interface/interface.mes {325}; no literal call-site match (indirect/table-driven use remains possible).,yes,HDAssets/ui/by-source-id/0325-choosportcust/p00-r00-f000.png,unverified; fixed-size by default,"1 palette(s), one static frame."
326,art/interface/pgc_donnt.art,ART,,unknown,unknown,unknown,unknown,unknown,other,unknown,unknown,unknown,unknown,unknown,,Retail art/interface/interface.mes {326}; no literal call-site match (indirect/table-driven use remains possible).,yes,HDAssets/ui/by-source-id/0326-pgc_donnt/p00-r00-f000.png,unverified; fixed-size by default,EXPORT ERROR: The interface table target is absent from the mounted retail data.
327,art/interface/morph30font.art,ART,D:/OpenArcanum/UIReference/Original/art/interface/0327-morph30font/p00-r00-f000.png,2,33,yes,Common / Typography,bitmap font or glyph set,glyph-set,2,33,unknown,unknown,no,,Retail art/interface/interface.mes {327}; arcanum-ce/src/ui/iso.c:83; source-name classification only; confirm table-driven call site before implementation.,yes,HDAssets/ui/by-source-id/0327-morph30font/p00-r00-f000.png,unverified; fixed-size by default,"1 palette(s), 1 rotation(s), 225 frame(s) per rotation; preserve registration across the complete family."
328,art/interface/menuplaque.art,ART,D:/OpenArcanum/UIReference/Original/art/interface/0328-menuplaque/p00-r00-f000.png,233,324,no,Main Menu,menu presentation,other,233,324,unknown,unknown,unknown,,Retail art/interface/interface.mes {328}; no literal call-site match (indirect/table-driven use remains possible).; source-name classification only; confirm table-driven call site before implementation.,yes,HDAssets/ui/by-source-id/0328-menuplaque/p00-r00-f000.png,unverified; fixed-size by default,"1 palette(s), one static frame."
329,art/interface/mainmenuback.art,ART,D:/OpenArcanum/UIReference/Original/art/interface/0329-mainmenuback/p00-r00-f000.png,800,600,no,Main Menu,menu presentation,other,800,600,unknown,unknown,unknown,,Retail art/interface/interface.mes {329}; no literal call-site match (indirect/table-driven use remains possible).; source-name classification only; confirm table-driven call site before implementation.,yes,HDAssets/ui/by-source-id/0329-mainmenuback/p00-r00-f000.png,unverified; fixed-size by default,"1 palette(s), one static frame."
330,art/interface/multiplayerback.art,ART,D:/OpenArcanum/UIReference/Original/art/interface/0330-multiplayerback/p00-r00-f000.png,800,600,no,Main Menu,menu presentation,other,800,600,unknown,unknown,unknown,,Retail art/interface/interface.mes {330}; no literal call-site match (indirect/table-driven use remains possible).; source-name classification only; confirm table-driven call site before implementation.,yes,HDAssets/ui/by-source-id/0330-multiplayerback/p00-r00-f000.png,unverified; fixed-size by default,"1 palette(s), one static frame."
331,art/interface/singleplayerback.art,ART,D:/OpenArcanum/UIReference/Original/art/interface/0331-singleplayerback/p00-r00-f000.png,800,600,no,Main Menu,menu presentation,other,800,600,unknown,unknown,unknown,,Retail art/interface/interface.mes {331}; no literal call-site match (indirect/table-driven use remains possible).; source-name classification only; confirm table-driven call site before implementation.,yes,HDAssets/ui/by-source-id/0331-singleplayerback/p00-r00-f000.png,unverified; fixed-size by default,"1 palette(s), one static frame."
332,art/interface/portselect.art,ART,D:/OpenArcanum/UIReference/Original/art/interface/0332-portselect/p00-r00-f000.png,66,66,yes,unknown,unknown,other,66,66,unknown,unknown,unknown,,Retail art/interface/interface.mes {332}; no literal call-site match (indirect/table-driven use remains possible).,yes,HDAssets/ui/by-source-id/0332-portselect/p00-r00-f000.png,unverified; fixed-size by default,"1 palette(s), one static frame."
333,art/interface/portname_base.art,ART,D:/OpenArcanum/UIReference/Original/art/interface/0333-portname_base/p00-r00-f000.png,800,400,yes,unknown,unknown,other,800,400,unknown,unknown,unknown,,Retail art/interface/interface.mes {333}; no literal call-site match (indirect/table-driven use remains possible).,yes,HDAssets/ui/by-source-id/0333-portname_base/p00-r00-f000.png,unverified; fixed-size by default,"1 palette(s), one static frame."
334,art/interface/chargears.art,ART,D:/OpenArcanum/UIReference/Original/art/interface/0334-chargears/p00-r00-f000.png,71,379,yes,Character / Character Creation,character presentation,multi-frame family,71,379,unknown,unknown,unknown,,Retail art/interface/interface.mes {334}; no literal call-site match (indirect/table-driven use remains possible).; source-name classification only; confirm table-driven call site before implementation.,yes,HDAssets/ui/by-source-id/0334-chargears/p00-r00-f000.png,unverified; fixed-size by default,"1 palette(s), 1 rotation(s), 7 frame(s) per rotation; preserve registration across the complete family."
335,art/interface/charcreatebottombar.art,ART,D:/OpenArcanum/UIReference/Original/art/interface/0335-charcreatebottombar/p00-r00-f000.png,800,159,no,Main Menu / Character Creation / Save / Load / Options,menu or modal presentation,other,800,159,unknown,unknown,no,,Retail art/interface/interface.mes {335}; arcanum-ce/src/ui/mainmenu_ui.c:4636,yes,HDAssets/ui/by-source-id/0335-charcreatebottombar/p00-r00-f000.png,unverified; fixed-size by default,"1 palette(s), one static frame."
336,art/interface/charcreatetopbar.art,ART,D:/OpenArcanum/UIReference/Original/art/interface/0336-charcreatetopbar/p00-r00-f000.png,800,41,no,Main Menu / Character Creation / Save / Load / Options,menu or modal presentation,other,800,41,unknown,unknown,no,,Retail art/interface/interface.mes {336}; arcanum-ce/src/ui/mainmenu_ui.c:4677,yes,HDAssets/ui/by-source-id/0336-charcreatetopbar/p00-r00-f000.png,unverified; fixed-size by default,"1 palette(s), one static frame."
337,art/interface/barter_pd.art,ART,D:/OpenArcanum/UIReference/Original/art/interface/0337-barter_pd/p00-r00-f000.png,358,243,yes,Inventory / Equipment / Merchant / Loot,inventory presentation,other,358,243,unknown,unknown,no,,Retail art/interface/interface.mes {337}; arcanum-ce/src/ui/inven_ui.c:3526,yes,HDAssets/ui/by-source-id/0337-barter_pd/p00-r00-f000.png,unverified; fixed-size by default,"1 palette(s), one static frame."
338,art/interface/pd_lil_butt.art,ART,D:/OpenArcanum/UIReference/Original/art/interface/0338-pd_lil_butt/p00-r00-f000.png,28,27,yes,Inventory / Equipment / Merchant / Loot,inventory presentation,multi-frame family,28,27,unknown,unknown,no,,Retail art/interface/interface.mes {338}; arcanum-ce/src/ui/inven_ui.c:869; arcanum-ce/src/ui/inven_ui.c:893,yes,HDAssets/ui/by-source-id/0338-pd_lil_butt/p00-r00-f000.png,unverified; fixed-size by default,"1 palette(s), 1 rotation(s), 2 frame(s) per rotation; preserve registration across the complete family."
339,art/interface/inven_lil_butt.art,ART,D:/OpenArcanum/UIReference/Original/art/interface/0339-inven_lil_butt/p00-r00-f000.png,28,27,yes,Inventory / Equipment / Merchant / Loot,inventory presentation,multi-frame family,28,27,unknown,unknown,no,,Retail art/interface/interface.mes {339}; arcanum-ce/src/ui/inven_ui.c:878; arcanum-ce/src/ui/inven_ui.c:907,yes,HDAssets/ui/by-source-id/0339-inven_lil_butt/p00-r00-f000.png,unverified; fixed-size by default,"1 palette(s), 1 rotation(s), 2 frame(s) per rotation; preserve registration across the complete family."
340,art/interface/tiny_butt.art,ART,D:/OpenArcanum/UIReference/Original/art/interface/0340-tiny_butt/p00-r00-f000.png,28,27,yes,Inventory / Equipment / Merchant / Loot,inventory presentation,multi-frame family,28,27,unknown,unknown,no,,Retail art/interface/interface.mes {340}; arcanum-ce/src/ui/inven_ui.c:736,yes,HDAssets/ui/by-source-id/0340-tiny_butt/p00-r00-f000.png,unverified; fixed-size by default,"1 palette(s), 1 rotation(s), 2 frame(s) per rotation; preserve registration across the complete family."
341,art/interface/pd_cover4inven.art,ART,D:/OpenArcanum/UIReference/Original/art/interface/0341-pd_cover4inven/p00-r00-f000.png,341,400,yes,Inventory / Equipment / Merchant / Loot,inventory presentation,other,341,400,unknown,unknown,no,,Retail art/interface/interface.mes {341}; arcanum-ce/src/ui/inven_ui.c:3107,yes,HDAssets/ui/by-source-id/0341-pd_cover4inven/p00-r00-f000.png,unverified; fixed-size by default,"1 palette(s), one static frame."
342,art/interface/use_box_off.art,ART,D:/OpenArcanum/UIReference/Original/art/interface/0342-use_box_off/p00-r00-f000.png,80,43,no,unknown,unknown,other,80,43,unknown,unknown,unknown,,Retail art/interface/interface.mes {342}; no literal call-site match (indirect/table-driven use remains possible).,yes,HDAssets/ui/by-source-id/0342-use_box_off/p00-r00-f000.png,unverified; fixed-size by default,"1 palette(s), one static frame."
343,art/interface/use_box_on.art,ART,D:/OpenArcanum/UIReference/Original/art/interface/0343-use_box_on/p00-r00-f000.png,80,43,no,unknown,unknown,other,80,43,unknown,unknown,unknown,,Retail art/interface/interface.mes {343}; no literal call-site match (indirect/table-driven use remains possible).,yes,HDAssets/ui/by-source-id/0343-use_box_on/p00-r00-f000.png,unverified; fixed-size by default,"1 palette(s), one static frame."
344,art/interface/gamble_box_on.art,ART,D:/OpenArcanum/UIReference/Original/art/interface/0344-gamble_box_on/p00-r00-f000.png,80,43,no,Merchant / Barter,barter presentation,other,80,43,unknown,unknown,unknown,,Retail art/interface/interface.mes {344}; no literal call-site match (indirect/table-driven use remains possible).; source-name classification only; confirm table-driven call site before implementation.,yes,HDAssets/ui/by-source-id/0344-gamble_box_on/p00-r00-f000.png,unverified; fixed-size by default,"1 palette(s), one static frame."
345,art/interface/gamble_box_off.art,ART,D:/OpenArcanum/UIReference/Original/art/interface/0345-gamble_box_off/p00-r00-f000.png,80,43,no,Merchant / Barter,barter presentation,other,80,43,unknown,unknown,unknown,,Retail art/interface/interface.mes {345}; no literal call-site match (indirect/table-driven use remains possible).; source-name classification only; confirm table-driven call site before implementation.,yes,HDAssets/ui/by-source-id/0345-gamble_box_off/p00-r00-f000.png,unverified; fixed-size by default,"1 palette(s), one static frame."
346,art/interface/gamble_box_ill.art,ART,D:/OpenArcanum/UIReference/Original/art/interface/0346-gamble_box_ill/p00-r00-f000.png,80,43,no,Merchant / Barter,barter presentation,other,80,43,unknown,unknown,unknown,,Retail art/interface/interface.mes {346}; no literal call-site match (indirect/table-driven use remains possible).; source-name classification only; confirm table-driven call site before implementation.,yes,HDAssets/ui/by-source-id/0346-gamble_box_ill/p00-r00-f000.png,unverified; fixed-size by default,"1 palette(s), one static frame."
347,art/interface/use_box_ill.art,ART,D:/OpenArcanum/UIReference/Original/art/interface/0347-use_box_ill/p00-r00-f000.png,80,43,no,unknown,unknown,other,80,43,unknown,unknown,unknown,,Retail art/interface/interface.mes {347}; no literal call-site match (indirect/table-driven use remains possible).,yes,HDAssets/ui/by-source-id/0347-use_box_ill/p00-r00-f000.png,unverified; fixed-size by default,"1 palette(s), one static frame."
348,art/interface/drop_ill.art,ART,D:/OpenArcanum/UIReference/Original/art/interface/0348-drop_ill/p00-r00-f000.png,80,43,no,unknown,unknown,other,80,43,unknown,unknown,unknown,,Retail art/interface/interface.mes {348}; no literal call-site match (indirect/table-driven use remains possible).,yes,HDAssets/ui/by-source-id/0348-drop_ill/p00-r00-f000.png,unverified; fixed-size by default,"1 palette(s), one static frame."
349,art/interface/loot_pd.art,ART,D:/OpenArcanum/UIReference/Original/art/interface/0349-loot_pd/p00-r00-f000.png,358,266,no,Inventory / Equipment / Merchant / Loot,inventory presentation,other,358,266,unknown,unknown,no,,Retail art/interface/interface.mes {349}; arcanum-ce/src/ui/inven_ui.c:3528,yes,HDAssets/ui/by-source-id/0349-loot_pd/p00-r00-f000.png,unverified; fixed-size by default,"1 palette(s), one static frame."
350,art/interface/jmp_iso.art,ART,D:/OpenArcanum/UIReference/Original/art/interface/0350-jmp_iso/p00-r00-f000.png,78,40,yes,unknown,source-referenced presentation,other,78,40,unknown,unknown,no,,Retail art/interface/interface.mes {350}; arcanum-ce/src/game/jumppoint.c:117,yes,HDAssets/ui/by-source-id/0350-jmp_iso/p00-r00-f000.png,unverified; fixed-size by default,"1 palette(s), one static frame."
351,art/interface/jmp_td.art,ART,D:/OpenArcanum/UIReference/Original/art/interface/0351-jmp_td/p00-r00-f000.png,42,42,yes,unknown,source-referenced presentation,other,42,42,unknown,unknown,no,,Retail art/interface/interface.mes {351}; arcanum-ce/src/game/jumppoint.c:118,yes,HDAssets/ui/by-source-id/0351-jmp_td/p00-r00-f000.png,unverified; fixed-size by default,"1 palette(s), one static frame."
352,art/interface/skillcur.art,ART,D:/OpenArcanum/UIReference/Original/art/interface/0352-skillcur/p00-r00-f000.png,26,33,yes,Skills,skill presentation,other,26,33,unknown,unknown,unknown,,Retail art/interface/interface.mes {352}; no literal call-site match (indirect/table-driven use remains possible).; source-name classification only; confirm table-driven call site before implementation.,yes,HDAssets/ui/by-source-id/0352-skillcur/p00-r00-f000.png,unverified; fixed-size by default,"1 palette(s), one static frame."
353,art/interface/battlecur.art,ART,D:/OpenArcanum/UIReference/Original/art/interface/0353-battlecur/p00-r00-f000.png,24,27,yes,unknown,unknown,other,24,27,unknown,unknown,unknown,,Retail art/interface/interface.mes {353}; no literal call-site match (indirect/table-driven use remains possible).,yes,HDAssets/ui/by-source-id/0353-battlecur/p00-r00-f000.png,unverified; fixed-size by default,"1 palette(s), one static frame."
354,art/interface/dialoguewindow.art,ART,D:/OpenArcanum/UIReference/Original/art/interface/0354-dialoguewindow/p00-r00-f000.png,410,107,yes,Gameplay HUD; Dialogue,message/lens presentation,other,410,107,196,492,yes,,Retail art/interface/interface.mes {354}; arcanum-ce/src/ui/intgame.c; UI-C source message rectangle and text clip audit.,yes,HDAssets/ui/by-source-id/0354-dialoguewindow/p00-r00-f000.png,yes: 8 px fixed perimeter; scalable center/edges; provisional minimum 16x16,"UI-C uses fixed retail dimensions; dynamic text clip is 211,503,383,82."
355,art/interface/anatomical_tab.art,ART,D:/OpenArcanum/UIReference/Original/art/interface/0355-anatomical_tab/p00-r00-f000.png,27,40,no,unknown,unknown,multi-frame family,27,40,unknown,unknown,unknown,,Retail art/interface/interface.mes {355}; no literal call-site match (indirect/table-driven use remains possible).,yes,HDAssets/ui/by-source-id/0355-anatomical_tab/p00-r00-f000.png,unverified; fixed-size by default,"1 palette(s), 1 rotation(s), 2 frame(s) per rotation; preserve registration across the complete family."
356,art/interface/chemistry_tab.art,ART,D:/OpenArcanum/UIReference/Original/art/interface/0356-chemistry_tab/p00-r00-f000.png,27,40,no,unknown,unknown,multi-frame family,27,40,unknown,unknown,unknown,,Retail art/interface/interface.mes {356}; no literal call-site match (indirect/table-driven use remains possible).,yes,HDAssets/ui/by-source-id/0356-chemistry_tab/p00-r00-f000.png,unverified; fixed-size by default,"1 palette(s), 1 rotation(s), 2 frame(s) per rotation; preserve registration across the complete family."
357,art/interface/combinebutt.art,ART,D:/OpenArcanum/UIReference/Original/art/interface/0357-combinebutt/p00-r00-f000.png,51,51,yes,Crafting / Schematics,crafting presentation,multi-frame family,51,51,unknown,unknown,unknown,,Retail art/interface/interface.mes {357}; no literal call-site match (indirect/table-driven use remains possible).; source-name classification only; confirm table-driven call site before implementation.,yes,HDAssets/ui/by-source-id/0357-combinebutt/p00-r00-f000.png,unverified; fixed-size by default,"1 palette(s), 1 rotation(s), 2 frame(s) per rotation; preserve registration across the complete family."
358,art/interface/combineindicator1.art,ART,D:/OpenArcanum/UIReference/Original/art/interface/0358-combineindicator1/p00-r00-f000.png,117,22,yes,Crafting / Schematics,crafting presentation,other,117,22,unknown,unknown,unknown,,Retail art/interface/interface.mes {358}; no literal call-site match (indirect/table-driven use remains possible).; source-name classification only; confirm table-driven call site before implementation.,yes,HDAssets/ui/by-source-id/0358-combineindicator1/p00-r00-f000.png,unverified; fixed-size by default,"1 palette(s), one static frame."
359,art/interface/combineindicator2.art,ART,D:/OpenArcanum/UIReference/Original/art/interface/0359-combineindicator2/p00-r00-f000.png,117,22,yes,Crafting / Schematics,crafting presentation,other,117,22,unknown,unknown,unknown,,Retail art/interface/interface.mes {359}; no literal call-site match (indirect/table-driven use remains possible).; source-name classification only; confirm table-driven call site before implementation.,yes,HDAssets/ui/by-source-id/0359-combineindicator2/p00-r00-f000.png,unverified; fixed-size by default,"1 palette(s), one static frame."
360,art/interface/combineindicator3.art,ART,D:/OpenArcanum/UIReference/Original/art/interface/0360-combineindicator3/p00-r00-f000.png,117,22,yes,Crafting / Schematics,crafting presentation,other,117,22,unknown,unknown,unknown,,Retail art/interface/interface.mes {360}; no literal call-site match (indirect/table-driven use remains possible).; source-name classification only; confirm table-driven call site before implementation.,yes,HDAssets/ui/by-source-id/0360-combineindicator3/p00-r00-f000.png,unverified; fixed-size by default,"1 palette(s), one static frame."
361,art/interface/electrical_tab.art,ART,D:/OpenArcanum/UIReference/Original/art/interface/0361-electrical_tab/p00-r00-f000.png,27,40,no,unknown,unknown,multi-frame family,27,40,unknown,unknown,unknown,,Retail art/interface/interface.mes {361}; no literal call-site match (indirect/table-driven use remains possible).,yes,HDAssets/ui/by-source-id/0361-electrical_tab/p00-r00-f000.png,unverified; fixed-size by default,"1 palette(s), 1 rotation(s), 2 frame(s) per rotation; preserve registration across the complete family."
362,art/interface/explosives_tab.art,ART,D:/OpenArcanum/UIReference/Original/art/interface/0362-explosives_tab/p00-r00-f000.png,27,40,no,unknown,unknown,multi-frame family,27,40,unknown,unknown,unknown,,Retail art/interface/interface.mes {362}; no literal call-site match (indirect/table-driven use remains possible).,yes,HDAssets/ui/by-source-id/0362-explosives_tab/p00-r00-f000.png,unverified; fixed-size by default,"1 palette(s), 1 rotation(s), 2 frame(s) per rotation; preserve registration across the complete family."
363,art/interface/gunsmithy_tab.art,ART,D:/OpenArcanum/UIReference/Original/art/interface/0363-gunsmithy_tab/p00-r00-f000.png,27,40,no,unknown,unknown,multi-frame family,27,40,unknown,unknown,unknown,,Retail art/interface/interface.mes {363}; no literal call-site match (indirect/table-driven use remains possible).,yes,HDAssets/ui/by-source-id/0363-gunsmithy_tab/p00-r00-f000.png,unverified; fixed-size by default,"1 palette(s), 1 rotation(s), 2 frame(s) per rotation; preserve registration across the complete family."
364,art/interface/mechanical_tab.art,ART,D:/OpenArcanum/UIReference/Original/art/interface/0364-mechanical_tab/p00-r00-f000.png,27,40,no,unknown,unknown,multi-frame family,27,40,unknown,unknown,unknown,,Retail art/interface/interface.mes {364}; no literal call-site match (indirect/table-driven use remains possible).,yes,HDAssets/ui/by-source-id/0364-mechanical_tab/p00-r00-f000.png,unverified; fixed-size by default,"1 palette(s), 1 rotation(s), 2 frame(s) per rotation; preserve registration across the complete family."
365,art/interface/schematic_base.art,ART,D:/OpenArcanum/UIReference/Original/art/interface/0365-schematic_base/p00-r00-f000.png,800,400,yes,Crafting / Schematics,source-referenced presentation,other,800,400,unknown,unknown,no,,Retail art/interface/interface.mes {365}; arcanum-ce/src/ui/schematic_ui.c:1099,yes,HDAssets/ui/by-source-id/0365-schematic_base/p00-r00-f000.png,unverified; fixed-size by default,"1 palette(s), one static frame."
366,art/interface/schm_mecharacnid.art,ART,D:/OpenArcanum/UIReference/Original/art/interface/0366-schm_mecharacnid/p00-r00-f000.png,295,225,no,Character / Character Creation,character presentation,other,295,225,unknown,unknown,unknown,,Retail art/interface/interface.mes {366}; no literal call-site match (indirect/table-driven use remains possible).; source-name classification only; confirm table-driven call site before implementation.,yes,HDAssets/ui/by-source-id/0366-schm_mecharacnid/p00-r00-f000.png,unverified; fixed-size by default,"1 palette(s), one static frame."
367,art/interface/schm_pc_lens.art,ART,D:/OpenArcanum/UIReference/Original/art/interface/0367-schm_pc_lens/p00-r00-f000.png,89,89,no,unknown,unknown,other,89,89,unknown,unknown,unknown,,Retail art/interface/interface.mes {367}; no literal call-site match (indirect/table-driven use remains possible).,yes,HDAssets/ui/by-source-id/0367-schm_pc_lens/p00-r00-f000.png,unverified; fixed-size by default,"1 palette(s), one static frame."
368,art/interface/smithy_tab.art,ART,D:/OpenArcanum/UIReference/Original/art/interface/0368-smithy_tab/p00-r00-f000.png,27,40,no,unknown,unknown,multi-frame family,27,40,unknown,unknown,unknown,,Retail art/interface/interface.mes {368}; no literal call-site match (indirect/table-driven use remains possible).,yes,HDAssets/ui/by-source-id/0368-smithy_tab/p00-r00-f000.png,unverified; fixed-size by default,"1 palette(s), 1 rotation(s), 2 frame(s) per rotation; preserve registration across the complete family."
369,art/interface/theraputics_tab.art,ART,D:/OpenArcanum/UIReference/Original/art/interface/0369-theraputics_tab/p00-r00-f000.png,27,40,no,unknown,unknown,multi-frame family,27,40,unknown,unknown,unknown,,Retail art/interface/interface.mes {369}; no literal call-site match (indirect/table-driven use remains possible).,yes,HDAssets/ui/by-source-id/0369-theraputics_tab/p00-r00-f000.png,unverified; fixed-size by default,"1 palette(s), 1 rotation(s), 2 frame(s) per rotation; preserve registration across the complete family."
370,art/interface/icons32font.art,ART,D:/OpenArcanum/UIReference/Original/art/interface/0370-icons32font/p00-r00-f000.png,1,32,yes,Crafting / Schematics,source-referenced presentation,glyph-set,1,32,unknown,unknown,no,,Retail art/interface/interface.mes {370}; arcanum-ce/src/ui/schematic_ui.c:421,yes,HDAssets/ui/by-source-id/0370-icons32font/p00-r00-f000.png,unverified; fixed-size by default,"1 palette(s), 1 rotation(s), 225 frame(s) per rotation; preserve registration across the complete family."
371,art/interface/casablancaantique30font.art,ART,D:/OpenArcanum/UIReference/Original/art/interface/0371-casablancaantique30font/p00-r00-f000.png,2,38,yes,Crafting / Schematics,source-referenced presentation,glyph-set,2,38,unknown,unknown,no,,Retail art/interface/interface.mes {371}; arcanum-ce/src/ui/schematic_ui.c:427,yes,HDAssets/ui/by-source-id/0371-casablancaantique30font/p00-r00-f000.png,unverified; fixed-size by default,"1 palette(s), 1 rotation(s), 225 frame(s) per rotation; preserve registration across the complete family."
372,art/interface/schm_larrow.art,ART,D:/OpenArcanum/UIReference/Original/art/interface/0372-schm_larrow/p00-r00-f000.png,18,22,no,unknown,unknown,multi-frame family,18,22,unknown,unknown,unknown,,Retail art/interface/interface.mes {372}; no literal call-site match (indirect/table-driven use remains possible).,yes,HDAssets/ui/by-source-id/0372-schm_larrow/p00-r00-f000.png,unverified; fixed-size by default,"1 palette(s), 1 rotation(s), 3 frame(s) per rotation; preserve registration across the complete family."
373,art/interface/schm_rarrow.art,ART,D:/OpenArcanum/UIReference/Original/art/interface/0373-schm_rarrow/p00-r00-f000.png,18,22,no,unknown,unknown,multi-frame family,18,22,unknown,unknown,unknown,,Retail art/interface/interface.mes {373}; no literal call-site match (indirect/table-driven use remains possible).,yes,HDAssets/ui/by-source-id/0373-schm_rarrow/p00-r00-f000.png,unverified; fixed-size by default,"1 palette(s), 1 rotation(s), 3 frame(s) per rotation; preserve registration across the complete family."
374,art/interface/hover-pc.art,ART,,unknown,unknown,unknown,Common / Cursors,cursor or targeting feedback,other,unknown,unknown,unknown,unknown,unknown,,Retail art/interface/interface.mes {374}; no literal call-site match (indirect/table-driven use remains possible).; source-name classification only; confirm table-driven call site before implementation.,yes,HDAssets/ui/by-source-id/0374-hover-pc/p00-r00-f000.png,unverified; fixed-size by default,EXPORT ERROR: The interface table target is absent from the mounted retail data.
375,art/interface/racehumanicon.art,ART,D:/OpenArcanum/UIReference/Original/art/interface/0375-racehumanicon/p00-r00-f000.png,64,64,no,Character / Character Creation,character presentation,other,64,64,unknown,unknown,unknown,,Retail art/interface/interface.mes {375}; no literal call-site match (indirect/table-driven use remains possible).; source-name classification only; confirm table-driven call site before implementation.,yes,HDAssets/ui/by-source-id/0375-racehumanicon/p00-r00-f000.png,unverified; fixed-size by default,"1 palette(s), one static frame."
376,art/interface/raceelficon.art,ART,D:/OpenArcanum/UIReference/Original/art/interface/0376-raceelficon/p00-r00-f000.png,64,64,no,Character / Character Creation,character presentation,other,64,64,unknown,unknown,unknown,,Retail art/interface/interface.mes {376}; no literal call-site match (indirect/table-driven use remains possible).; source-name classification only; confirm table-driven call site before implementation.,yes,HDAssets/ui/by-source-id/0376-raceelficon/p00-r00-f000.png,unverified; fixed-size by default,"1 palette(s), one static frame."
377,art/interface/racehelficon.art,ART,D:/OpenArcanum/UIReference/Original/art/interface/0377-racehelficon/p00-r00-f000.png,64,64,no,Character / Character Creation,character presentation,other,64,64,unknown,unknown,unknown,,Retail art/interface/interface.mes {377}; no literal call-site match (indirect/table-driven use remains possible).; source-name classification only; confirm table-driven call site before implementation.,yes,HDAssets/ui/by-source-id/0377-racehelficon/p00-r00-f000.png,unverified; fixed-size by default,"1 palette(s), one static frame."
378,art/interface/racedwarficon.art,ART,D:/OpenArcanum/UIReference/Original/art/interface/0378-racedwarficon/p00-r00-f000.png,64,64,no,Character / Character Creation,character presentation,other,64,64,unknown,unknown,unknown,,Retail art/interface/interface.mes {378}; no literal call-site match (indirect/table-driven use remains possible).; source-name classification only; confirm table-driven call site before implementation.,yes,HDAssets/ui/by-source-id/0378-racedwarficon/p00-r00-f000.png,unverified; fixed-size by default,"1 palette(s), one static frame."
379,art/interface/racegnomeicon.art,ART,D:/OpenArcanum/UIReference/Original/art/interface/0379-racegnomeicon/p00-r00-f000.png,64,64,no,Character / Character Creation,character presentation,other,64,64,unknown,unknown,unknown,,Retail art/interface/interface.mes {379}; no literal call-site match (indirect/table-driven use remains possible).; source-name classification only; confirm table-driven call site before implementation.,yes,HDAssets/ui/by-source-id/0379-racegnomeicon/p00-r00-f000.png,unverified; fixed-size by default,"1 palette(s), one static frame."
380,art/interface/racehalflingicon.art,ART,D:/OpenArcanum/UIReference/Original/art/interface/0380-racehalflingicon/p00-r00-f000.png,64,64,no,Character / Character Creation,character presentation,other,64,64,unknown,unknown,unknown,,Retail art/interface/interface.mes {380}; no literal call-site match (indirect/table-driven use remains possible).; source-name classification only; confirm table-driven call site before implementation.,yes,HDAssets/ui/by-source-id/0380-racehalflingicon/p00-r00-f000.png,unverified; fixed-size by default,"1 palette(s), one static frame."
381,art/interface/racehorcicon.art,ART,D:/OpenArcanum/UIReference/Original/art/interface/0381-racehorcicon/p00-r00-f000.png,64,64,no,Character / Character Creation,character presentation,other,64,64,unknown,unknown,unknown,,Retail art/interface/interface.mes {381}; no literal call-site match (indirect/table-driven use remains possible).; source-name classification only; confirm table-driven call site before implementation.,yes,HDAssets/ui/by-source-id/0381-racehorcicon/p00-r00-f000.png,unverified; fixed-size by default,"1 palette(s), one static frame."
382,art/interface/racehogreicon.art,ART,D:/OpenArcanum/UIReference/Original/art/interface/0382-racehogreicon/p00-r00-f000.png,64,64,no,Character / Character Creation,character presentation,other,64,64,unknown,unknown,unknown,,Retail art/interface/interface.mes {382}; no literal call-site match (indirect/table-driven use remains possible).; source-name classification only; confirm table-driven call site before implementation.,yes,HDAssets/ui/by-source-id/0382-racehogreicon/p00-r00-f000.png,unverified; fixed-size by default,"1 palette(s), one static frame."
383,art/interface/monstericon.art,ART,D:/OpenArcanum/UIReference/Original/art/interface/0383-monstericon/p00-r00-f000.png,64,64,no,unknown,unknown,other,64,64,unknown,unknown,unknown,,Retail art/interface/interface.mes {383}; no literal call-site match (indirect/table-driven use remains possible).,yes,HDAssets/ui/by-source-id/0383-monstericon/p00-r00-f000.png,unverified; fixed-size by default,"1 palette(s), one static frame."
384,art/interface/undead.art,ART,D:/OpenArcanum/UIReference/Original/art/interface/0384-undead/p00-r00-f000.png,64,64,no,unknown,unknown,other,64,64,unknown,unknown,unknown,,Retail art/interface/interface.mes {384}; no literal call-site match (indirect/table-driven use remains possible).,yes,HDAssets/ui/by-source-id/0384-undead/p00-r00-f000.png,unverified; fixed-size by default,"1 palette(s), one static frame."
385,art/interface/animalicon.art,ART,D:/OpenArcanum/UIReference/Original/art/interface/0385-animalicon/p00-r00-f000.png,64,64,no,unknown,unknown,other,64,64,unknown,unknown,unknown,,Retail art/interface/interface.mes {385}; no literal call-site match (indirect/table-driven use remains possible).,yes,HDAssets/ui/by-source-id/0385-animalicon/p00-r00-f000.png,unverified; fixed-size by default,"1 palette(s), one static frame."
386,art/interface/icon_lawfulgood.art,ART,D:/OpenArcanum/UIReference/Original/art/interface/0386-icon_lawfulgood/p00-r00-f000.png,64,64,no,unknown,unknown,other,64,64,unknown,unknown,unknown,,Retail art/interface/interface.mes {386}; no literal call-site match (indirect/table-driven use remains possible).,yes,HDAssets/ui/by-source-id/0386-icon_lawfulgood/p00-r00-f000.png,unverified; fixed-size by default,"1 palette(s), one static frame."
387,art/interface/icon_good.art,ART,D:/OpenArcanum/UIReference/Original/art/interface/0387-icon_good/p00-r00-f000.png,64,64,no,unknown,unknown,other,64,64,unknown,unknown,unknown,,Retail art/interface/interface.mes {387}; no literal call-site match (indirect/table-driven use remains possible).,yes,HDAssets/ui/by-source-id/0387-icon_good/p00-r00-f000.png,unverified; fixed-size by default,"1 palette(s), one static frame."
388,art/interface/icon_lawful.art,ART,D:/OpenArcanum/UIReference/Original/art/interface/0388-icon_lawful/p00-r00-f000.png,64,64,no,unknown,unknown,other,64,64,unknown,unknown,unknown,,Retail art/interface/interface.mes {388}; no literal call-site match (indirect/table-driven use remains possible).,yes,HDAssets/ui/by-source-id/0388-icon_lawful/p00-r00-f000.png,unverified; fixed-size by default,"1 palette(s), one static frame."
389,art/interface/icon_chaotic.art,ART,D:/OpenArcanum/UIReference/Original/art/interface/0389-icon_chaotic/p00-r00-f000.png,64,64,no,unknown,unknown,other,64,64,unknown,unknown,unknown,,Retail art/interface/interface.mes {389}; no literal call-site match (indirect/table-driven use remains possible).,yes,HDAssets/ui/by-source-id/0389-icon_chaotic/p00-r00-f000.png,unverified; fixed-size by default,"1 palette(s), one static frame."
390,art/interface/icon_evil.art,ART,D:/OpenArcanum/UIReference/Original/art/interface/0390-icon_evil/p00-r00-f000.png,64,64,no,unknown,unknown,other,64,64,unknown,unknown,unknown,,Retail art/interface/interface.mes {390}; no literal call-site match (indirect/table-driven use remains possible).,yes,HDAssets/ui/by-source-id/0390-icon_evil/p00-r00-f000.png,unverified; fixed-size by default,"1 palette(s), one static frame."
391,art/interface/generalmeleeicon.art,ART,D:/OpenArcanum/UIReference/Original/art/interface/0391-generalmeleeicon/p00-r00-f000.png,64,64,no,unknown,unknown,other,64,64,unknown,unknown,unknown,,Retail art/interface/interface.mes {391}; no literal call-site match (indirect/table-driven use remains possible).,yes,HDAssets/ui/by-source-id/0391-generalmeleeicon/p00-r00-f000.png,unverified; fixed-size by default,"1 palette(s), one static frame."
392,art/interface/magicmeleeicon.art,ART,D:/OpenArcanum/UIReference/Original/art/interface/0392-magicmeleeicon/p00-r00-f000.png,64,64,no,unknown,unknown,other,64,64,unknown,unknown,unknown,,Retail art/interface/interface.mes {392}; no literal call-site match (indirect/table-driven use remains possible).,yes,HDAssets/ui/by-source-id/0392-magicmeleeicon/p00-r00-f000.png,unverified; fixed-size by default,"1 palette(s), one static frame."
393,art/interface/techmeleeicon.art,ART,D:/OpenArcanum/UIReference/Original/art/interface/0393-techmeleeicon/p00-r00-f000.png,64,64,no,Technology,technology presentation,other,64,64,unknown,unknown,unknown,,Retail art/interface/interface.mes {393}; no literal call-site match (indirect/table-driven use remains possible).; source-name classification only; confirm table-driven call site before implementation.,yes,HDAssets/ui/by-source-id/0393-techmeleeicon/p00-r00-f000.png,unverified; fixed-size by default,"1 palette(s), one static frame."
394,art/interface/techgunsicon.art,ART,D:/OpenArcanum/UIReference/Original/art/interface/0394-techgunsicon/p00-r00-f000.png,64,64,no,Technology,technology presentation,other,64,64,unknown,unknown,unknown,,Retail art/interface/interface.mes {394}; no literal call-site match (indirect/table-driven use remains possible).; source-name classification only; confirm table-driven call site before implementation.,yes,HDAssets/ui/by-source-id/0394-techgunsicon/p00-r00-f000.png,unverified; fixed-size by default,"1 palette(s), one static frame."
395,art/interface/generalbowsicon.art,ART,D:/OpenArcanum/UIReference/Original/art/interface/0395-generalbowsicon/p00-r00-f000.png,64,64,no,unknown,unknown,other,64,64,unknown,unknown,unknown,,Retail art/interface/interface.mes {395}; no literal call-site match (indirect/table-driven use remains possible).,yes,HDAssets/ui/by-source-id/0395-generalbowsicon/p00-r00-f000.png,unverified; fixed-size by default,"1 palette(s), one static frame."
396,art/interface/magicbowsicon.art,ART,D:/OpenArcanum/UIReference/Original/art/interface/0396-magicbowsicon/p00-r00-f000.png,64,64,no,unknown,unknown,other,64,64,unknown,unknown,unknown,,Retail art/interface/interface.mes {396}; no literal call-site match (indirect/table-driven use remains possible).,yes,HDAssets/ui/by-source-id/0396-magicbowsicon/p00-r00-f000.png,unverified; fixed-size by default,"1 palette(s), one static frame."
397,art/interface/techbowsicon.art,ART,D:/OpenArcanum/UIReference/Original/art/interface/0397-techbowsicon/p00-r00-f000.png,64,64,no,Technology,technology presentation,other,64,64,unknown,unknown,unknown,,Retail art/interface/interface.mes {397}; no literal call-site match (indirect/table-driven use remains possible).; source-name classification only; confirm table-driven call site before implementation.,yes,HDAssets/ui/by-source-id/0397-techbowsicon/p00-r00-f000.png,unverified; fixed-size by default,"1 palette(s), one static frame."
398,art/interface/arrows_icon.art,ART,D:/OpenArcanum/UIReference/Original/art/interface/0398-arrows_icon/p00-r00-f000.png,64,64,no,unknown,unknown,other,64,64,unknown,unknown,unknown,,Retail art/interface/interface.mes {398}; no literal call-site match (indirect/table-driven use remains possible).,yes,HDAssets/ui/by-source-id/0398-arrows_icon/p00-r00-f000.png,unverified; fixed-size by default,"1 palette(s), one static frame."
399,art/interface/bulletsicon.art,ART,D:/OpenArcanum/UIReference/Original/art/interface/0399-bulletsicon/p00-r00-f000.png,64,64,no,unknown,unknown,other,64,64,unknown,unknown,unknown,,Retail art/interface/interface.mes {399}; no literal call-site match (indirect/table-driven use remains possible).,yes,HDAssets/ui/by-source-id/0399-bulletsicon/p00-r00-f000.png,unverified; fixed-size by default,"1 palette(s), one static frame."
400,art/interface/chargesicon.art,ART,D:/OpenArcanum/UIReference/Original/art/interface/0400-chargesicon/p00-r00-f000.png,64,64,no,Character / Character Creation,character presentation,other,64,64,unknown,unknown,unknown,,Retail art/interface/interface.mes {400}; no literal call-site match (indirect/table-driven use remains possible).; source-name classification only; confirm table-driven call site before implementation.,yes,HDAssets/ui/by-source-id/0400-chargesicon/p00-r00-f000.png,unverified; fixed-size by default,"1 palette(s), one static frame."
401,art/interface/fuelicon.art,ART,D:/OpenArcanum/UIReference/Original/art/interface/0401-fuelicon/p00-r00-f000.png,64,64,no,unknown,unknown,other,64,64,unknown,unknown,unknown,,Retail art/interface/interface.mes {401}; no literal call-site match (indirect/table-driven use remains possible).,yes,HDAssets/ui/by-source-id/0401-fuelicon/p00-r00-f000.png,unverified; fixed-size by default,"1 palette(s), one static frame."
402,art/interface/generalclothes_icon.art,ART,D:/OpenArcanum/UIReference/Original/art/interface/0402-generalclothes_icon/p00-r00-f000.png,64,64,no,unknown,unknown,other,64,64,unknown,unknown,unknown,,Retail art/interface/interface.mes {402}; no literal call-site match (indirect/table-driven use remains possible).,yes,HDAssets/ui/by-source-id/0402-generalclothes_icon/p00-r00-f000.png,unverified; fixed-size by default,"1 palette(s), one static frame."
403,art/interface/magicclothes_icon.art,ART,D:/OpenArcanum/UIReference/Original/art/interface/0403-magicclothes_icon/p00-r00-f000.png,64,64,no,unknown,unknown,other,64,64,unknown,unknown,unknown,,Retail art/interface/interface.mes {403}; no literal call-site match (indirect/table-driven use remains possible).,yes,HDAssets/ui/by-source-id/0403-magicclothes_icon/p00-r00-f000.png,unverified; fixed-size by default,"1 palette(s), one static frame."
404,art/interface/techclothes_icon.art,ART,D:/OpenArcanum/UIReference/Original/art/interface/0404-techclothes_icon/p00-r00-f000.png,64,64,no,Technology,technology presentation,other,64,64,unknown,unknown,unknown,,Retail art/interface/interface.mes {404}; no literal call-site match (indirect/table-driven use remains possible).; source-name classification only; confirm table-driven call site before implementation.,yes,HDAssets/ui/by-source-id/0404-techclothes_icon/p00-r00-f000.png,unverified; fixed-size by default,"1 palette(s), one static frame."
405,art/interface/shieldgeneralicon.art,ART,D:/OpenArcanum/UIReference/Original/art/interface/0405-shieldgeneralicon/p00-r00-f000.png,64,64,no,unknown,unknown,other,64,64,unknown,unknown,unknown,,Retail art/interface/interface.mes {405}; no literal call-site match (indirect/table-driven use remains possible).,yes,HDAssets/ui/by-source-id/0405-shieldgeneralicon/p00-r00-f000.png,unverified; fixed-size by default,"1 palette(s), one static frame."
406,art/interface/shieldmagicalicon.art,ART,D:/OpenArcanum/UIReference/Original/art/interface/0406-shieldmagicalicon/p00-r00-f000.png,64,64,no,unknown,unknown,other,64,64,unknown,unknown,unknown,,Retail art/interface/interface.mes {406}; no literal call-site match (indirect/table-driven use remains possible).,yes,HDAssets/ui/by-source-id/0406-shieldmagicalicon/p00-r00-f000.png,unverified; fixed-size by default,"1 palette(s), one static frame."
407,art/interface/shieldtechicon.art,ART,D:/OpenArcanum/UIReference/Original/art/interface/0407-shieldtechicon/p00-r00-f000.png,64,64,no,Technology,technology presentation,other,64,64,unknown,unknown,unknown,,Retail art/interface/interface.mes {407}; no literal call-site match (indirect/table-driven use remains possible).; source-name classification only; confirm table-driven call site before implementation.,yes,HDAssets/ui/by-source-id/0407-shieldtechicon/p00-r00-f000.png,unverified; fixed-size by default,"1 palette(s), one static frame."
408,art/interface/robegeneralicon.art,ART,D:/OpenArcanum/UIReference/Original/art/interface/0408-robegeneralicon/p00-r00-f000.png,64,64,no,unknown,unknown,other,64,64,unknown,unknown,unknown,,Retail art/interface/interface.mes {408}; no literal call-site match (indirect/table-driven use remains possible).,yes,HDAssets/ui/by-source-id/0408-robegeneralicon/p00-r00-f000.png,unverified; fixed-size by default,"1 palette(s), one static frame."
409,art/interface/robemagicalicon.art,ART,D:/OpenArcanum/UIReference/Original/art/interface/0409-robemagicalicon/p00-r00-f000.png,64,64,no,unknown,unknown,other,64,64,unknown,unknown,unknown,,Retail art/interface/interface.mes {409}; no literal call-site match (indirect/table-driven use remains possible).,yes,HDAssets/ui/by-source-id/0409-robemagicalicon/p00-r00-f000.png,unverified; fixed-size by default,"1 palette(s), one static frame."
410,art/interface/robetechicon.art,ART,D:/OpenArcanum/UIReference/Original/art/interface/0410-robetechicon/p00-r00-f000.png,64,64,no,Technology,technology presentation,other,64,64,unknown,unknown,unknown,,Retail art/interface/interface.mes {410}; no literal call-site match (indirect/table-driven use remains possible).; source-name classification only; confirm table-driven call site before implementation.,yes,HDAssets/ui/by-source-id/0410-robetechicon/p00-r00-f000.png,unverified; fixed-size by default,"1 palette(s), one static frame."
411,art/interface/generalringicon.art,ART,D:/OpenArcanum/UIReference/Original/art/interface/0411-generalringicon/p00-r00-f000.png,64,64,no,unknown,unknown,other,64,64,unknown,unknown,unknown,,Retail art/interface/interface.mes {411}; no literal call-site match (indirect/table-driven use remains possible).,yes,HDAssets/ui/by-source-id/0411-generalringicon/p00-r00-f000.png,unverified; fixed-size by default,"1 palette(s), one static frame."
412,art/interface/magicringicon.art,ART,D:/OpenArcanum/UIReference/Original/art/interface/0412-magicringicon/p00-r00-f000.png,64,64,no,unknown,unknown,other,64,64,unknown,unknown,unknown,,Retail art/interface/interface.mes {412}; no literal call-site match (indirect/table-driven use remains possible).,yes,HDAssets/ui/by-source-id/0412-magicringicon/p00-r00-f000.png,unverified; fixed-size by default,"1 palette(s), one static frame."
413,art/interface/techringicon.art,ART,D:/OpenArcanum/UIReference/Original/art/interface/0413-techringicon/p00-r00-f000.png,64,64,no,Technology,technology presentation,other,64,64,unknown,unknown,unknown,,Retail art/interface/interface.mes {413}; no literal call-site match (indirect/table-driven use remains possible).; source-name classification only; confirm table-driven call site before implementation.,yes,HDAssets/ui/by-source-id/0413-techringicon/p00-r00-f000.png,unverified; fixed-size by default,"1 palette(s), one static frame."
414,art/interface/generalmedalionicon.art,ART,D:/OpenArcanum/UIReference/Original/art/interface/0414-generalmedalionicon/p00-r00-f000.png,64,64,no,unknown,unknown,other,64,64,unknown,unknown,unknown,,Retail art/interface/interface.mes {414}; no literal call-site match (indirect/table-driven use remains possible).,yes,HDAssets/ui/by-source-id/0414-generalmedalionicon/p00-r00-f000.png,unverified; fixed-size by default,"1 palette(s), one static frame."
415,art/interface/magicmedalionicon.art,ART,D:/OpenArcanum/UIReference/Original/art/interface/0415-magicmedalionicon/p00-r00-f000.png,64,64,no,unknown,unknown,other,64,64,unknown,unknown,unknown,,Retail art/interface/interface.mes {415}; no literal call-site match (indirect/table-driven use remains possible).,yes,HDAssets/ui/by-source-id/0415-magicmedalionicon/p00-r00-f000.png,unverified; fixed-size by default,"1 palette(s), one static frame."
416,art/interface/techmedalionicon.art,ART,D:/OpenArcanum/UIReference/Original/art/interface/0416-techmedalionicon/p00-r00-f000.png,64,64,no,Technology,technology presentation,other,64,64,unknown,unknown,unknown,,Retail art/interface/interface.mes {416}; no literal call-site match (indirect/table-driven use remains possible).; source-name classification only; confirm table-driven call site before implementation.,yes,HDAssets/ui/by-source-id/0416-techmedalionicon/p00-r00-f000.png,unverified; fixed-size by default,"1 palette(s), one static frame."
417,art/interface/coinsicon.art,ART,D:/OpenArcanum/UIReference/Original/art/interface/0417-coinsicon/p00-r00-f000.png,64,64,no,unknown,unknown,other,64,64,unknown,unknown,unknown,,Retail art/interface/interface.mes {417}; no literal call-site match (indirect/table-driven use remains possible).,yes,HDAssets/ui/by-source-id/0417-coinsicon/p00-r00-f000.png,unverified; fixed-size by default,"1 palette(s), one static frame."
418,art/interface/iconpotions.art,ART,D:/OpenArcanum/UIReference/Original/art/interface/0418-iconpotions/p00-r00-f000.png,64,64,no,unknown,unknown,other,64,64,unknown,unknown,unknown,,Retail art/interface/interface.mes {418}; no literal call-site match (indirect/table-driven use remains possible).,yes,HDAssets/ui/by-source-id/0418-iconpotions/p00-r00-f000.png,unverified; fixed-size by default,"1 palette(s), one static frame."
419,art/interface/icontherapeutics.art,ART,D:/OpenArcanum/UIReference/Original/art/interface/0419-icontherapeutics/p00-r00-f000.png,64,64,no,unknown,unknown,other,64,64,unknown,unknown,unknown,,Retail art/interface/interface.mes {419}; no literal call-site match (indirect/table-driven use remains possible).,yes,HDAssets/ui/by-source-id/0419-icontherapeutics/p00-r00-f000.png,unverified; fixed-size by default,"1 palette(s), one static frame."
420,art/interface/iconherbal.art,ART,D:/OpenArcanum/UIReference/Original/art/interface/0420-iconherbal/p00-r00-f000.png,64,64,no,unknown,unknown,other,64,64,unknown,unknown,unknown,,Retail art/interface/interface.mes {420}; no literal call-site match (indirect/table-driven use remains possible).,yes,HDAssets/ui/by-source-id/0420-iconherbal/p00-r00-f000.png,unverified; fixed-size by default,"1 palette(s), one static frame."
421,art/interface/chemical_icon.art,ART,D:/OpenArcanum/UIReference/Original/art/interface/0421-chemical_icon/p00-r00-f000.png,64,64,no,unknown,unknown,other,64,64,unknown,unknown,unknown,,Retail art/interface/interface.mes {421}; no literal call-site match (indirect/table-driven use remains possible).,yes,HDAssets/ui/by-source-id/0421-chemical_icon/p00-r00-f000.png,unverified; fixed-size by default,"1 palette(s), one static frame."
422,art/interface/spirits_icon.art,ART,D:/OpenArcanum/UIReference/Original/art/interface/0422-spirits_icon/p00-r00-f000.png,64,64,no,unknown,unknown,other,64,64,unknown,unknown,unknown,,Retail art/interface/interface.mes {422}; no literal call-site match (indirect/table-driven use remains possible).,yes,HDAssets/ui/by-source-id/0422-spirits_icon/p00-r00-f000.png,unverified; fixed-size by default,"1 palette(s), one static frame."
423,art/interface/food_icon.art,ART,D:/OpenArcanum/UIReference/Original/art/interface/0423-food_icon/p00-r00-f000.png,64,64,no,unknown,unknown,other,64,64,unknown,unknown,unknown,,Retail art/interface/interface.mes {423}; no literal call-site match (indirect/table-driven use remains possible).,yes,HDAssets/ui/by-source-id/0423-food_icon/p00-r00-f000.png,unverified; fixed-size by default,"1 palette(s), one static frame."
424,art/interface/iconpoison.art,ART,D:/OpenArcanum/UIReference/Original/art/interface/0424-iconpoison/p00-r00-f000.png,64,64,no,unknown,unknown,other,64,64,unknown,unknown,unknown,,Retail art/interface/interface.mes {424}; no literal call-site match (indirect/table-driven use remains possible).,yes,HDAssets/ui/by-source-id/0424-iconpoison/p00-r00-f000.png,unverified; fixed-size by default,"1 palette(s), one static frame."
425,art/interface/scrollicon.art,ART,D:/OpenArcanum/UIReference/Original/art/interface/0425-scrollicon/p00-r00-f000.png,64,64,no,Common,scrollbar component,other,64,64,unknown,unknown,unknown,,Retail art/interface/interface.mes {425}; no literal call-site match (indirect/table-driven use remains possible).; source-name classification only; confirm table-driven call site before implementation.,yes,HDAssets/ui/by-source-id/0425-scrollicon/p00-r00-f000.png,unverified; fixed-size by default,"1 palette(s), one static frame."
426,art/interface/keyicon.art,ART,D:/OpenArcanum/UIReference/Original/art/interface/0426-keyicon/p00-r00-f000.png,64,64,no,unknown,unknown,other,64,64,unknown,unknown,unknown,,Retail art/interface/interface.mes {426}; no literal call-site match (indirect/table-driven use remains possible).,yes,HDAssets/ui/by-source-id/0426-keyicon/p00-r00-f000.png,unverified; fixed-size by default,"1 palette(s), one static frame."
427,art/interface/keyring_icon.art,ART,D:/OpenArcanum/UIReference/Original/art/interface/0427-keyring_icon/p00-r00-f000.png,64,64,no,unknown,unknown,other,64,64,unknown,unknown,unknown,,Retail art/interface/interface.mes {427}; no literal call-site match (indirect/table-driven use remains possible).,yes,HDAssets/ui/by-source-id/0427-keyring_icon/p00-r00-f000.png,unverified; fixed-size by default,"1 palette(s), one static frame."
428,art/interface/booksicon.art,ART,D:/OpenArcanum/UIReference/Original/art/interface/0428-booksicon/p00-r00-f000.png,64,64,no,Journal / Logbook,journal presentation,other,64,64,unknown,unknown,unknown,,Retail art/interface/interface.mes {428}; no literal call-site match (indirect/table-driven use remains possible).; source-name classification only; confirm table-driven call site before implementation.,yes,HDAssets/ui/by-source-id/0428-booksicon/p00-r00-f000.png,unverified; fixed-size by default,"1 palette(s), one static frame."
429,art/interface/note_icon.art,ART,D:/OpenArcanum/UIReference/Original/art/interface/0429-note_icon/p00-r00-f000.png,64,64,no,unknown,unknown,other,64,64,unknown,unknown,unknown,,Retail art/interface/interface.mes {429}; no literal call-site match (indirect/table-driven use remains possible).,yes,HDAssets/ui/by-source-id/0429-note_icon/p00-r00-f000.png,unverified; fixed-size by default,"1 palette(s), one static frame."
430,art/interface/telegram_icon.art,ART,D:/OpenArcanum/UIReference/Original/art/interface/0430-telegram_icon/p00-r00-f000.png,64,64,no,unknown,unknown,other,64,64,unknown,unknown,unknown,,Retail art/interface/interface.mes {430}; no literal call-site match (indirect/table-driven use remains possible).,yes,HDAssets/ui/by-source-id/0430-telegram_icon/p00-r00-f000.png,unverified; fixed-size by default,"1 palette(s), one static frame."
431,art/interface/newpaper_icon.art,ART,D:/OpenArcanum/UIReference/Original/art/interface/0431-newpaper_icon/p00-r00-f000.png,64,64,no,unknown,unknown,other,64,64,unknown,unknown,unknown,,Retail art/interface/interface.mes {431}; no literal call-site match (indirect/table-driven use remains possible).,yes,HDAssets/ui/by-source-id/0431-newpaper_icon/p00-r00-f000.png,unverified; fixed-size by default,"1 palette(s), one static frame."
432,art/interface/levelupicon.art,ART,D:/OpenArcanum/UIReference/Original/art/interface/0432-levelupicon/p00-r00-f000.png,64,64,no,unknown,unknown,other,64,64,unknown,unknown,unknown,,Retail art/interface/interface.mes {432}; no literal call-site match (indirect/table-driven use remains possible).,yes,HDAssets/ui/by-source-id/0432-levelupicon/p00-r00-f000.png,unverified; fixed-size by default,"1 palette(s), one static frame."
433,art/interface/magicksicon.art,ART,D:/OpenArcanum/UIReference/Original/art/interface/0433-magicksicon/p00-r00-f000.png,64,64,no,unknown,unknown,other,64,64,unknown,unknown,unknown,,Retail art/interface/interface.mes {433}; no literal call-site match (indirect/table-driven use remains possible).,yes,HDAssets/ui/by-source-id/0433-magicksicon/p00-r00-f000.png,unverified; fixed-size by default,"1 palette(s), one static frame."
434,art/interface/generaltechicon.art,ART,D:/OpenArcanum/UIReference/Original/art/interface/0434-generaltechicon/p00-r00-f000.png,64,64,no,Technology,technology presentation,other,64,64,unknown,unknown,unknown,,Retail art/interface/interface.mes {434}; no literal call-site match (indirect/table-driven use remains possible).; source-name classification only; confirm table-driven call site before implementation.,yes,HDAssets/ui/by-source-id/0434-generaltechicon/p00-r00-f000.png,unverified; fixed-size by default,"1 palette(s), one static frame."
435,art/interface/containericon.art,ART,D:/OpenArcanum/UIReference/Original/art/interface/0435-containericon/p00-r00-f000.png,64,69,no,unknown,unknown,other,64,69,unknown,unknown,unknown,,Retail art/interface/interface.mes {435}; no literal call-site match (indirect/table-driven use remains possible).,yes,HDAssets/ui/by-source-id/0435-containericon/p00-r00-f000.png,unverified; fixed-size by default,"1 palette(s), one static frame."
436,art/interface/door_icon.art,ART,D:/OpenArcanum/UIReference/Original/art/interface/0436-door_icon/p00-r00-f000.png,64,64,no,unknown,unknown,other,64,64,unknown,unknown,unknown,,Retail art/interface/interface.mes {436}; no literal call-site match (indirect/table-driven use remains possible).,yes,HDAssets/ui/by-source-id/0436-door_icon/p00-r00-f000.png,unverified; fixed-size by default,"1 palette(s), one static frame."
437,art/interface/levelupicon.art,ART,D:/OpenArcanum/UIReference/Original/art/interface/0437-levelupicon/p00-r00-f000.png,64,64,no,unknown,unknown,other,64,64,unknown,unknown,unknown,,Retail art/interface/interface.mes {437}; no literal call-site match (indirect/table-driven use remains possible).,yes,HDAssets/ui/by-source-id/0437-levelupicon/p00-r00-f000.png,unverified; fixed-size by default,"1 palette(s), one static frame."
438,art/interface/levelupicon.art,ART,D:/OpenArcanum/UIReference/Original/art/interface/0438-levelupicon/p00-r00-f000.png,64,64,no,unknown,unknown,other,64,64,unknown,unknown,unknown,,Retail art/interface/interface.mes {438}; no literal call-site match (indirect/table-driven use remains possible).,yes,HDAssets/ui/by-source-id/0438-levelupicon/p00-r00-f000.png,unverified; fixed-size by default,"1 palette(s), one static frame."
439,art/interface/poisoned_icon.art,ART,D:/OpenArcanum/UIReference/Original/art/interface/0439-poisoned_icon/p00-r00-f000.png,64,64,no,unknown,unknown,other,64,64,unknown,unknown,unknown,,Retail art/interface/interface.mes {439}; no literal call-site match (indirect/table-driven use remains possible).,yes,HDAssets/ui/by-source-id/0439-poisoned_icon/p00-r00-f000.png,unverified; fixed-size by default,"1 palette(s), one static frame."
440,art/interface/hexedicon.art,ART,D:/OpenArcanum/UIReference/Original/art/interface/0440-hexedicon/p00-r00-f000.png,64,64,no,unknown,unknown,other,64,64,unknown,unknown,unknown,,Retail art/interface/interface.mes {440}; no literal call-site match (indirect/table-driven use remains possible).,yes,HDAssets/ui/by-source-id/0440-hexedicon/p00-r00-f000.png,unverified; fixed-size by default,"1 palette(s), one static frame."
441,art/interface/blessicon.art,ART,D:/OpenArcanum/UIReference/Original/art/interface/0441-blessicon/p00-r00-f000.png,64,64,no,unknown,unknown,other,64,64,unknown,unknown,unknown,,Retail art/interface/interface.mes {441}; no literal call-site match (indirect/table-driven use remains possible).,yes,HDAssets/ui/by-source-id/0441-blessicon/p00-r00-f000.png,unverified; fixed-size by default,"1 palette(s), one static frame."
442,art/interface/exclaimation_icon.art,ART,D:/OpenArcanum/UIReference/Original/art/interface/0442-exclaimation_icon/p00-r00-f000.png,64,64,no,unknown,unknown,other,64,64,unknown,unknown,unknown,,Retail art/interface/interface.mes {442}; no literal call-site match (indirect/table-driven use remains possible).,yes,HDAssets/ui/by-source-id/0442-exclaimation_icon/p00-r00-f000.png,unverified; fixed-size by default,"1 palette(s), one static frame."
443,art/interface/question_icon.art,ART,D:/OpenArcanum/UIReference/Original/art/interface/0443-question_icon/p00-r00-f000.png,64,64,no,Journal / Logbook,journal presentation,other,64,64,unknown,unknown,unknown,,Retail art/interface/interface.mes {443}; no literal call-site match (indirect/table-driven use remains possible).; source-name classification only; confirm table-driven call site before implementation.,yes,HDAssets/ui/by-source-id/0443-question_icon/p00-r00-f000.png,unverified; fixed-size by default,"1 palette(s), one static frame."
444,art/interface/levelupicon.art,ART,D:/OpenArcanum/UIReference/Original/art/interface/0444-levelupicon/p00-r00-f000.png,64,64,no,unknown,unknown,other,64,64,unknown,unknown,unknown,,Retail art/interface/interface.mes {444}; no literal call-site match (indirect/table-driven use remains possible).,yes,HDAssets/ui/by-source-id/0444-levelupicon/p00-r00-f000.png,unverified; fixed-size by default,"1 palette(s), one static frame."
445,art/interface/levelupicon.art,ART,D:/OpenArcanum/UIReference/Original/art/interface/0445-levelupicon/p00-r00-f000.png,64,64,no,unknown,unknown,other,64,64,unknown,unknown,unknown,,Retail art/interface/interface.mes {445}; no literal call-site match (indirect/table-driven use remains possible).,yes,HDAssets/ui/by-source-id/0445-levelupicon/p00-r00-f000.png,unverified; fixed-size by default,"1 palette(s), one static frame."
446,art/interface/conveyanceicon.art,ART,D:/OpenArcanum/UIReference/Original/art/interface/0446-conveyanceicon/p00-r00-f000.png,64,64,no,unknown,unknown,other,64,64,unknown,unknown,unknown,,Retail art/interface/interface.mes {446}; no literal call-site match (indirect/table-driven use remains possible).,yes,HDAssets/ui/by-source-id/0446-conveyanceicon/p00-r00-f000.png,unverified; fixed-size by default,"1 palette(s), one static frame."
447,art/interface/divinationicon.art,ART,D:/OpenArcanum/UIReference/Original/art/interface/0447-divinationicon/p00-r00-f000.png,64,64,no,unknown,unknown,other,64,64,unknown,unknown,unknown,,Retail art/interface/interface.mes {447}; no literal call-site match (indirect/table-driven use remains possible).,yes,HDAssets/ui/by-source-id/0447-divinationicon/p00-r00-f000.png,unverified; fixed-size by default,"1 palette(s), one static frame."
448,art/interface/e_airicon.art,ART,D:/OpenArcanum/UIReference/Original/art/interface/0448-e_airicon/p00-r00-f000.png,64,64,no,unknown,unknown,other,64,64,unknown,unknown,unknown,,Retail art/interface/interface.mes {448}; no literal call-site match (indirect/table-driven use remains possible).,yes,HDAssets/ui/by-source-id/0448-e_airicon/p00-r00-f000.png,unverified; fixed-size by default,"1 palette(s), one static frame."
449,art/interface/e_earthicon.art,ART,D:/OpenArcanum/UIReference/Original/art/interface/0449-e_earthicon/p00-r00-f000.png,64,64,no,unknown,unknown,other,64,64,unknown,unknown,unknown,,Retail art/interface/interface.mes {449}; no literal call-site match (indirect/table-driven use remains possible).,yes,HDAssets/ui/by-source-id/0449-e_earthicon/p00-r00-f000.png,unverified; fixed-size by default,"1 palette(s), one static frame."
450,art/interface/e_fireicon.art,ART,D:/OpenArcanum/UIReference/Original/art/interface/0450-e_fireicon/p00-r00-f000.png,64,64,no,unknown,unknown,other,64,64,unknown,unknown,unknown,,Retail art/interface/interface.mes {450}; no literal call-site match (indirect/table-driven use remains possible).,yes,HDAssets/ui/by-source-id/0450-e_fireicon/p00-r00-f000.png,unverified; fixed-size by default,"1 palette(s), one static frame."
451,art/interface/e_watericon.art,ART,D:/OpenArcanum/UIReference/Original/art/interface/0451-e_watericon/p00-r00-f000.png,64,64,no,unknown,unknown,other,64,64,unknown,unknown,unknown,,Retail art/interface/interface.mes {451}; no literal call-site match (indirect/table-driven use remains possible).,yes,HDAssets/ui/by-source-id/0451-e_watericon/p00-r00-f000.png,unverified; fixed-size by default,"1 palette(s), one static frame."
452,art/interface/forceicon.art,ART,D:/OpenArcanum/UIReference/Original/art/interface/0452-forceicon/p00-r00-f000.png,64,64,no,unknown,unknown,other,64,64,unknown,unknown,unknown,,Retail art/interface/interface.mes {452}; no literal call-site match (indirect/table-driven use remains possible).,yes,HDAssets/ui/by-source-id/0452-forceicon/p00-r00-f000.png,unverified; fixed-size by default,"1 palette(s), one static frame."
453,art/interface/mentalicon.art,ART,D:/OpenArcanum/UIReference/Original/art/interface/0453-mentalicon/p00-r00-f000.png,64,64,no,unknown,unknown,other,64,64,unknown,unknown,unknown,,Retail art/interface/interface.mes {453}; no literal call-site match (indirect/table-driven use remains possible).,yes,HDAssets/ui/by-source-id/0453-mentalicon/p00-r00-f000.png,unverified; fixed-size by default,"1 palette(s), one static frame."
454,art/interface/metaicon.art,ART,D:/OpenArcanum/UIReference/Original/art/interface/0454-metaicon/p00-r00-f000.png,64,64,no,unknown,unknown,other,64,64,unknown,unknown,unknown,,Retail art/interface/interface.mes {454}; no literal call-site match (indirect/table-driven use remains possible).,yes,HDAssets/ui/by-source-id/0454-metaicon/p00-r00-f000.png,unverified; fixed-size by default,"1 palette(s), one static frame."
455,art/interface/morphicon.art,ART,D:/OpenArcanum/UIReference/Original/art/interface/0455-morphicon/p00-r00-f000.png,64,64,no,unknown,unknown,other,64,64,unknown,unknown,unknown,,Retail art/interface/interface.mes {455}; no literal call-site match (indirect/table-driven use remains possible).,yes,HDAssets/ui/by-source-id/0455-morphicon/p00-r00-f000.png,unverified; fixed-size by default,"1 palette(s), one static frame."
456,art/interface/natureicon.art,ART,D:/OpenArcanum/UIReference/Original/art/interface/0456-natureicon/p00-r00-f000.png,64,64,no,unknown,unknown,other,64,64,unknown,unknown,unknown,,Retail art/interface/interface.mes {456}; no literal call-site match (indirect/table-driven use remains possible).,yes,HDAssets/ui/by-source-id/0456-natureicon/p00-r00-f000.png,unverified; fixed-size by default,"1 palette(s), one static frame."
457,art/interface/necro_evilicon.art,ART,D:/OpenArcanum/UIReference/Original/art/interface/0457-necro_evilicon/p00-r00-f000.png,64,64,no,unknown,unknown,other,64,64,unknown,unknown,unknown,,Retail art/interface/interface.mes {457}; no literal call-site match (indirect/table-driven use remains possible).,yes,HDAssets/ui/by-source-id/0457-necro_evilicon/p00-r00-f000.png,unverified; fixed-size by default,"1 palette(s), one static frame."
458,art/interface/necro_goodicon.art,ART,D:/OpenArcanum/UIReference/Original/art/interface/0458-necro_goodicon/p00-r00-f000.png,64,64,no,unknown,unknown,other,64,64,unknown,unknown,unknown,,Retail art/interface/interface.mes {458}; no literal call-site match (indirect/table-driven use remains possible).,yes,HDAssets/ui/by-source-id/0458-necro_goodicon/p00-r00-f000.png,unverified; fixed-size by default,"1 palette(s), one static frame."
459,art/interface/phantasmicon.art,ART,D:/OpenArcanum/UIReference/Original/art/interface/0459-phantasmicon/p00-r00-f000.png,64,64,no,unknown,unknown,other,64,64,unknown,unknown,unknown,,Retail art/interface/interface.mes {459}; no literal call-site match (indirect/table-driven use remains possible).,yes,HDAssets/ui/by-source-id/0459-phantasmicon/p00-r00-f000.png,unverified; fixed-size by default,"1 palette(s), one static frame."
460,art/interface/sommoningicon.art,ART,D:/OpenArcanum/UIReference/Original/art/interface/0460-sommoningicon/p00-r00-f000.png,64,64,no,unknown,unknown,other,64,64,unknown,unknown,unknown,,Retail art/interface/interface.mes {460}; no literal call-site match (indirect/table-driven use remains possible).,yes,HDAssets/ui/by-source-id/0460-sommoningicon/p00-r00-f000.png,unverified; fixed-size by default,"1 palette(s), one static frame."
461,art/interface/temporalicon.art,ART,D:/OpenArcanum/UIReference/Original/art/interface/0461-temporalicon/p00-r00-f000.png,64,64,no,unknown,unknown,other,64,64,unknown,unknown,unknown,,Retail art/interface/interface.mes {461}; no literal call-site match (indirect/table-driven use remains possible).,yes,HDAssets/ui/by-source-id/0461-temporalicon/p00-r00-f000.png,unverified; fixed-size by default,"1 palette(s), one static frame."
462,art/interface/schematic_icon.art,ART,D:/OpenArcanum/UIReference/Original/art/interface/0462-schematic_icon/p00-r00-f000.png,64,64,no,Crafting / Schematics,crafting presentation,other,64,64,unknown,unknown,unknown,,Retail art/interface/interface.mes {462}; no literal call-site match (indirect/table-driven use remains possible).; source-name classification only; confirm table-driven call site before implementation.,yes,HDAssets/ui/by-source-id/0462-schematic_icon/p00-r00-f000.png,unverified; fixed-size by default,"1 palette(s), one static frame."
463,art/interface/meshealthbar_full.art,ART,D:/OpenArcanum/UIReference/Original/art/interface/0463-meshealthbar_full/p00-r00-f000.png,235,11,no,unknown,unknown,other,235,11,unknown,unknown,unknown,,Retail art/interface/interface.mes {463}; no literal call-site match (indirect/table-driven use remains possible).,yes,HDAssets/ui/by-source-id/0463-meshealthbar_full/p00-r00-f000.png,unverified; fixed-size by default,"1 palette(s), one static frame."
464,art/interface/meshealthbar_empty.art,ART,D:/OpenArcanum/UIReference/Original/art/interface/0464-meshealthbar_empty/p00-r00-f000.png,235,11,no,unknown,unknown,other,235,11,unknown,unknown,unknown,,Retail art/interface/interface.mes {464}; no literal call-site match (indirect/table-driven use remains possible).,yes,HDAssets/ui/by-source-id/0464-meshealthbar_empty/p00-r00-f000.png,unverified; fixed-size by default,"1 palette(s), one static frame."
465,art/interface/mesfatiguebar_full.art,ART,D:/OpenArcanum/UIReference/Original/art/interface/0465-mesfatiguebar_full/p00-r00-f000.png,235,11,no,unknown,unknown,other,235,11,unknown,unknown,unknown,,Retail art/interface/interface.mes {465}; no literal call-site match (indirect/table-driven use remains possible).,yes,HDAssets/ui/by-source-id/0465-mesfatiguebar_full/p00-r00-f000.png,unverified; fixed-size by default,"1 palette(s), one static frame."
466,art/interface/mesfatiguebar_empty.art,ART,D:/OpenArcanum/UIReference/Original/art/interface/0466-mesfatiguebar_empty/p00-r00-f000.png,235,11,no,unknown,unknown,other,235,11,unknown,unknown,unknown,,Retail art/interface/interface.mes {466}; no literal call-site match (indirect/table-driven use remains possible).,yes,HDAssets/ui/by-source-id/0466-mesfatiguebar_empty/p00-r00-f000.png,unverified; fixed-size by default,"1 palette(s), one static frame."
467,art/interface/hoverunder.art,ART,D:/OpenArcanum/UIReference/Original/art/interface/0467-hoverunder/p00-r00-f000.png,39,27,yes,Combat HUD; unknown,source-referenced presentation,multi-frame family,39,27,unknown,unknown,yes,,Retail art/interface/interface.mes {467}; arcanum-ce/src/game/object.c:256; arcanum-ce/src/game/object.c:979; arcanum-ce/src/ui/tb_ui.c:324,yes,HDAssets/ui/by-source-id/0467-hoverunder/p00-r00-f000.png,unverified; fixed-size by default,"1 palette(s), 1 rotation(s), 15 frame(s) per rotation; preserve registration across the complete family."
468,art/interface/hoverover.art,ART,D:/OpenArcanum/UIReference/Original/art/interface/0468-hoverover/p00-r00-f000.png,39,27,yes,Combat HUD; unknown,source-referenced presentation,multi-frame family,39,27,unknown,unknown,yes,,Retail art/interface/interface.mes {468}; arcanum-ce/src/game/object.c:257; arcanum-ce/src/game/object.c:980; arcanum-ce/src/ui/tb_ui.c:325,yes,HDAssets/ui/by-source-id/0468-hoverover/p00-r00-f000.png,unverified; fixed-size by default,"1 palette(s), 1 rotation(s), 15 frame(s) per rotation; preserve registration across the complete family."
469,art/interface/ammo_icon_mana.art,ART,D:/OpenArcanum/UIReference/Original/art/interface/0469-ammo_icon_mana/p00-r00-f000.png,37,24,no,Gameplay HUD,HUD presentation,other,37,24,unknown,unknown,unknown,,Retail art/interface/interface.mes {469}; no literal call-site match (indirect/table-driven use remains possible).; source-name classification only; confirm table-driven call site before implementation.,yes,HDAssets/ui/by-source-id/0469-ammo_icon_mana/p00-r00-f000.png,unverified; fixed-size by default,"1 palette(s), one static frame."
470,art/interface/combat_button.art,ART,D:/OpenArcanum/UIReference/Original/art/interface/0470-combat_button/p00-r00-f000.png,39,39,yes,Gameplay HUD; Combat HUD,combat-mode HUD control,multi-frame family,39,39,86,457,no,,Retail art/interface/interface.mes {470}; arcanum-ce/src/ui/intgame.c source control table; UI-C geometry audit.,yes,HDAssets/ui/by-source-id/0470-combat_button/p00-r00-f000.png,no; fixed source control,"UI-C production combat toggle and selected state."
471,art/interface/schematics_button.art,ART,D:/OpenArcanum/UIReference/Original/art/interface/0471-schematics_button/p00-r00-f000.png,39,39,yes,Gameplay HUD; Crafting / Schematics,schematics HUD control,multi-frame family,39,39,693,539,yes,,Retail art/interface/interface.mes {471}; arcanum-ce/src/ui/intgame.c source control table; UI-C geometry audit.,yes,HDAssets/ui/by-source-id/0471-schematics_button/p00-r00-f000.png,no; fixed source control,"UI-C production route to existing Crafting authority."
472,art/interface/skills_button.art,ART,D:/OpenArcanum/UIReference/Original/art/interface/0472-skills_button/p00-r00-f000.png,39,39,yes,Gameplay HUD; Skills,skills HUD control,multi-frame family,39,39,693,456,yes,,Retail art/interface/interface.mes {472}; arcanum-ce/src/ui/intgame.c source control table; UI-C geometry audit.,yes,HDAssets/ui/by-source-id/0472-skills_button/p00-r00-f000.png,no; fixed source control,"UI-C production Skills route."
473,art/interface/spells_button.art,ART,D:/OpenArcanum/UIReference/Original/art/interface/0473-spells_button/p00-r00-f000.png,39,39,yes,Gameplay HUD; Magic,spells HUD control,multi-frame family,39,39,649,494,yes,,Retail art/interface/interface.mes {473}; arcanum-ce/src/ui/intgame.c source control table; UI-C geometry audit.,yes,HDAssets/ui/by-source-id/0473-spells_button/p00-r00-f000.png,no; fixed source control,"UI-C production Magic route."
474,art/interface/ammo_icon_gold.art,ART,D:/OpenArcanum/UIReference/Original/art/interface/0474-ammo_icon_gold/p00-r00-f000.png,37,24,no,Gameplay HUD,HUD presentation,other,37,24,unknown,unknown,unknown,,Retail art/interface/interface.mes {474}; no literal call-site match (indirect/table-driven use remains possible).; source-name classification only; confirm table-driven call site before implementation.,yes,HDAssets/ui/by-source-id/0474-ammo_icon_gold/p00-r00-f000.png,unverified; fixed-size by default,"1 palette(s), one static frame."
475,art/interface/ts_iso.art,ART,D:/OpenArcanum/UIReference/Original/art/interface/0475-ts_iso/p00-r00-f000.png,78,40,yes,unknown,source-referenced presentation,other,78,40,unknown,unknown,no,,Retail art/interface/interface.mes {475}; arcanum-ce/src/game/tile_script.c:90,yes,HDAssets/ui/by-source-id/0475-ts_iso/p00-r00-f000.png,unverified; fixed-size by default,"1 palette(s), one static frame."
476,art/interface/ts_td.art,ART,D:/OpenArcanum/UIReference/Original/art/interface/0476-ts_td/p00-r00-f000.png,42,42,yes,unknown,source-referenced presentation,other,42,42,unknown,unknown,no,,Retail art/interface/interface.mes {476}; arcanum-ce/src/game/tile_script.c:91,yes,HDAssets/ui/by-source-id/0476-ts_td/p00-r00-f000.png,unverified; fixed-size by default,"1 palette(s), one static frame."
477,art/interface/bookbackground.art,ART,D:/OpenArcanum/UIReference/Original/art/interface/0477-bookbackground/p00-r00-f000.png,668,400,no,Journal / Logbook,journal presentation,other,668,400,unknown,unknown,unknown,,Retail art/interface/interface.mes {477}; no literal call-site match (indirect/table-driven use remains possible).; source-name classification only; confirm table-driven call site before implementation.,yes,HDAssets/ui/by-source-id/0477-bookbackground/p00-r00-f000.png,unverified; fixed-size by default,"1 palette(s), one static frame."
478,art/interface/bookmanoldbold18font.art,ART,D:/OpenArcanum/UIReference/Original/art/interface/0478-bookmanoldbold18font/p00-r00-f000.png,2,20,yes,Journal / Logbook,journal presentation,glyph-set,2,20,unknown,unknown,unknown,,Retail art/interface/interface.mes {478}; no literal call-site match (indirect/table-driven use remains possible).; source-name classification only; confirm table-driven call site before implementation.,yes,HDAssets/ui/by-source-id/0478-bookmanoldbold18font/p00-r00-f000.png,unverified; fixed-size by default,"1 palette(s), 1 rotation(s), 225 frame(s) per rotation; preserve registration across the complete family."
479,art/interface/clarendonblk18font.art,ART,D:/OpenArcanum/UIReference/Original/art/interface/0479-clarendonblk18font/p00-r00-f000.png,2,21,yes,Common / Typography,bitmap font or glyph set,glyph-set,2,21,unknown,unknown,unknown,,Retail art/interface/interface.mes {479}; no literal call-site match (indirect/table-driven use remains possible).; source-name classification only; confirm table-driven call site before implementation.,yes,HDAssets/ui/by-source-id/0479-clarendonblk18font/p00-r00-f000.png,unverified; fixed-size by default,"1 palette(s), 1 rotation(s), 225 frame(s) per rotation; preserve registration across the complete family."
480,art/interface/courier10font.art,ART,D:/OpenArcanum/UIReference/Original/art/interface/0480-courier10font/p00-r00-f000.png,2,12,yes,Common / Typography,bitmap font or glyph set,glyph-set,2,12,unknown,unknown,unknown,,Retail art/interface/interface.mes {480}; no literal call-site match (indirect/table-driven use remains possible).; source-name classification only; confirm table-driven call site before implementation.,yes,HDAssets/ui/by-source-id/0480-courier10font/p00-r00-f000.png,unverified; fixed-size by default,"1 palette(s), 1 rotation(s), 225 frame(s) per rotation; preserve registration across the complete family."
481,art/interface/garmond6font.art,ART,D:/OpenArcanum/UIReference/Original/art/interface/0481-garmond6font/p00-r00-f000.png,2,7,yes,Common / Typography,bitmap font or glyph set,glyph-set,2,7,unknown,unknown,unknown,,Retail art/interface/interface.mes {481}; no literal call-site match (indirect/table-driven use remains possible).; source-name classification only; confirm table-driven call site before implementation.,yes,HDAssets/ui/by-source-id/0481-garmond6font/p00-r00-f000.png,unverified; fixed-size by default,"1 palette(s), 1 rotation(s), 225 frame(s) per rotation; preserve registration across the complete family."
482,art/interface/garmond8font.art,ART,D:/OpenArcanum/UIReference/Original/art/interface/0482-garmond8font/p00-r00-f000.png,2,10,yes,Common / Typography,bitmap font or glyph set,glyph-set,2,10,unknown,unknown,unknown,,Retail art/interface/interface.mes {482}; no literal call-site match (indirect/table-driven use remains possible).; source-name classification only; confirm table-driven call site before implementation.,yes,HDAssets/ui/by-source-id/0482-garmond8font/p00-r00-f000.png,unverified; fixed-size by default,"1 palette(s), 1 rotation(s), 225 frame(s) per rotation; preserve registration across the complete family."
483,art/interface/garmond9font.art,ART,D:/OpenArcanum/UIReference/Original/art/interface/0483-garmond9font/p00-r00-f000.png,1,10,yes,Character Creation,source-referenced presentation,glyph-set,1,10,unknown,unknown,no,,Retail art/interface/interface.mes {483}; arcanum-ce/src/ui/charedit_ui.c:3540; arcanum-ce/src/ui/charedit_ui.c:3546; arcanum-ce/src/ui/charedit_ui.c:3552,yes,HDAssets/ui/by-source-id/0483-garmond9font/p00-r00-f000.png,unverified; fixed-size by default,"1 palette(s), 1 rotation(s), 225 frame(s) per rotation; preserve registration across the complete family."
484,art/interface/georgia30font.art,ART,D:/OpenArcanum/UIReference/Original/art/interface/0484-georgia30font/p00-r00-f000.png,2,33,yes,Common / Typography,bitmap font or glyph set,glyph-set,2,33,unknown,unknown,unknown,,Retail art/interface/interface.mes {484}; no literal call-site match (indirect/table-driven use remains possible).; source-name classification only; confirm table-driven call site before implementation.,yes,HDAssets/ui/by-source-id/0484-georgia30font/p00-r00-f000.png,unverified; fixed-size by default,"1 palette(s), 1 rotation(s), 225 frame(s) per rotation; preserve registration across the complete family."
485,art/interface/zurich20font.art,ART,D:/OpenArcanum/UIReference/Original/art/interface/0485-zurich20font/p00-r00-f000.png,2,24,yes,Common / Typography,bitmap font or glyph set,glyph-set,2,24,unknown,unknown,unknown,,Retail art/interface/interface.mes {485}; no literal call-site match (indirect/table-driven use remains possible).; source-name classification only; confirm table-driven call site before implementation.,yes,HDAssets/ui/by-source-id/0485-zurich20font/p00-r00-f000.png,unverified; fixed-size by default,"1 palette(s), 1 rotation(s), 225 frame(s) per rotation; preserve registration across the complete family."
486,art/interface/latinxcn30font.art,ART,D:/OpenArcanum/UIReference/Original/art/interface/0486-latinxcn30font/p00-r00-f000.png,4,35,yes,Inventory / Equipment / Merchant / Loot,inventory presentation,glyph-set,4,35,unknown,unknown,no,,Retail art/interface/interface.mes {486}; arcanum-ce/src/ui/inven_ui.c:438,yes,HDAssets/ui/by-source-id/0486-latinxcn30font/p00-r00-f000.png,unverified; fixed-size by default,"1 palette(s), 1 rotation(s), 225 frame(s) per rotation; preserve registration across the complete family."
487,art/interface/newsbackground.art,ART,D:/OpenArcanum/UIReference/Original/art/interface/0487-newsbackground/p00-r00-f000.png,668,400,no,unknown,unknown,other,668,400,unknown,unknown,unknown,,Retail art/interface/interface.mes {487}; no literal call-site match (indirect/table-driven use remains possible).,yes,HDAssets/ui/by-source-id/0487-newsbackground/p00-r00-f000.png,unverified; fixed-size by default,"1 palette(s), one static frame."
488,art/interface/newsiconsfont.art,ART,D:/OpenArcanum/UIReference/Original/art/interface/0488-newsiconsfont/p00-r00-f000.png,4,81,yes,Common / Typography,bitmap font or glyph set,glyph-set,4,81,unknown,unknown,unknown,,Retail art/interface/interface.mes {488}; no literal call-site match (indirect/table-driven use remains possible).; source-name classification only; confirm table-driven call site before implementation.,yes,HDAssets/ui/by-source-id/0488-newsiconsfont/p00-r00-f000.png,unverified; fixed-size by default,"1 palette(s), 1 rotation(s), 225 frame(s) per rotation; preserve registration across the complete family."
489,art/interface/notebackground.art,ART,D:/OpenArcanum/UIReference/Original/art/interface/0489-notebackground/p00-r00-f000.png,668,400,no,unknown,unknown,other,668,400,unknown,unknown,unknown,,Retail art/interface/interface.mes {489}; no literal call-site match (indirect/table-driven use remains possible).,yes,HDAssets/ui/by-source-id/0489-notebackground/p00-r00-f000.png,unverified; fixed-size by default,"1 palette(s), one static frame."
490,art/interface/swiss921font.art,ART,D:/OpenArcanum/UIReference/Original/art/interface/0490-swiss921font/p00-r00-f000.png,2,37,yes,Common / Typography,bitmap font or glyph set,glyph-set,2,37,unknown,unknown,unknown,,Retail art/interface/interface.mes {490}; no literal call-site match (indirect/table-driven use remains possible).; source-name classification only; confirm table-driven call site before implementation.,yes,HDAssets/ui/by-source-id/0490-swiss921font/p00-r00-f000.png,unverified; fixed-size by default,"1 palette(s), 1 rotation(s), 225 frame(s) per rotation; preserve registration across the complete family."
491,art/interface/telebackground.art,ART,D:/OpenArcanum/UIReference/Original/art/interface/0491-telebackground/p00-r00-f000.png,668,400,no,unknown,unknown,other,668,400,unknown,unknown,unknown,,Retail art/interface/interface.mes {491}; no literal call-site match (indirect/table-driven use remains possible).,yes,HDAssets/ui/by-source-id/0491-telebackground/p00-r00-f000.png,unverified; fixed-size by default,"1 palette(s), one static frame."
492,art/interface/zurich16font.art,ART,D:/OpenArcanum/UIReference/Original/art/interface/0492-zurich16font/p00-r00-f000.png,3,17,yes,Common / Typography,bitmap font or glyph set,glyph-set,3,17,unknown,unknown,unknown,,Retail art/interface/interface.mes {492}; no literal call-site match (indirect/table-driven use remains possible).; source-name classification only; confirm table-driven call site before implementation.,yes,HDAssets/ui/by-source-id/0492-zurich16font/p00-r00-f000.png,unverified; fixed-size by default,"1 palette(s), 1 rotation(s), 225 frame(s) per rotation; preserve registration across the complete family."
493,art/interface/vssver.scc.art,ART,,unknown,unknown,unknown,unknown,unknown,other,unknown,unknown,unknown,unknown,unknown,,Retail art/interface/interface.mes {493}; no literal call-site match (indirect/table-driven use remains possible).,yes,HDAssets/ui/by-source-id/0493-vssver-scc/p00-r00-f000.png,unverified; fixed-size by default,EXPORT ERROR: The interface table target is absent from the mounted retail data.
494,art/interface/writensidebar.art,ART,D:/OpenArcanum/UIReference/Original/art/interface/0494-writensidebar/p00-r00-f000.png,132,400,yes,unknown,unknown,other,132,400,unknown,unknown,unknown,,Retail art/interface/interface.mes {494}; no literal call-site match (indirect/table-driven use remains possible).,yes,HDAssets/ui/by-source-id/0494-writensidebar/p00-r00-f000.png,unverified; fixed-size by default,"1 palette(s), one static frame."
495,art/interface/wrtnbooklarro.art,ART,D:/OpenArcanum/UIReference/Original/art/interface/0495-wrtnbooklarro/p00-r00-f000.png,18,22,no,Journal / Logbook,journal presentation,multi-frame family,18,22,unknown,unknown,unknown,,Retail art/interface/interface.mes {495}; no literal call-site match (indirect/table-driven use remains possible).; source-name classification only; confirm table-driven call site before implementation.,yes,HDAssets/ui/by-source-id/0495-wrtnbooklarro/p00-r00-f000.png,unverified; fixed-size by default,"1 palette(s), 1 rotation(s), 3 frame(s) per rotation; preserve registration across the complete family."
496,art/interface/wrtnbookrarro.art,ART,D:/OpenArcanum/UIReference/Original/art/interface/0496-wrtnbookrarro/p00-r00-f000.png,18,22,no,Journal / Logbook,journal presentation,multi-frame family,18,22,unknown,unknown,unknown,,Retail art/interface/interface.mes {496}; no literal call-site match (indirect/table-driven use remains possible).; source-name classification only; confirm table-driven call site before implementation.,yes,HDAssets/ui/by-source-id/0496-wrtnbookrarro/p00-r00-f000.png,unverified; fixed-size by default,"1 palette(s), 1 rotation(s), 3 frame(s) per rotation; preserve registration across the complete family."
497,art/interface/pepper20font.art,ART,D:/OpenArcanum/UIReference/Original/art/interface/0497-pepper20font/p00-r00-f000.png,2,19,yes,Common / Typography,bitmap font or glyph set,glyph-set,2,19,unknown,unknown,unknown,,Retail art/interface/interface.mes {497}; no literal call-site match (indirect/table-driven use remains possible).; source-name classification only; confirm table-driven call site before implementation.,yes,HDAssets/ui/by-source-id/0497-pepper20font/p00-r00-f000.png,unverified; fixed-size by default,"1 palette(s), 1 rotation(s), 225 frame(s) per rotation; preserve registration across the complete family."
498,art/interface/cursor_up.art,ART,D:/OpenArcanum/UIReference/Original/art/interface/0498-cursor_up/p00-r00-f000.png,17,17,yes,Gameplay HUD,source-referenced presentation,other,17,17,unknown,unknown,no,,Retail art/interface/interface.mes {498}; arcanum-ce/src/ui/intgame.c:2334,yes,HDAssets/ui/by-source-id/0498-cursor_up/p00-r00-f000.png,unverified; fixed-size by default,"1 palette(s), one static frame."
499,art/interface/cursor_dwn.art,ART,D:/OpenArcanum/UIReference/Original/art/interface/0499-cursor_dwn/p00-r00-f000.png,17,17,yes,Gameplay HUD,source-referenced presentation,other,17,17,unknown,unknown,no,,Retail art/interface/interface.mes {499}; arcanum-ce/src/ui/intgame.c:2349,yes,HDAssets/ui/by-source-id/0499-cursor_dwn/p00-r00-f000.png,unverified; fixed-size by default,"1 palette(s), one static frame."
500,art/interface/bookbackground.art,ART,D:/OpenArcanum/UIReference/Original/art/interface/0500-bookbackground/p00-r00-f000.png,668,400,no,Journal / Logbook,journal presentation,other,668,400,unknown,unknown,unknown,,Retail art/interface/interface.mes {500}; no literal call-site match (indirect/table-driven use remains possible).; source-name classification only; confirm table-driven call site before implementation.,yes,HDAssets/ui/by-source-id/0500-bookbackground/p00-r00-f000.png,unverified; fixed-size by default,"1 palette(s), one static frame."
501,art/interface/followerarrow_dwn.art,ART,D:/OpenArcanum/UIReference/Original/art/interface/0501-followerarrow_dwn/p00-r00-f000.png,67,13,no,Party,party presentation,other,67,13,unknown,unknown,unknown,,Retail art/interface/interface.mes {501}; no literal call-site match (indirect/table-driven use remains possible).; source-name classification only; confirm table-driven call site before implementation.,yes,HDAssets/ui/by-source-id/0501-followerarrow_dwn/p00-r00-f000.png,unverified; fixed-size by default,"1 palette(s), one static frame."
502,art/interface/followerarrow_up.art,ART,D:/OpenArcanum/UIReference/Original/art/interface/0502-followerarrow_up/p00-r00-f000.png,67,13,no,Party,party presentation,other,67,13,unknown,unknown,unknown,,Retail art/interface/interface.mes {502}; no literal call-site match (indirect/table-driven use remains possible).; source-name classification only; confirm table-driven call site before implementation.,yes,HDAssets/ui/by-source-id/0502-followerarrow_up/p00-r00-f000.png,unverified; fixed-size by default,"1 palette(s), one static frame."
503,art/interface/followerframe.art,ART,D:/OpenArcanum/UIReference/Original/art/interface/0503-followerframe/p00-r00-f000.png,40,49,yes,Party,party presentation,other,40,49,unknown,unknown,unknown,,Retail art/interface/interface.mes {503}; no literal call-site match (indirect/table-driven use remains possible).; source-name classification only; confirm table-driven call site before implementation.,yes,HDAssets/ui/by-source-id/0503-followerframe/p00-r00-f000.png,unverified; fixed-size by default,"1 palette(s), one static frame."
504,art/interface/followerframe_ft.art,ART,D:/OpenArcanum/UIReference/Original/art/interface/0504-followerframe_ft/p00-r00-f000.png,34,3,yes,Party,party presentation,other,34,3,unknown,unknown,unknown,,Retail art/interface/interface.mes {504}; no literal call-site match (indirect/table-driven use remains possible).; source-name classification only; confirm table-driven call site before implementation.,yes,HDAssets/ui/by-source-id/0504-followerframe_ft/p00-r00-f000.png,unverified; fixed-size by default,"1 palette(s), one static frame."
505,art/interface/followerframe_hp.art,ART,D:/OpenArcanum/UIReference/Original/art/interface/0505-followerframe_hp/p00-r00-f000.png,34,3,no,Party,party presentation,other,34,3,unknown,unknown,unknown,,Retail art/interface/interface.mes {505}; no literal call-site match (indirect/table-driven use remains possible).; source-name classification only; confirm table-driven call site before implementation.,yes,HDAssets/ui/by-source-id/0505-followerframe_hp/p00-r00-f000.png,unverified; fixed-size by default,"1 palette(s), one static frame."
506,art/interface/follow_scroll_up.art,ART,D:/OpenArcanum/UIReference/Original/art/interface/0506-follow_scroll_up/p00-r00-f000.png,33,13,no,Party,party presentation,multi-frame family,33,13,unknown,unknown,unknown,,Retail art/interface/interface.mes {506}; no literal call-site match (indirect/table-driven use remains possible).; source-name classification only; confirm table-driven call site before implementation.,yes,HDAssets/ui/by-source-id/0506-follow_scroll_up/p00-r00-f000.png,unverified; fixed-size by default,"1 palette(s), 1 rotation(s), 2 frame(s) per rotation; preserve registration across the complete family."
507,art/interface/follow_scroll_up_off.art,ART,D:/OpenArcanum/UIReference/Original/art/interface/0507-follow_scroll_up_off/p00-r00-f000.png,33,13,no,Party,party presentation,other,33,13,unknown,unknown,unknown,,Retail art/interface/interface.mes {507}; no literal call-site match (indirect/table-driven use remains possible).; source-name classification only; confirm table-driven call site before implementation.,yes,HDAssets/ui/by-source-id/0507-follow_scroll_up_off/p00-r00-f000.png,unverified; fixed-size by default,"1 palette(s), one static frame."
508,art/interface/follow_scroll_dwn.art,ART,D:/OpenArcanum/UIReference/Original/art/interface/0508-follow_scroll_dwn/p00-r00-f000.png,34,13,no,Party,party presentation,multi-frame family,34,13,unknown,unknown,unknown,,Retail art/interface/interface.mes {508}; no literal call-site match (indirect/table-driven use remains possible).; source-name classification only; confirm table-driven call site before implementation.,yes,HDAssets/ui/by-source-id/0508-follow_scroll_dwn/p00-r00-f000.png,unverified; fixed-size by default,"1 palette(s), 1 rotation(s), 2 frame(s) per rotation; preserve registration across the complete family."
509,art/interface/follow_scroll_dwn_off.art,ART,D:/OpenArcanum/UIReference/Original/art/interface/0509-follow_scroll_dwn_off/p00-r00-f000.png,34,13,no,Party,party presentation,other,34,13,unknown,unknown,unknown,,Retail art/interface/interface.mes {509}; no literal call-site match (indirect/table-driven use remains possible).; source-name classification only; confirm table-driven call site before implementation.,yes,HDAssets/ui/by-source-id/0509-follow_scroll_dwn_off/p00-r00-f000.png,unverified; fixed-size by default,"1 palette(s), one static frame."
510,art/interface/acid_scheme.art,ART,D:/OpenArcanum/UIReference/Original/art/interface/0510-acid_scheme/p00-r00-f000.png,295,225,no,Crafting / Schematics,crafting presentation,other,295,225,unknown,unknown,unknown,,Retail art/interface/interface.mes {510}; no literal call-site match (indirect/table-driven use remains possible).; source-name classification only; confirm table-driven call site before implementation.,yes,HDAssets/ui/by-source-id/0510-acid_scheme/p00-r00-f000.png,unverified; fixed-size by default,"1 palette(s), one static frame."
511,art/interface/animal_lure_scheme.art,ART,D:/OpenArcanum/UIReference/Original/art/interface/0511-animal_lure_scheme/p00-r00-f000.png,295,225,no,Crafting / Schematics,crafting presentation,other,295,225,unknown,unknown,unknown,,Retail art/interface/interface.mes {511}; no literal call-site match (indirect/table-driven use remains possible).; source-name classification only; confirm table-driven call site before implementation.,yes,HDAssets/ui/by-source-id/0511-animal_lure_scheme/p00-r00-f000.png,unverified; fixed-size by default,"1 palette(s), one static frame."
512,art/interface/animal_scent_scheme.art,ART,D:/OpenArcanum/UIReference/Original/art/interface/0512-animal_scent_scheme/p00-r00-f000.png,295,225,no,Crafting / Schematics,crafting presentation,other,295,225,unknown,unknown,unknown,,Retail art/interface/interface.mes {512}; no literal call-site match (indirect/table-driven use remains possible).; source-name classification only; confirm table-driven call site before implementation.,yes,HDAssets/ui/by-source-id/0512-animal_scent_scheme/p00-r00-f000.png,unverified; fixed-size by default,"1 palette(s), one static frame."
513,art/interface/boost_all_stats_scheme.art,ART,D:/OpenArcanum/UIReference/Original/art/interface/0513-boost_all_stats_scheme/p00-r00-f000.png,295,225,no,Crafting / Schematics,crafting presentation,other,295,225,unknown,unknown,unknown,,Retail art/interface/interface.mes {513}; no literal call-site match (indirect/table-driven use remains possible).; source-name classification only; confirm table-driven call site before implementation.,yes,HDAssets/ui/by-source-id/0513-boost_all_stats_scheme/p00-r00-f000.png,unverified; fixed-size by default,"1 palette(s), one static frame."
514,art/interface/boost_mental_faculties_scheme.art,ART,D:/OpenArcanum/UIReference/Original/art/interface/0514-boost_mental_faculties_scheme/p00-r00-f000.png,295,225,no,Crafting / Schematics,crafting presentation,other,295,225,unknown,unknown,unknown,,Retail art/interface/interface.mes {514}; no literal call-site match (indirect/table-driven use remains possible).; source-name classification only; confirm table-driven call site before implementation.,yes,HDAssets/ui/by-source-id/0514-boost_mental_faculties_scheme/p00-r00-f000.png,unverified; fixed-size by default,"1 palette(s), one static frame."
515,art/interface/clockwotk_decoy_scheme.art,ART,D:/OpenArcanum/UIReference/Original/art/interface/0515-clockwotk_decoy_scheme/p00-r00-f000.png,295,225,no,Crafting / Schematics,crafting presentation,other,295,225,unknown,unknown,unknown,,Retail art/interface/interface.mes {515}; no literal call-site match (indirect/table-driven use remains possible).; source-name classification only; confirm table-driven call site before implementation.,yes,HDAssets/ui/by-source-id/0515-clockwotk_decoy_scheme/p00-r00-f000.png,unverified; fixed-size by default,"1 palette(s), one static frame."
516,art/interface/cure_all_scheme.art,ART,D:/OpenArcanum/UIReference/Original/art/interface/0516-cure_all_scheme/p00-r00-f000.png,295,225,no,Crafting / Schematics,crafting presentation,other,295,225,unknown,unknown,unknown,,Retail art/interface/interface.mes {516}; no literal call-site match (indirect/table-driven use remains possible).; source-name classification only; confirm table-driven call site before implementation.,yes,HDAssets/ui/by-source-id/0516-cure_all_scheme/p00-r00-f000.png,unverified; fixed-size by default,"1 palette(s), one static frame."
517,art/interface/cure_poison_scheme.art,ART,D:/OpenArcanum/UIReference/Original/art/interface/0517-cure_poison_scheme/p00-r00-f000.png,295,225,no,Crafting / Schematics,crafting presentation,other,295,225,unknown,unknown,unknown,,Retail art/interface/interface.mes {517}; no literal call-site match (indirect/table-driven use remains possible).; source-name classification only; confirm table-driven call site before implementation.,yes,HDAssets/ui/by-source-id/0517-cure_poison_scheme/p00-r00-f000.png,unverified; fixed-size by default,"1 palette(s), one static frame."
518,art/interface/dwarven_gauntlet_scheme.art,ART,D:/OpenArcanum/UIReference/Original/art/interface/0518-dwarven_gauntlet_scheme/p00-r00-f000.png,295,225,no,Crafting / Schematics,crafting presentation,other,295,225,unknown,unknown,unknown,,Retail art/interface/interface.mes {518}; no literal call-site match (indirect/table-driven use remains possible).; source-name classification only; confirm table-driven call site before implementation.,yes,HDAssets/ui/by-source-id/0518-dwarven_gauntlet_scheme/p00-r00-f000.png,unverified; fixed-size by default,"1 palette(s), one static frame."
519,art/interface/electric_light_scheme.art,ART,D:/OpenArcanum/UIReference/Original/art/interface/0519-electric_light_scheme/p00-r00-f000.png,295,225,no,Crafting / Schematics,crafting presentation,other,295,225,unknown,unknown,unknown,,Retail art/interface/interface.mes {519}; no literal call-site match (indirect/table-driven use remains possible).; source-name classification only; confirm table-driven call site before implementation.,yes,HDAssets/ui/by-source-id/0519-electric_light_scheme/p00-r00-f000.png,unverified; fixed-size by default,"1 palette(s), one static frame."
520,art/interface/elephant_gun_scheme.art,ART,D:/OpenArcanum/UIReference/Original/art/interface/0520-elephant_gun_scheme/p00-r00-f000.png,295,225,no,Crafting / Schematics,crafting presentation,other,295,225,unknown,unknown,unknown,,Retail art/interface/interface.mes {520}; no literal call-site match (indirect/table-driven use remains possible).; source-name classification only; confirm table-driven call site before implementation.,yes,HDAssets/ui/by-source-id/0520-elephant_gun_scheme/p00-r00-f000.png,unverified; fixed-size by default,"1 palette(s), one static frame."
521,art/interface/eliteplate_schematic.art,ART,D:/OpenArcanum/UIReference/Original/art/interface/0521-eliteplate_schematic/p00-r00-f000.png,295,225,no,Crafting / Schematics,crafting presentation,other,295,225,unknown,unknown,unknown,,Retail art/interface/interface.mes {521}; no literal call-site match (indirect/table-driven use remains possible).; source-name classification only; confirm table-driven call site before implementation.,yes,HDAssets/ui/by-source-id/0521-eliteplate_schematic/p00-r00-f000.png,unverified; fixed-size by default,"1 palette(s), one static frame."
522,art/interface/energizer_scheme.art,ART,D:/OpenArcanum/UIReference/Original/art/interface/0522-energizer_scheme/p00-r00-f000.png,295,225,no,Crafting / Schematics,crafting presentation,other,295,225,unknown,unknown,unknown,,Retail art/interface/interface.mes {522}; no literal call-site match (indirect/table-driven use remains possible).; source-name classification only; confirm table-driven call site before implementation.,yes,HDAssets/ui/by-source-id/0522-energizer_scheme/p00-r00-f000.png,unverified; fixed-size by default,"1 palette(s), one static frame."
523,art/interface/explosive_grenade_scheme.art,ART,D:/OpenArcanum/UIReference/Original/art/interface/0523-explosive_grenade_scheme/p00-r00-f000.png,295,225,no,Crafting / Schematics,crafting presentation,other,295,225,unknown,unknown,unknown,,Retail art/interface/interface.mes {523}; no literal call-site match (indirect/table-driven use remains possible).; source-name classification only; confirm table-driven call site before implementation.,yes,HDAssets/ui/by-source-id/0523-explosive_grenade_scheme/p00-r00-f000.png,unverified; fixed-size by default,"1 palette(s), one static frame."
524,art/interface/fatigue_limiter_scheme.art,ART,D:/OpenArcanum/UIReference/Original/art/interface/0524-fatigue_limiter_scheme/p00-r00-f000.png,295,225,no,Crafting / Schematics,crafting presentation,other,295,225,unknown,unknown,unknown,,Retail art/interface/interface.mes {524}; no literal call-site match (indirect/table-driven use remains possible).; source-name classification only; confirm table-driven call site before implementation.,yes,HDAssets/ui/by-source-id/0524-fatigue_limiter_scheme/p00-r00-f000.png,unverified; fixed-size by default,"1 palette(s), one static frame."
525,art/interface/fatigue_restore_scheme.art,ART,D:/OpenArcanum/UIReference/Original/art/interface/0525-fatigue_restore_scheme/p00-r00-f000.png,295,225,no,Crafting / Schematics,crafting presentation,other,295,225,unknown,unknown,unknown,,Retail art/interface/interface.mes {525}; no literal call-site match (indirect/table-driven use remains possible).; source-name classification only; confirm table-driven call site before implementation.,yes,HDAssets/ui/by-source-id/0525-fatigue_restore_scheme/p00-r00-f000.png,unverified; fixed-size by default,"1 palette(s), one static frame."
526,art/interface/fine_pistol.scheme.art,ART,D:/OpenArcanum/UIReference/Original/art/interface/0526-fine_pistol-scheme/p00-r00-f000.png,295,225,no,Crafting / Schematics,crafting presentation,other,295,225,unknown,unknown,unknown,,Retail art/interface/interface.mes {526}; no literal call-site match (indirect/table-driven use remains possible).; source-name classification only; confirm table-driven call site before implementation.,yes,HDAssets/ui/by-source-id/0526-fine_pistol-scheme/p00-r00-f000.png,unverified; fixed-size by default,"1 palette(s), one static frame."
527,art/interface/fire_obstruction_scheme.art,ART,D:/OpenArcanum/UIReference/Original/art/interface/0527-fire_obstruction_scheme/p00-r00-f000.png,295,225,no,Crafting / Schematics,crafting presentation,other,295,225,unknown,unknown,unknown,,Retail art/interface/interface.mes {527}; no literal call-site match (indirect/table-driven use remains possible).; source-name classification only; confirm table-driven call site before implementation.,yes,HDAssets/ui/by-source-id/0527-fire_obstruction_scheme/p00-r00-f000.png,unverified; fixed-size by default,"1 palette(s), one static frame."
528,art/interface/flash_grenadescheme.art,ART,D:/OpenArcanum/UIReference/Original/art/interface/0528-flash_grenadescheme/p00-r00-f000.png,295,225,no,Crafting / Schematics,crafting presentation,other,295,225,unknown,unknown,unknown,,Retail art/interface/interface.mes {528}; no literal call-site match (indirect/table-driven use remains possible).; source-name classification only; confirm table-driven call site before implementation.,yes,HDAssets/ui/by-source-id/0528-flash_grenadescheme/p00-r00-f000.png,unverified; fixed-size by default,"1 palette(s), one static frame."
529,art/interface/folding_rifle_scheme.art,ART,D:/OpenArcanum/UIReference/Original/art/interface/0529-folding_rifle_scheme/p00-r00-f000.png,295,225,no,Crafting / Schematics,crafting presentation,other,295,225,unknown,unknown,unknown,,Retail art/interface/interface.mes {529}; no literal call-site match (indirect/table-driven use remains possible).; source-name classification only; confirm table-driven call site before implementation.,yes,HDAssets/ui/by-source-id/0529-folding_rifle_scheme/p00-r00-f000.png,unverified; fixed-size by default,"1 palette(s), one static frame."
530,art/interface/hallicinite_scheme.art,ART,D:/OpenArcanum/UIReference/Original/art/interface/0530-hallicinite_scheme/p00-r00-f000.png,295,225,no,Crafting / Schematics,crafting presentation,other,295,225,unknown,unknown,unknown,,Retail art/interface/interface.mes {530}; no literal call-site match (indirect/table-driven use remains possible).; source-name classification only; confirm table-driven call site before implementation.,yes,HDAssets/ui/by-source-id/0530-hallicinite_scheme/p00-r00-f000.png,unverified; fixed-size by default,"1 palette(s), one static frame."
531,art/interface/heal_accelerator_scheme.art,ART,D:/OpenArcanum/UIReference/Original/art/interface/0531-heal_accelerator_scheme/p00-r00-f000.png,295,225,no,Crafting / Schematics,crafting presentation,other,295,225,unknown,unknown,unknown,,Retail art/interface/interface.mes {531}; no literal call-site match (indirect/table-driven use remains possible).; source-name classification only; confirm table-driven call site before implementation.,yes,HDAssets/ui/by-source-id/0531-heal_accelerator_scheme/p00-r00-f000.png,unverified; fixed-size by default,"1 palette(s), one static frame."
532,art/interface/heal_lite_scheme.art,ART,D:/OpenArcanum/UIReference/Original/art/interface/0532-heal_lite_scheme/p00-r00-f000.png,295,225,no,Crafting / Schematics,crafting presentation,other,295,225,unknown,unknown,unknown,,Retail art/interface/interface.mes {532}; no literal call-site match (indirect/table-driven use remains possible).; source-name classification only; confirm table-driven call site before implementation.,yes,HDAssets/ui/by-source-id/0532-heal_lite_scheme/p00-r00-f000.png,unverified; fixed-size by default,"1 palette(s), one static frame."
533,art/interface/healing_jacket_scheme.art,ART,D:/OpenArcanum/UIReference/Original/art/interface/0533-healing_jacket_scheme/p00-r00-f000.png,295,225,no,Crafting / Schematics,crafting presentation,other,295,225,unknown,unknown,unknown,,Retail art/interface/interface.mes {533}; no literal call-site match (indirect/table-driven use remains possible).; source-name classification only; confirm table-driven call site before implementation.,yes,HDAssets/ui/by-source-id/0533-healing_jacket_scheme/p00-r00-f000.png,unverified; fixed-size by default,"1 palette(s), one static frame."
534,art/interface/hushed_pistol_scheme.art,ART,D:/OpenArcanum/UIReference/Original/art/interface/0534-hushed_pistol_scheme/p00-r00-f000.png,295,225,no,Crafting / Schematics,crafting presentation,other,295,225,unknown,unknown,unknown,,Retail art/interface/interface.mes {534}; no literal call-site match (indirect/table-driven use remains possible).; source-name classification only; confirm table-driven call site before implementation.,yes,HDAssets/ui/by-source-id/0534-hushed_pistol_scheme/p00-r00-f000.png,unverified; fixed-size by default,"1 palette(s), one static frame."
535,art/interface/intelligence_booster_scheme.art,ART,D:/OpenArcanum/UIReference/Original/art/interface/0535-intelligence_booster_scheme/p00-r00-f000.png,295,225,no,Crafting / Schematics,crafting presentation,other,295,225,unknown,unknown,unknown,,Retail art/interface/interface.mes {535}; no literal call-site match (indirect/table-driven use remains possible).; source-name classification only; confirm table-driven call site before implementation.,yes,HDAssets/ui/by-source-id/0535-intelligence_booster_scheme/p00-r00-f000.png,unverified; fixed-size by default,"1 palette(s), one static frame."
536,art/interface/inv_mag_hat_scheme.art,ART,D:/OpenArcanum/UIReference/Original/art/interface/0536-inv_mag_hat_scheme/p00-r00-f000.png,295,225,no,Inventory / Equipment,inventory or equipment presentation,other,295,225,unknown,unknown,unknown,,Retail art/interface/interface.mes {536}; no literal call-site match (indirect/table-driven use remains possible).; source-name classification only; confirm table-driven call site before implementation.,yes,HDAssets/ui/by-source-id/0536-inv_mag_hat_scheme/p00-r00-f000.png,unverified; fixed-size by default,"1 palette(s), one static frame."
537,art/interface/looking_glass_rifle_scheme.art,ART,D:/OpenArcanum/UIReference/Original/art/interface/0537-looking_glass_rifle_scheme/p00-r00-f000.png,295,225,no,Crafting / Schematics,crafting presentation,other,295,225,unknown,unknown,unknown,,Retail art/interface/interface.mes {537}; no literal call-site match (indirect/table-driven use remains possible).; source-name classification only; confirm table-driven call site before implementation.,yes,HDAssets/ui/by-source-id/0537-looking_glass_rifle_scheme/p00-r00-f000.png,unverified; fixed-size by default,"1 palette(s), one static frame."
538,art/interface/magic_detector_scheme.art,ART,D:/OpenArcanum/UIReference/Original/art/interface/0538-magic_detector_scheme/p00-r00-f000.png,295,225,no,Crafting / Schematics,crafting presentation,other,295,225,unknown,unknown,unknown,,Retail art/interface/interface.mes {538}; no literal call-site match (indirect/table-driven use remains possible).; source-name classification only; confirm table-driven call site before implementation.,yes,HDAssets/ui/by-source-id/0538-magic_detector_scheme/p00-r00-f000.png,unverified; fixed-size by default,"1 palette(s), one static frame."
539,art/interface/magic_detector02_scheme.art,ART,D:/OpenArcanum/UIReference/Original/art/interface/0539-magic_detector02_scheme/p00-r00-f000.png,295,225,no,Crafting / Schematics,crafting presentation,other,295,225,unknown,unknown,unknown,,Retail art/interface/interface.mes {539}; no literal call-site match (indirect/table-driven use remains possible).; source-name classification only; confirm table-driven call site before implementation.,yes,HDAssets/ui/by-source-id/0539-magic_detector02_scheme/p00-r00-f000.png,unverified; fixed-size by default,"1 palette(s), one static frame."
540,art/interface/mechanized_gun_scheme.art,ART,D:/OpenArcanum/UIReference/Original/art/interface/0540-mechanized_gun_scheme/p00-r00-f000.png,295,225,no,Crafting / Schematics,crafting presentation,other,295,225,unknown,unknown,unknown,,Retail art/interface/interface.mes {540}; no literal call-site match (indirect/table-driven use remains possible).; source-name classification only; confirm table-driven call site before implementation.,yes,HDAssets/ui/by-source-id/0540-mechanized_gun_scheme/p00-r00-f000.png,unverified; fixed-size by default,"1 palette(s), one static frame."
541,art/interface/perception_booster_scheme.art,ART,D:/OpenArcanum/UIReference/Original/art/interface/0541-perception_booster_scheme/p00-r00-f000.png,295,225,no,Crafting / Schematics,crafting presentation,other,295,225,unknown,unknown,unknown,,Retail art/interface/interface.mes {541}; no literal call-site match (indirect/table-driven use remains possible).; source-name classification only; confirm table-driven call site before implementation.,yes,HDAssets/ui/by-source-id/0541-perception_booster_scheme/p00-r00-f000.png,unverified; fixed-size by default,"1 palette(s), one static frame."
542,art/interface/poison_scheme.art,ART,D:/OpenArcanum/UIReference/Original/art/interface/0542-poison_scheme/p00-r00-f000.png,295,225,no,Crafting / Schematics,crafting presentation,other,295,225,unknown,unknown,unknown,,Retail art/interface/interface.mes {542}; no literal call-site match (indirect/table-driven use remains possible).; source-name classification only; confirm table-driven call site before implementation.,yes,HDAssets/ui/by-source-id/0542-poison_scheme/p00-r00-f000.png,unverified; fixed-size by default,"1 palette(s), one static frame."
543,art/interface/pure_ore_scheme.art,ART,D:/OpenArcanum/UIReference/Original/art/interface/0543-pure_ore_scheme/p00-r00-f000.png,295,225,no,Crafting / Schematics,crafting presentation,other,295,225,unknown,unknown,unknown,,Retail art/interface/interface.mes {543}; no literal call-site match (indirect/table-driven use remains possible).; source-name classification only; confirm table-driven call site before implementation.,yes,HDAssets/ui/by-source-id/0543-pure_ore_scheme/p00-r00-f000.png,unverified; fixed-size by default,"1 palette(s), one static frame."
544,art/interface/repeater_rifle_scheme.art,ART,D:/OpenArcanum/UIReference/Original/art/interface/0544-repeater_rifle_scheme/p00-r00-f000.png,295,225,no,Crafting / Schematics,crafting presentation,other,295,225,unknown,unknown,unknown,,Retail art/interface/interface.mes {544}; no literal call-site match (indirect/table-driven use remains possible).; source-name classification only; confirm table-driven call site before implementation.,yes,HDAssets/ui/by-source-id/0544-repeater_rifle_scheme/p00-r00-f000.png,unverified; fixed-size by default,"1 palette(s), one static frame."
545,art/interface/shocking_staff_scheme.art,ART,D:/OpenArcanum/UIReference/Original/art/interface/0545-shocking_staff_scheme/p00-r00-f000.png,295,225,no,Crafting / Schematics,crafting presentation,other,295,225,unknown,unknown,unknown,,Retail art/interface/interface.mes {545}; no literal call-site match (indirect/table-driven use remains possible).; source-name classification only; confirm table-driven call site before implementation.,yes,HDAssets/ui/by-source-id/0545-shocking_staff_scheme/p00-r00-f000.png,unverified; fixed-size by default,"1 palette(s), one static frame."
546,art/interface/smoke_grenade_scheme.art,ART,D:/OpenArcanum/UIReference/Original/art/interface/0546-smoke_grenade_scheme/p00-r00-f000.png,295,225,no,Crafting / Schematics,crafting presentation,other,295,225,unknown,unknown,unknown,,Retail art/interface/interface.mes {546}; no literal call-site match (indirect/table-driven use remains possible).; source-name classification only; confirm table-driven call site before implementation.,yes,HDAssets/ui/by-source-id/0546-smoke_grenade_scheme/p00-r00-f000.png,unverified; fixed-size by default,"1 palette(s), one static frame."
547,art/interface/strength_booster_scheme.art,ART,D:/OpenArcanum/UIReference/Original/art/interface/0547-strength_booster_scheme/p00-r00-f000.png,295,225,no,Crafting / Schematics,crafting presentation,other,295,225,unknown,unknown,unknown,,Retail art/interface/interface.mes {547}; no literal call-site match (indirect/table-driven use remains possible).; source-name classification only; confirm table-driven call site before implementation.,yes,HDAssets/ui/by-source-id/0547-strength_booster_scheme/p00-r00-f000.png,unverified; fixed-size by default,"1 palette(s), one static frame."
548,art/interface/stun_grenade_scheme.art,ART,D:/OpenArcanum/UIReference/Original/art/interface/0548-stun_grenade_scheme/p00-r00-f000.png,295,225,no,Crafting / Schematics,crafting presentation,other,295,225,unknown,unknown,unknown,,Retail art/interface/interface.mes {548}; no literal call-site match (indirect/table-driven use remains possible).; source-name classification only; confirm table-driven call site before implementation.,yes,HDAssets/ui/by-source-id/0548-stun_grenade_scheme/p00-r00-f000.png,unverified; fixed-size by default,"1 palette(s), one static frame."
549,art/interface/sword_of_balance_scheme.art,ART,D:/OpenArcanum/UIReference/Original/art/interface/0549-sword_of_balance_scheme/p00-r00-f000.png,295,225,no,Crafting / Schematics,crafting presentation,other,295,225,unknown,unknown,unknown,,Retail art/interface/interface.mes {549}; no literal call-site match (indirect/table-driven use remains possible).; source-name classification only; confirm table-driven call site before implementation.,yes,HDAssets/ui/by-source-id/0549-sword_of_balance_scheme/p00-r00-f000.png,unverified; fixed-size by default,"1 palette(s), one static frame."
550,art/interface/telsa_rod_scheme.art,ART,D:/OpenArcanum/UIReference/Original/art/interface/0550-telsa_rod_scheme/p00-r00-f000.png,295,225,no,Crafting / Schematics,crafting presentation,other,295,225,unknown,unknown,unknown,,Retail art/interface/interface.mes {550}; no literal call-site match (indirect/table-driven use remains possible).; source-name classification only; confirm table-driven call site before implementation.,yes,HDAssets/ui/by-source-id/0550-telsa_rod_scheme/p00-r00-f000.png,unverified; fixed-size by default,"1 palette(s), one static frame."
551,art/interface/ultralite_axe_scheme.art,ART,D:/OpenArcanum/UIReference/Original/art/interface/0551-ultralite_axe_scheme/p00-r00-f000.png,295,225,no,Crafting / Schematics,crafting presentation,other,295,225,unknown,unknown,unknown,,Retail art/interface/interface.mes {551}; no literal call-site match (indirect/table-driven use remains possible).; source-name classification only; confirm table-driven call site before implementation.,yes,HDAssets/ui/by-source-id/0551-ultralite_axe_scheme/p00-r00-f000.png,unverified; fixed-size by default,"1 palette(s), one static frame."
552,art/interface/ultralite_axe_scheme_2.art,ART,D:/OpenArcanum/UIReference/Original/art/interface/0552-ultralite_axe_scheme_2/p00-r00-f000.png,295,225,no,Crafting / Schematics,crafting presentation,other,295,225,unknown,unknown,unknown,,Retail art/interface/interface.mes {552}; no literal call-site match (indirect/table-driven use remains possible).; source-name classification only; confirm table-driven call site before implementation.,yes,HDAssets/ui/by-source-id/0552-ultralite_axe_scheme_2/p00-r00-f000.png,unverified; fixed-size by default,"1 palette(s), one static frame."
553,art/interface/ultralite_chain_mail_scheme.art,ART,D:/OpenArcanum/UIReference/Original/art/interface/0553-ultralite_chain_mail_scheme/p00-r00-f000.png,295,225,no,Crafting / Schematics,crafting presentation,other,295,225,unknown,unknown,unknown,,Retail art/interface/interface.mes {553}; no literal call-site match (indirect/table-driven use remains possible).; source-name classification only; confirm table-driven call site before implementation.,yes,HDAssets/ui/by-source-id/0553-ultralite_chain_mail_scheme/p00-r00-f000.png,unverified; fixed-size by default,"1 palette(s), one static frame."
554,art/interface/wonder_drug_scheme.art,ART,D:/OpenArcanum/UIReference/Original/art/interface/0554-wonder_drug_scheme/p00-r00-f000.png,295,225,no,Crafting / Schematics,crafting presentation,other,295,225,unknown,unknown,unknown,,Retail art/interface/interface.mes {554}; no literal call-site match (indirect/table-driven use remains possible).; source-name classification only; confirm table-driven call site before implementation.,yes,HDAssets/ui/by-source-id/0554-wonder_drug_scheme/p00-r00-f000.png,unverified; fixed-size by default,"1 palette(s), one static frame."
555,art/interface/hoverattack.art,ART,D:/OpenArcanum/UIReference/Original/art/interface/0555-hoverattack/p00-r00-f000.png,44,34,yes,Common / Cursors,cursor or targeting feedback,multi-frame family,44,34,unknown,unknown,no,,Retail art/interface/interface.mes {555}; arcanum-ce/src/game/object.c:1001; arcanum-ce/src/game/object.c:1002; source-name classification only; confirm table-driven call site before implementation.,yes,HDAssets/ui/by-source-id/0555-hoverattack/p00-r00-f000.png,unverified; fixed-size by default,"1 palette(s), 1 rotation(s), 14 frame(s) per rotation; preserve registration across the complete family."
556,art/interface/optionsmenuback.art,ART,D:/OpenArcanum/UIReference/Original/art/interface/0556-optionsmenuback/p00-r00-f000.png,800,600,no,Options,options presentation,other,800,600,unknown,unknown,unknown,,Retail art/interface/interface.mes {556}; no literal call-site match (indirect/table-driven use remains possible).; source-name classification only; confirm table-driven call site before implementation.,yes,HDAssets/ui/by-source-id/0556-optionsmenuback/p00-r00-f000.png,unverified; fixed-size by default,"1 palette(s), one static frame."
557,art/interface/createyourown.art,ART,D:/OpenArcanum/UIReference/Original/art/interface/0557-createyourown/p00-r00-f000.png,267,361,yes,unknown,unknown,other,267,361,unknown,unknown,unknown,,Retail art/interface/interface.mes {557}; no literal call-site match (indirect/table-driven use remains possible).,yes,HDAssets/ui/by-source-id/0557-createyourown/p00-r00-f000.png,unverified; fixed-size by default,"1 palette(s), one static frame."
558,art/interface/tmap_on.art,ART,D:/OpenArcanum/UIReference/Original/art/interface/0558-tmap_on/p00-r00-f000.png,34,34,no,Local Map,local-map presentation,multi-frame family,34,34,unknown,unknown,unknown,,Retail art/interface/interface.mes {558}; no literal call-site match (indirect/table-driven use remains possible).; source-name classification only; confirm table-driven call site before implementation.,yes,HDAssets/ui/by-source-id/0558-tmap_on/p00-r00-f000.png,unverified; fixed-size by default,"1 palette(s), 1 rotation(s), 2 frame(s) per rotation; preserve registration across the complete family."
559,art/interface/invn_on.art,ART,D:/OpenArcanum/UIReference/Original/art/interface/0559-invn_on/p00-r00-f000.png,34,34,no,unknown,unknown,multi-frame family,34,34,unknown,unknown,unknown,,Retail art/interface/interface.mes {559}; no literal call-site match (indirect/table-driven use remains possible).,yes,HDAssets/ui/by-source-id/0559-invn_on/p00-r00-f000.png,unverified; fixed-size by default,"1 palette(s), 1 rotation(s), 2 frame(s) per rotation; preserve registration across the complete family."
560,art/interface/log_on.art,ART,D:/OpenArcanum/UIReference/Original/art/interface/0560-log_on/p00-r00-f000.png,34,34,no,Journal / Logbook,journal presentation,multi-frame family,34,34,unknown,unknown,unknown,,Retail art/interface/interface.mes {560}; no literal call-site match (indirect/table-driven use remains possible).; source-name classification only; confirm table-driven call site before implementation.,yes,HDAssets/ui/by-source-id/0560-log_on/p00-r00-f000.png,unverified; fixed-size by default,"1 palette(s), 1 rotation(s), 2 frame(s) per rotation; preserve registration across the complete family."
561,art/interface/char_on.art,ART,D:/OpenArcanum/UIReference/Original/art/interface/0561-char_on/p00-r00-f000.png,34,34,no,Character / Character Creation,character presentation,other,34,34,unknown,unknown,unknown,,Retail art/interface/interface.mes {561}; no literal call-site match (indirect/table-driven use remains possible).; source-name classification only; confirm table-driven call site before implementation.,yes,HDAssets/ui/by-source-id/0561-char_on/p00-r00-f000.png,unverified; fixed-size by default,"1 palette(s), one static frame."
562,art/interface/blank_scheme.art,ART,D:/OpenArcanum/UIReference/Original/art/interface/0562-blank_scheme/p00-r00-f000.png,295,225,no,Crafting / Schematics,crafting presentation,other,295,225,unknown,unknown,unknown,,Retail art/interface/interface.mes {562}; no literal call-site match (indirect/table-driven use remains possible).; source-name classification only; confirm table-driven call site before implementation.,yes,HDAssets/ui/by-source-id/0562-blank_scheme/p00-r00-f000.png,unverified; fixed-size by default,"1 palette(s), one static frame."
563,art/interface/magickweapon_butt.art,ART,D:/OpenArcanum/UIReference/Original/art/interface/0563-magickweapon_butt/p00-r00-f000.png,35,36,yes,unknown,unknown,multi-frame family,35,36,unknown,unknown,unknown,,Retail art/interface/interface.mes {563}; no literal call-site match (indirect/table-driven use remains possible).,yes,HDAssets/ui/by-source-id/0563-magickweapon_butt/p00-r00-f000.png,unverified; fixed-size by default,"1 palette(s), 1 rotation(s), 3 frame(s) per rotation; preserve registration across the complete family."
564,art/interface/magickweapon_rot.art,ART,D:/OpenArcanum/UIReference/Original/art/interface/0564-magickweapon_rot/p00-r00-f000.png,410,107,no,unknown,unknown,other,410,107,unknown,unknown,unknown,,Retail art/interface/interface.mes {564}; no literal call-site match (indirect/table-driven use remains possible).,yes,HDAssets/ui/by-source-id/0564-magickweapon_rot/p00-r00-f000.png,unverified; fixed-size by default,"1 palette(s), one static frame."
565,art/interface/sleep_base.art,ART,D:/OpenArcanum/UIReference/Original/art/interface/0565-sleep_base/p00-r00-f000.png,227,152,no,Sleep,source-referenced presentation,other,227,152,unknown,unknown,no,,Retail art/interface/interface.mes {565}; arcanum-ce/src/ui/sleep_ui.c:443,yes,HDAssets/ui/by-source-id/0565-sleep_base/p00-r00-f000.png,unverified; fixed-size by default,"1 palette(s), one static frame."
566,art/interface/tarantsewer.art,ART,D:/OpenArcanum/UIReference/Original/art/interface/0566-tarantsewer/p00-r00-f000.png,668,400,no,unknown,unknown,other,668,400,unknown,unknown,unknown,,Retail art/interface/interface.mes {566}; no literal call-site match (indirect/table-driven use remains possible).,yes,HDAssets/ui/by-source-id/0566-tarantsewer/p00-r00-f000.png,unverified; fixed-size by default,"1 palette(s), one static frame."
567,art/interface/scheme_rot.art,ART,D:/OpenArcanum/UIReference/Original/art/interface/0567-scheme_rot/p00-r00-f000.png,235,325,no,Character Creation,source-referenced presentation,other,235,325,unknown,unknown,no,,Retail art/interface/interface.mes {567}; arcanum-ce/src/ui/charedit_ui.c:2788; arcanum-ce/src/ui/charedit_ui.c:2857; arcanum-ce/src/ui/charedit_ui.c:3759,yes,HDAssets/ui/by-source-id/0567-scheme_rot/p00-r00-f000.png,unverified; fixed-size by default,"1 palette(s), one static frame."
568,art/interface/char_schem_skills.art,ART,D:/OpenArcanum/UIReference/Original/art/interface/0568-char_schem_skills/p00-r00-f000.png,32,32,no,Character Creation,source-referenced presentation,multi-frame family,32,32,unknown,unknown,no,,Retail art/interface/interface.mes {568}; arcanum-ce/src/ui/charedit_ui.c:1053,yes,HDAssets/ui/by-source-id/0568-char_schem_skills/p00-r00-f000.png,unverified; fixed-size by default,"1 palette(s), 1 rotation(s), 3 frame(s) per rotation; preserve registration across the complete family."
569,art/interface/automaton_schem.art,ART,D:/OpenArcanum/UIReference/Original/art/interface/0569-automaton_schem/p00-r00-f000.png,295,225,no,unknown,unknown,other,295,225,unknown,unknown,unknown,,Retail art/interface/interface.mes {569}; no literal call-site match (indirect/table-driven use remains possible).,yes,HDAssets/ui/by-source-id/0569-automaton_schem/p00-r00-f000.png,unverified; fixed-size by default,"1 palette(s), one static frame."
570,art/interface/man.art,ART,,unknown,unknown,unknown,unknown,unknown,other,unknown,unknown,unknown,unknown,unknown,,Retail art/interface/interface.mes {570}; no literal call-site match (indirect/table-driven use remains possible).,yes,HDAssets/ui/by-source-id/0570-man/p00-r00-f000.png,unverified; fixed-size by default,EXPORT ERROR: The interface table target is absent from the mounted retail data.
571,art/interface/female.art,ART,,unknown,unknown,unknown,unknown,unknown,other,unknown,unknown,unknown,unknown,unknown,,Retail art/interface/interface.mes {571}; no literal call-site match (indirect/table-driven use remains possible).,yes,HDAssets/ui/by-source-id/0571-female/p00-r00-f000.png,unverified; fixed-size by default,EXPORT ERROR: The interface table target is absent from the mounted retail data.
572,art/interface/elf.art,ART,,unknown,unknown,unknown,unknown,unknown,other,unknown,unknown,unknown,unknown,unknown,,Retail art/interface/interface.mes {572}; no literal call-site match (indirect/table-driven use remains possible).,yes,HDAssets/ui/by-source-id/0572-elf/p00-r00-f000.png,unverified; fixed-size by default,EXPORT ERROR: The interface table target is absent from the mounted retail data.
573,art/interface/elffemale.art,ART,,unknown,unknown,unknown,unknown,unknown,other,unknown,unknown,unknown,unknown,unknown,,Retail art/interface/interface.mes {573}; no literal call-site match (indirect/table-driven use remains possible).,yes,HDAssets/ui/by-source-id/0573-elffemale/p00-r00-f000.png,unverified; fixed-size by default,EXPORT ERROR: The interface table target is absent from the mounted retail data.
574,art/interface/dwarf.art,ART,,unknown,unknown,unknown,unknown,unknown,other,unknown,unknown,unknown,unknown,unknown,,Retail art/interface/interface.mes {574}; no literal call-site match (indirect/table-driven use remains possible).,yes,HDAssets/ui/by-source-id/0574-dwarf/p00-r00-f000.png,unverified; fixed-size by default,EXPORT ERROR: The interface table target is absent from the mounted retail data.
575,art/interface/gnome.art,ART,,unknown,unknown,unknown,unknown,unknown,other,unknown,unknown,unknown,unknown,unknown,,Retail art/interface/interface.mes {575}; no literal call-site match (indirect/table-driven use remains possible).,yes,HDAssets/ui/by-source-id/0575-gnome/p00-r00-f000.png,unverified; fixed-size by default,EXPORT ERROR: The interface table target is absent from the mounted retail data.
576,art/interface/halfling.art,ART,,unknown,unknown,unknown,unknown,unknown,other,unknown,unknown,unknown,unknown,unknown,,Retail art/interface/interface.mes {576}; no literal call-site match (indirect/table-driven use remains possible).,yes,HDAssets/ui/by-source-id/0576-halfling/p00-r00-f000.png,unverified; fixed-size by default,EXPORT ERROR: The interface table target is absent from the mounted retail data.
577,art/interface/halfelf.art,ART,,unknown,unknown,unknown,unknown,unknown,other,unknown,unknown,unknown,unknown,unknown,,Retail art/interface/interface.mes {577}; no literal call-site match (indirect/table-driven use remains possible).,yes,HDAssets/ui/by-source-id/0577-halfelf/p00-r00-f000.png,unverified; fixed-size by default,EXPORT ERROR: The interface table target is absent from the mounted retail data.
578,art/interface/femhalfelf.art,ART,,unknown,unknown,unknown,unknown,unknown,other,unknown,unknown,unknown,unknown,unknown,,Retail art/interface/interface.mes {578}; no literal call-site match (indirect/table-driven use remains possible).,yes,HDAssets/ui/by-source-id/0578-femhalfelf/p00-r00-f000.png,unverified; fixed-size by default,EXPORT ERROR: The interface table target is absent from the mounted retail data.
579,art/interface/halforc.art,ART,,unknown,unknown,unknown,unknown,unknown,other,unknown,unknown,unknown,unknown,unknown,,Retail art/interface/interface.mes {579}; no literal call-site match (indirect/table-driven use remains possible).,yes,HDAssets/ui/by-source-id/0579-halforc/p00-r00-f000.png,unverified; fixed-size by default,EXPORT ERROR: The interface table target is absent from the mounted retail data.
580,art/interface/femhalforc.art,ART,,unknown,unknown,unknown,unknown,unknown,other,unknown,unknown,unknown,unknown,unknown,,Retail art/interface/interface.mes {580}; no literal call-site match (indirect/table-driven use remains possible).,yes,HDAssets/ui/by-source-id/0580-femhalforc/p00-r00-f000.png,unverified; fixed-size by default,EXPORT ERROR: The interface table target is absent from the mounted retail data.
581,art/interface/halfogre.art,ART,,unknown,unknown,unknown,unknown,unknown,other,unknown,unknown,unknown,unknown,unknown,,Retail art/interface/interface.mes {581}; no literal call-site match (indirect/table-driven use remains possible).,yes,HDAssets/ui/by-source-id/0581-halfogre/p00-r00-f000.png,unverified; fixed-size by default,EXPORT ERROR: The interface table target is absent from the mounted retail data.
582,art/interface/pen_bullseye.art,ART,D:/OpenArcanum/UIReference/Original/art/interface/0582-pen_bullseye/p00-r00-f000.png,80,89,no,unknown,unknown,other,80,89,unknown,unknown,unknown,,Retail art/interface/interface.mes {582}; no literal call-site match (indirect/table-driven use remains possible).,yes,HDAssets/ui/by-source-id/0582-pen_bullseye/p00-r00-f000.png,unverified; fixed-size by default,"1 palette(s), one static frame."
583,art/interface/pen_cover.art,ART,D:/OpenArcanum/UIReference/Original/art/interface/0583-pen_cover/p00-r00-f000.png,38,20,yes,unknown,unknown,other,38,20,unknown,unknown,unknown,,Retail art/interface/interface.mes {583}; no literal call-site match (indirect/table-driven use remains possible).,yes,HDAssets/ui/by-source-id/0583-pen_cover/p00-r00-f000.png,unverified; fixed-size by default,"1 palette(s), one static frame."
584,art/interface/pen_injury.art,ART,D:/OpenArcanum/UIReference/Original/art/interface/0584-pen_injury/p00-r00-f000.png,28,17,yes,unknown,unknown,other,28,17,unknown,unknown,unknown,,Retail art/interface/interface.mes {584}; no literal call-site match (indirect/table-driven use remains possible).,yes,HDAssets/ui/by-source-id/0584-pen_injury/p00-r00-f000.png,unverified; fixed-size by default,"1 palette(s), one static frame."
585,art/interface/pen_light.art,ART,D:/OpenArcanum/UIReference/Original/art/interface/0585-pen_light/p00-r00-f000.png,27,20,yes,unknown,unknown,other,27,20,unknown,unknown,unknown,,Retail art/interface/interface.mes {585}; no literal call-site match (indirect/table-driven use remains possible).,yes,HDAssets/ui/by-source-id/0585-pen_light/p00-r00-f000.png,unverified; fixed-size by default,"1 palette(s), one static frame."
586,art/interface/pen_msr.art,ART,D:/OpenArcanum/UIReference/Original/art/interface/0586-pen_msr/p00-r00-f000.png,29,20,yes,unknown,unknown,other,29,20,unknown,unknown,unknown,,Retail art/interface/interface.mes {586}; no literal call-site match (indirect/table-driven use remains possible).,yes,HDAssets/ui/by-source-id/0586-pen_msr/p00-r00-f000.png,unverified; fixed-size by default,"1 palette(s), one static frame."
587,art/interface/pen_perception.art,ART,D:/OpenArcanum/UIReference/Original/art/interface/0587-pen_perception/p00-r00-f000.png,34,20,yes,unknown,unknown,other,34,20,unknown,unknown,unknown,,Retail art/interface/interface.mes {587}; no literal call-site match (indirect/table-driven use remains possible).,yes,HDAssets/ui/by-source-id/0587-pen_perception/p00-r00-f000.png,unverified; fixed-size by default,"1 palette(s), one static frame."
588,art/interface/pen_range.art,ART,D:/OpenArcanum/UIReference/Original/art/interface/0588-pen_range/p00-r00-f000.png,38,20,yes,unknown,unknown,other,38,20,unknown,unknown,unknown,,Retail art/interface/interface.mes {588}; no literal call-site match (indirect/table-driven use remains possible).,yes,HDAssets/ui/by-source-id/0588-pen_range/p00-r00-f000.png,unverified; fixed-size by default,"1 palette(s), one static frame."
589,art/interface/bullets_scheme.art,ART,D:/OpenArcanum/UIReference/Original/art/interface/0589-bullets_scheme/p00-r00-f000.png,295,225,no,Crafting / Schematics,crafting presentation,other,295,225,unknown,unknown,unknown,,Retail art/interface/interface.mes {589}; no literal call-site match (indirect/table-driven use remains possible).; source-name classification only; confirm table-driven call site before implementation.,yes,HDAssets/ui/by-source-id/0589-bullets_scheme/p00-r00-f000.png,unverified; fixed-size by default,"1 palette(s), one static frame."
590,art/interface/charges_scheme.art,ART,D:/OpenArcanum/UIReference/Original/art/interface/0590-charges_scheme/p00-r00-f000.png,295,225,no,Crafting / Schematics,crafting presentation,other,295,225,unknown,unknown,unknown,,Retail art/interface/interface.mes {590}; no literal call-site match (indirect/table-driven use remains possible).; source-name classification only; confirm table-driven call site before implementation.,yes,HDAssets/ui/by-source-id/0590-charges_scheme/p00-r00-f000.png,unverified; fixed-size by default,"1 palette(s), one static frame."
591,art/interface/fuel_scheme.art,ART,D:/OpenArcanum/UIReference/Original/art/interface/0591-fuel_scheme/p00-r00-f000.png,295,225,no,Crafting / Schematics,crafting presentation,other,295,225,unknown,unknown,unknown,,Retail art/interface/interface.mes {591}; no literal call-site match (indirect/table-driven use remains possible).; source-name classification only; confirm table-driven call site before implementation.,yes,HDAssets/ui/by-source-id/0591-fuel_scheme/p00-r00-f000.png,unverified; fixed-size by default,"1 palette(s), one static frame."
592,art/interface/boost_all_stats_scheme.art,ART,D:/OpenArcanum/UIReference/Original/art/interface/0592-boost_all_stats_scheme/p00-r00-f000.png,295,225,no,Crafting / Schematics,crafting presentation,other,295,225,unknown,unknown,unknown,,Retail art/interface/interface.mes {592}; no literal call-site match (indirect/table-driven use remains possible).; source-name classification only; confirm table-driven call site before implementation.,yes,HDAssets/ui/by-source-id/0592-boost_all_stats_scheme/p00-r00-f000.png,unverified; fixed-size by default,"1 palette(s), one static frame."
593,art/interface/s_auto_skeleton_key.art,ART,D:/OpenArcanum/UIReference/Original/art/interface/0593-s_auto_skeleton_key/p00-r00-f000.png,295,225,no,Crafting / Schematics,schematic illustration,other,295,225,unknown,unknown,unknown,,Retail art/interface/interface.mes {593}; no literal call-site match (indirect/table-driven use remains possible).; source-name classification only; confirm table-driven call site before implementation.,yes,HDAssets/ui/by-source-id/0593-s_auto_skeleton_key/p00-r00-f000.png,unverified; fixed-size by default,"1 palette(s), one static frame."
594,art/interface/s_bear_trap.art,ART,D:/OpenArcanum/UIReference/Original/art/interface/0594-s_bear_trap/p00-r00-f000.png,295,225,no,Crafting / Schematics,schematic illustration,other,295,225,unknown,unknown,unknown,,Retail art/interface/interface.mes {594}; no literal call-site match (indirect/table-driven use remains possible).; source-name classification only; confirm table-driven call site before implementation.,yes,HDAssets/ui/by-source-id/0594-s_bear_trap/p00-r00-f000.png,unverified; fixed-size by default,"1 palette(s), one static frame."
595,art/interface/s_charged_ring.art,ART,D:/OpenArcanum/UIReference/Original/art/interface/0595-s_charged_ring/p00-r00-f000.png,295,225,no,Crafting / Schematics,schematic illustration,other,295,225,unknown,unknown,unknown,,Retail art/interface/interface.mes {595}; no literal call-site match (indirect/table-driven use remains possible).; source-name classification only; confirm table-driven call site before implementation.,yes,HDAssets/ui/by-source-id/0595-s_charged_ring/p00-r00-f000.png,unverified; fixed-size by default,"1 palette(s), one static frame."
596,art/interface/s_dex_booster.art,ART,D:/OpenArcanum/UIReference/Original/art/interface/0596-s_dex_booster/p00-r00-f000.png,295,225,no,Crafting / Schematics,schematic illustration,other,295,225,unknown,unknown,unknown,,Retail art/interface/interface.mes {596}; no literal call-site match (indirect/table-driven use remains possible).; source-name classification only; confirm table-driven call site before implementation.,yes,HDAssets/ui/by-source-id/0596-s_dex_booster/p00-r00-f000.png,unverified; fixed-size by default,"1 palette(s), one static frame."
597,art/interface/s_dynamite.art,ART,D:/OpenArcanum/UIReference/Original/art/interface/0597-s_dynamite/p00-r00-f000.png,295,225,no,Crafting / Schematics,schematic illustration,other,295,225,unknown,unknown,unknown,,Retail art/interface/interface.mes {597}; no literal call-site match (indirect/table-driven use remains possible).; source-name classification only; confirm table-driven call site before implementation.,yes,HDAssets/ui/by-source-id/0597-s_dynamite/p00-r00-f000.png,unverified; fixed-size by default,"1 palette(s), one static frame."
598,art/interface/s_eye_gear.art,ART,D:/OpenArcanum/UIReference/Original/art/interface/0598-s_eye_gear/p00-r00-f000.png,295,225,no,Crafting / Schematics,schematic illustration,other,295,225,unknown,unknown,unknown,,Retail art/interface/interface.mes {598}; no literal call-site match (indirect/table-driven use remains possible).; source-name classification only; confirm table-driven call site before implementation.,yes,HDAssets/ui/by-source-id/0598-s_eye_gear/p00-r00-f000.png,unverified; fixed-size by default,"1 palette(s), one static frame."
599,art/interface/s_spike_trap.art,ART,D:/OpenArcanum/UIReference/Original/art/interface/0599-s_spike_trap/p00-r00-f000.png,295,225,no,Crafting / Schematics,schematic illustration,other,295,225,unknown,unknown,unknown,,Retail art/interface/interface.mes {599}; no literal call-site match (indirect/table-driven use remains possible).; source-name classification only; confirm table-driven call site before implementation.,yes,HDAssets/ui/by-source-id/0599-s_spike_trap/p00-r00-f000.png,unverified; fixed-size by default,"1 palette(s), one static frame."
600,art/interface/s_trap_springer.art,ART,D:/OpenArcanum/UIReference/Original/art/interface/0600-s_trap_springer/p00-r00-f000.png,295,225,no,Crafting / Schematics,schematic illustration,other,295,225,unknown,unknown,unknown,,Retail art/interface/interface.mes {600}; no literal call-site match (indirect/table-driven use remains possible).; source-name classification only; confirm table-driven call site before implementation.,yes,HDAssets/ui/by-source-id/0600-s_trap_springer/p00-r00-f000.png,unverified; fixed-size by default,"1 palette(s), one static frame."
601,art/interface/loadindicator.art,ART,D:/OpenArcanum/UIReference/Original/art/interface/0601-loadindicator/p00-r00-f000.png,40,50,yes,Combat HUD; unknown,combat presentation,multi-frame family,40,50,unknown,unknown,yes,,Retail art/interface/interface.mes {601}; arcanum-ce/src/game/ci.c:30; arcanum-ce/src/game/li.c:30; arcanum-ce/src/game/li.c:84; arcanum-ce/src/ui/combat_ui.c:121; arcanum-ce/src/ui/combat_ui.c:134; arcanum-ce/src/ui/combat_ui.c:166,yes,HDAssets/ui/by-source-id/0601-loadindicator/p00-r00-f000.png,unverified; fixed-size by default,"1 palette(s), 1 rotation(s), 30 frame(s) per rotation; preserve registration across the complete family."
602,art/interface/merwin.art,ART,,unknown,unknown,unknown,unknown,unknown,other,unknown,unknown,unknown,unknown,unknown,,Retail art/interface/interface.mes {602}; no literal call-site match (indirect/table-driven use remains possible).,yes,HDAssets/ui/by-source-id/0602-merwin/p00-r00-f000.png,unverified; fixed-size by default,EXPORT ERROR: The interface table target is absent from the mounted retail data.
603,art/interface/godfrey.art,ART,,unknown,unknown,unknown,unknown,unknown,other,unknown,unknown,unknown,unknown,unknown,,Retail art/interface/interface.mes {603}; no literal call-site match (indirect/table-driven use remains possible).,yes,HDAssets/ui/by-source-id/0603-godfrey/p00-r00-f000.png,unverified; fixed-size by default,EXPORT ERROR: The interface table target is absent from the mounted retail data.
604,art/interface/horace.art,ART,,unknown,unknown,unknown,Character / Character Creation,character presentation,other,unknown,unknown,unknown,unknown,unknown,,Retail art/interface/interface.mes {604}; no literal call-site match (indirect/table-driven use remains possible).; source-name classification only; confirm table-driven call site before implementation.,yes,HDAssets/ui/by-source-id/0604-horace/p00-r00-f000.png,unverified; fixed-size by default,EXPORT ERROR: The interface table target is absent from the mounted retail data.
605,art/interface/muck.art,ART,,unknown,unknown,unknown,unknown,unknown,other,unknown,unknown,unknown,unknown,unknown,,Retail art/interface/interface.mes {605}; no literal call-site match (indirect/table-driven use remains possible).,yes,HDAssets/ui/by-source-id/0605-muck/p00-r00-f000.png,unverified; fixed-size by default,EXPORT ERROR: The interface table target is absent from the mounted retail data.
606,art/interface/d'ren.art,ART,,unknown,unknown,unknown,unknown,unknown,other,unknown,unknown,unknown,unknown,unknown,,Retail art/interface/interface.mes {606}; no literal call-site match (indirect/table-driven use remains possible).,yes,HDAssets/ui/by-source-id/0606-d-ren/p00-r00-f000.png,unverified; fixed-size by default,EXPORT ERROR: The interface table target is absent from the mounted retail data.
607,art/interface/solomon.art,ART,,unknown,unknown,unknown,unknown,unknown,other,unknown,unknown,unknown,unknown,unknown,,Retail art/interface/interface.mes {607}; no literal call-site match (indirect/table-driven use remains possible).,yes,HDAssets/ui/by-source-id/0607-solomon/p00-r00-f000.png,unverified; fixed-size by default,EXPORT ERROR: The interface table target is absent from the mounted retail data.
608,art/interface/merik.art,ART,,unknown,unknown,unknown,unknown,unknown,other,unknown,unknown,unknown,unknown,unknown,,Retail art/interface/interface.mes {608}; no literal call-site match (indirect/table-driven use remains possible).,yes,HDAssets/ui/by-source-id/0608-merik/p00-r00-f000.png,unverified; fixed-size by default,EXPORT ERROR: The interface table target is absent from the mounted retail data.
609,art/interface/lugard.art,ART,,unknown,unknown,unknown,unknown,unknown,other,unknown,unknown,unknown,unknown,unknown,,Retail art/interface/interface.mes {609}; no literal call-site match (indirect/table-driven use remains possible).,yes,HDAssets/ui/by-source-id/0609-lugard/p00-r00-f000.png,unverified; fixed-size by default,EXPORT ERROR: The interface table target is absent from the mounted retail data.
610,art/interface/victoria.art,ART,,unknown,unknown,unknown,unknown,unknown,other,unknown,unknown,unknown,unknown,unknown,,Retail art/interface/interface.mes {610}; no literal call-site match (indirect/table-driven use remains possible).,yes,HDAssets/ui/by-source-id/0610-victoria/p00-r00-f000.png,unverified; fixed-size by default,EXPORT ERROR: The interface table target is absent from the mounted retail data.
611,art/interface/bel'an.art,ART,,unknown,unknown,unknown,unknown,unknown,other,unknown,unknown,unknown,unknown,unknown,,Retail art/interface/interface.mes {611}; no literal call-site match (indirect/table-driven use remains possible).,yes,HDAssets/ui/by-source-id/0611-bel-an/p00-r00-f000.png,unverified; fixed-size by default,EXPORT ERROR: The interface table target is absent from the mounted retail data.
612,art/interface/clarisse.art,ART,,unknown,unknown,unknown,unknown,unknown,other,unknown,unknown,unknown,unknown,unknown,,Retail art/interface/interface.mes {612}; no literal call-site match (indirect/table-driven use remains possible).,yes,HDAssets/ui/by-source-id/0612-clarisse/p00-r00-f000.png,unverified; fixed-size by default,EXPORT ERROR: The interface table target is absent from the mounted retail data.
613,art/interface/ke'ree.art,ART,,unknown,unknown,unknown,unknown,unknown,other,unknown,unknown,unknown,unknown,unknown,,Retail art/interface/interface.mes {613}; no literal call-site match (indirect/table-driven use remains possible).,yes,HDAssets/ui/by-source-id/0613-ke-ree/p00-r00-f000.png,unverified; fixed-size by default,EXPORT ERROR: The interface table target is absent from the mounted retail data.
614,art/interface/tb_iso.art,ART,D:/OpenArcanum/UIReference/Original/art/interface/0614-tb_iso/p00-r00-f000.png,78,40,yes,unknown,source-referenced presentation,other,78,40,unknown,unknown,no,,Retail art/interface/interface.mes {614}; arcanum-ce/src/game/tile_block.c:72,yes,HDAssets/ui/by-source-id/0614-tb_iso/p00-r00-f000.png,unverified; fixed-size by default,"1 palette(s), one static frame."
615,art/interface/tb_td.art,ART,D:/OpenArcanum/UIReference/Original/art/interface/0615-tb_td/p00-r00-f000.png,42,42,yes,unknown,source-referenced presentation,other,42,42,unknown,unknown,no,,Retail art/interface/interface.mes {615}; arcanum-ce/src/game/tile_block.c:73,yes,HDAssets/ui/by-source-id/0615-tb_td/p00-r00-f000.png,unverified; fixed-size by default,"1 palette(s), one static frame."
616,art/interface/followerframe_po.art,ART,D:/OpenArcanum/UIReference/Original/art/interface/0616-followerframe_po/p00-r00-f000.png,34,3,no,Party,party presentation,other,34,3,unknown,unknown,unknown,,Retail art/interface/interface.mes {616}; no literal call-site match (indirect/table-driven use remains possible).; source-name classification only; confirm table-driven call site before implementation.,yes,HDAssets/ui/by-source-id/0616-followerframe_po/p00-r00-f000.png,unverified; fixed-size by default,"1 palette(s), one static frame."
617,art/interface/p_crude_flintlock.art,ART,,unknown,unknown,unknown,unknown,unknown,other,unknown,unknown,unknown,unknown,unknown,,Retail art/interface/interface.mes {617}; no literal call-site match (indirect/table-driven use remains possible).,yes,HDAssets/ui/by-source-id/0617-p_crude_flintlock/p00-r00-f000.png,unverified; fixed-size by default,EXPORT ERROR: The interface table target is absent from the mounted retail data.
618,art/interface/hushed_revolver_schem.art,ART,D:/OpenArcanum/UIReference/Original/art/interface/0618-hushed_revolver_schem/p00-r00-f000.png,295,225,no,unknown,unknown,other,295,225,unknown,unknown,unknown,,Retail art/interface/interface.mes {618}; no literal call-site match (indirect/table-driven use remains possible).,yes,HDAssets/ui/by-source-id/0618-hushed_revolver_schem/p00-r00-f000.png,unverified; fixed-size by default,"1 palette(s), one static frame."
619,art/interface/helmet_of_vision_schem.art,ART,D:/OpenArcanum/UIReference/Original/art/interface/0619-helmet_of_vision_schem/p00-r00-f000.png,295,225,no,unknown,unknown,other,295,225,unknown,unknown,unknown,,Retail art/interface/interface.mes {619}; no literal call-site match (indirect/table-driven use remains possible).,yes,HDAssets/ui/by-source-id/0619-helmet_of_vision_schem/p00-r00-f000.png,unverified; fixed-size by default,"1 palette(s), one static frame."
620,art/interface/techcur.art,ART,D:/OpenArcanum/UIReference/Original/art/interface/0620-techcur/p00-r00-f000.png,24,28,yes,Technology,technology presentation,other,24,28,unknown,unknown,unknown,,Retail art/interface/interface.mes {620}; no literal call-site match (indirect/table-driven use remains possible).; source-name classification only; confirm table-driven call site before implementation.,yes,HDAssets/ui/by-source-id/0620-techcur/p00-r00-f000.png,unverified; fixed-size by default,"1 palette(s), one static frame."
621,art/interface/revolver_schem.art,ART,D:/OpenArcanum/UIReference/Original/art/interface/0621-revolver_schem/p00-r00-f000.png,295,225,no,unknown,unknown,other,295,225,unknown,unknown,unknown,,Retail art/interface/interface.mes {621}; no literal call-site match (indirect/table-driven use remains possible).,yes,HDAssets/ui/by-source-id/0621-revolver_schem/p00-r00-f000.png,unverified; fixed-size by default,"1 palette(s), one static frame."
622,art/interface/crude_flintlock_schem.art,ART,D:/OpenArcanum/UIReference/Original/art/interface/0622-crude_flintlock_schem/p00-r00-f000.png,295,225,no,unknown,unknown,other,295,225,unknown,unknown,unknown,,Retail art/interface/interface.mes {622}; no literal call-site match (indirect/table-driven use remains possible).,yes,HDAssets/ui/by-source-id/0622-crude_flintlock_schem/p00-r00-f000.png,unverified; fixed-size by default,"1 palette(s), one static frame."
623,art/interface/skilgauge.art,ART,D:/OpenArcanum/UIReference/Original/art/interface/0623-skilgauge/p00-r00-f000.png,120,27,no,Character / Skills / Magic / Technology; Character Creation,source-referenced presentation,other,120,27,unknown,unknown,yes,,Retail art/interface/interface.mes {623}; arcanum-ce/src/ui/charedit_ui.c:2194; arcanum-ce/src/ui/cyclic_ui.c:782; arcanum-ce/src/ui/cyclic_ui.c:862,yes,HDAssets/ui/by-source-id/0623-skilgauge/p00-r00-f000.png,unverified; fixed-size by default,"1 palette(s), one static frame."
624,art/interface/skiladdbut.art,ART,D:/OpenArcanum/UIReference/Original/art/interface/0624-skiladdbut/p00-r00-f000.png,29,30,yes,Character Creation,source-referenced presentation,multi-frame family,29,30,unknown,unknown,no,,Retail art/interface/interface.mes {624}; arcanum-ce/src/ui/charedit_ui.c:2046,yes,HDAssets/ui/by-source-id/0624-skiladdbut/p00-r00-f000.png,unverified; fixed-size by default,"1 palette(s), 1 rotation(s), 3 frame(s) per rotation; preserve registration across the complete family."
625,art/interface/skilminusbut.art,ART,D:/OpenArcanum/UIReference/Original/art/interface/0625-skilminusbut/p00-r00-f000.png,29,30,yes,Character Creation,source-referenced presentation,multi-frame family,29,30,unknown,unknown,no,,Retail art/interface/interface.mes {625}; arcanum-ce/src/ui/charedit_ui.c:2056,yes,HDAssets/ui/by-source-id/0625-skilminusbut/p00-r00-f000.png,unverified; fixed-size by default,"1 palette(s), 1 rotation(s), 3 frame(s) per rotation; preserve registration across the complete family."
626,art/interface/tarantmap.art,ART,D:/OpenArcanum/UIReference/Original/art/interface/0626-tarantmap/p00-r00-f000.png,668,400,no,Local Map,local-map presentation,other,668,400,unknown,unknown,unknown,,Retail art/interface/interface.mes {626}; no literal call-site match (indirect/table-driven use remains possible).; source-name classification only; confirm table-driven call site before implementation.,yes,HDAssets/ui/by-source-id/0626-tarantmap/p00-r00-f000.png,unverified; fixed-size by default,"1 palette(s), one static frame."
627,art/interface/saltys_map.art,ART,D:/OpenArcanum/UIReference/Original/art/interface/0627-saltys_map/p00-r00-f000.png,668,400,no,Local Map,local-map presentation,other,668,400,unknown,unknown,unknown,,Retail art/interface/interface.mes {627}; no literal call-site match (indirect/table-driven use remains possible).; source-name classification only; confirm table-driven call site before implementation.,yes,HDAssets/ui/by-source-id/0627-saltys_map/p00-r00-f000.png,unverified; fixed-size by default,"1 palette(s), one static frame."
628,art/interface/sp_plugged1.art,ART,D:/OpenArcanum/UIReference/Original/art/interface/0628-sp_plugged1/p00-r00-f000.png,35,35,no,Gameplay HUD,source-referenced presentation,other,35,35,unknown,unknown,no,,Retail art/interface/interface.mes {628}; arcanum-ce/src/ui/intgame.c:5988,yes,HDAssets/ui/by-source-id/0628-sp_plugged1/p00-r00-f000.png,unverified; fixed-size by default,"1 palette(s), one static frame."
629,art/interface/sp_plugged2.art,ART,D:/OpenArcanum/UIReference/Original/art/interface/0629-sp_plugged2/p00-r00-f000.png,35,35,no,unknown,unknown,other,35,35,unknown,unknown,unknown,,Retail art/interface/interface.mes {629}; no literal call-site match (indirect/table-driven use remains possible).,yes,HDAssets/ui/by-source-id/0629-sp_plugged2/p00-r00-f000.png,unverified; fixed-size by default,"1 palette(s), one static frame."
630,art/interface/sp_plugged3.art,ART,D:/OpenArcanum/UIReference/Original/art/interface/0630-sp_plugged3/p00-r00-f000.png,35,35,no,unknown,unknown,other,35,35,unknown,unknown,unknown,,Retail art/interface/interface.mes {630}; no literal call-site match (indirect/table-driven use remains possible).,yes,HDAssets/ui/by-source-id/0630-sp_plugged3/p00-r00-f000.png,unverified; fixed-size by default,"1 palette(s), one static frame."
631,art/interface/sp_plugged4.art,ART,D:/OpenArcanum/UIReference/Original/art/interface/0631-sp_plugged4/p00-r00-f000.png,35,35,no,unknown,unknown,other,35,35,unknown,unknown,unknown,,Retail art/interface/interface.mes {631}; no literal call-site match (indirect/table-driven use remains possible).,yes,HDAssets/ui/by-source-id/0631-sp_plugged4/p00-r00-f000.png,unverified; fixed-size by default,"1 palette(s), one static frame."
632,art/interface/sp_plugged5.art,ART,D:/OpenArcanum/UIReference/Original/art/interface/0632-sp_plugged5/p00-r00-f000.png,35,35,no,unknown,unknown,other,35,35,unknown,unknown,unknown,,Retail art/interface/interface.mes {632}; no literal call-site match (indirect/table-driven use remains possible).,yes,HDAssets/ui/by-source-id/0632-sp_plugged5/p00-r00-f000.png,unverified; fixed-size by default,"1 palette(s), one static frame."
633,art/interface/stone_plaque.art,ART,D:/OpenArcanum/UIReference/Original/art/interface/0633-stone_plaque/p00-r00-f000.png,668,400,no,unknown,unknown,other,668,400,unknown,unknown,unknown,,Retail art/interface/interface.mes {633}; no literal call-site match (indirect/table-driven use remains possible).,yes,HDAssets/ui/by-source-id/0633-stone_plaque/p00-r00-f000.png,unverified; fixed-size by default,"1 palette(s), one static frame."
634,art/interface/icon_lawfulevil.art,ART,D:/OpenArcanum/UIReference/Original/art/interface/0634-icon_lawfulevil/p00-r00-f000.png,64,64,no,unknown,unknown,other,64,64,unknown,unknown,unknown,,Retail art/interface/interface.mes {634}; no literal call-site match (indirect/table-driven use remains possible).,yes,HDAssets/ui/by-source-id/0634-icon_lawfulevil/p00-r00-f000.png,unverified; fixed-size by default,"1 palette(s), one static frame."
635,art/interface/ban_button.art,ART,D:/OpenArcanum/UIReference/Original/art/interface/0635-ban_button/p00-r00-f000.png,148,48,no,unknown,unknown,multi-frame family,148,48,unknown,unknown,unknown,,Retail art/interface/interface.mes {635}; no literal call-site match (indirect/table-driven use remains possible).,yes,HDAssets/ui/by-source-id/0635-ban_button/p00-r00-f000.png,unverified; fixed-size by default,"1 palette(s), 1 rotation(s), 2 frame(s) per rotation; preserve registration across the complete family."
636,art/interface/discon_button.art,ART,D:/OpenArcanum/UIReference/Original/art/interface/0636-discon_button/p00-r00-f000.png,148,48,no,unknown,unknown,multi-frame family,148,48,unknown,unknown,unknown,,Retail art/interface/interface.mes {636}; no literal call-site match (indirect/table-driven use remains possible).,yes,HDAssets/ui/by-source-id/0636-discon_button/p00-r00-f000.png,unverified; fixed-size by default,"1 palette(s), 1 rotation(s), 2 frame(s) per rotation; preserve registration across the complete family."
637,art/interface/kick_ban_window.art,ART,D:/OpenArcanum/UIReference/Original/art/interface/0637-kick_ban_window/p00-r00-f000.png,410,107,no,unknown,unknown,other,410,107,unknown,unknown,unknown,,Retail art/interface/interface.mes {637}; no literal call-site match (indirect/table-driven use remains possible).,yes,HDAssets/ui/by-source-id/0637-kick_ban_window/p00-r00-f000.png,unverified; fixed-size by default,"1 palette(s), one static frame."
638,art/interface/mply_addbut.art,ART,D:/OpenArcanum/UIReference/Original/art/interface/0638-mply_addbut/p00-r00-f000.png,32,32,no,unknown,unknown,multi-frame family,32,32,unknown,unknown,unknown,,Retail art/interface/interface.mes {638}; no literal call-site match (indirect/table-driven use remains possible).,yes,HDAssets/ui/by-source-id/0638-mply_addbut/p00-r00-f000.png,unverified; fixed-size by default,"1 palette(s), 1 rotation(s), 3 frame(s) per rotation; preserve registration across the complete family."
639,art/interface/mply_kickbut.art,ART,D:/OpenArcanum/UIReference/Original/art/interface/0639-mply_kickbut/p00-r00-f000.png,32,32,no,unknown,unknown,multi-frame family,32,32,unknown,unknown,unknown,,Retail art/interface/interface.mes {639}; no literal call-site match (indirect/table-driven use remains possible).,yes,HDAssets/ui/by-source-id/0639-mply_kickbut/p00-r00-f000.png,unverified; fixed-size by default,"1 palette(s), 1 rotation(s), 3 frame(s) per rotation; preserve registration across the complete family."
640,art/interface/mply_plaquea.art,ART,D:/OpenArcanum/UIReference/Original/art/interface/0640-mply_plaquea/p00-r00-f000.png,234,40,no,unknown,unknown,other,234,40,unknown,unknown,unknown,,Retail art/interface/interface.mes {640}; no literal call-site match (indirect/table-driven use remains possible).,yes,HDAssets/ui/by-source-id/0640-mply_plaquea/p00-r00-f000.png,unverified; fixed-size by default,"1 palette(s), one static frame."
641,art/interface/privmes_clsbut.art,ART,D:/OpenArcanum/UIReference/Original/art/interface/0641-privmes_clsbut/p00-r00-f000.png,27,27,yes,unknown,unknown,multi-frame family,27,27,unknown,unknown,unknown,,Retail art/interface/interface.mes {641}; no literal call-site match (indirect/table-driven use remains possible).,yes,HDAssets/ui/by-source-id/0641-privmes_clsbut/p00-r00-f000.png,unverified; fixed-size by default,"1 palette(s), 1 rotation(s), 3 frame(s) per rotation; preserve registration across the complete family."
642,art/interface/privmes_window.art,ART,D:/OpenArcanum/UIReference/Original/art/interface/0642-privmes_window/p00-r00-f000.png,410,107,yes,unknown,unknown,other,410,107,unknown,unknown,unknown,,Retail art/interface/interface.mes {642}; no literal call-site match (indirect/table-driven use remains possible).,yes,HDAssets/ui/by-source-id/0642-privmes_window/p00-r00-f000.png,unverified; fixed-size by default,"1 palette(s), one static frame."
643,art/interface/mply_plaqueb.art,ART,D:/OpenArcanum/UIReference/Original/art/interface/0643-mply_plaqueb/p00-r00-f000.png,234,40,no,unknown,unknown,other,234,40,unknown,unknown,unknown,,Retail art/interface/interface.mes {643}; no literal call-site match (indirect/table-driven use remains possible).,yes,HDAssets/ui/by-source-id/0643-mply_plaqueb/p00-r00-f000.png,unverified; fixed-size by default,"1 palette(s), one static frame."
644,art/interface/multiplay_dwn.art,ART,D:/OpenArcanum/UIReference/Original/art/interface/0644-multiplay_dwn/p00-r00-f000.png,29,29,yes,unknown,unknown,multi-frame family,29,29,unknown,unknown,unknown,,Retail art/interface/interface.mes {644}; no literal call-site match (indirect/table-driven use remains possible).,yes,HDAssets/ui/by-source-id/0644-multiplay_dwn/p00-r00-f000.png,unverified; fixed-size by default,"1 palette(s), 1 rotation(s), 3 frame(s) per rotation; preserve registration across the complete family."
645,art/interface/multiplay_up.art,ART,D:/OpenArcanum/UIReference/Original/art/interface/0645-multiplay_up/p00-r00-f000.png,29,29,yes,unknown,unknown,multi-frame family,29,29,unknown,unknown,unknown,,Retail art/interface/interface.mes {645}; no literal call-site match (indirect/table-driven use remains possible).,yes,HDAssets/ui/by-source-id/0645-multiplay_up/p00-r00-f000.png,unverified; fixed-size by default,"1 palette(s), 1 rotation(s), 3 frame(s) per rotation; preserve registration across the complete family."
646,art/interface/portrait_highlight.art,ART,D:/OpenArcanum/UIReference/Original/art/interface/0646-portrait_highlight/p00-r00-f000.png,32,32,yes,Character / Character Creation,character presentation,other,32,32,unknown,unknown,unknown,,Retail art/interface/interface.mes {646}; no literal call-site match (indirect/table-driven use remains possible).; source-name classification only; confirm table-driven call site before implementation.,yes,HDAssets/ui/by-source-id/0646-portrait_highlight/p00-r00-f000.png,unverified; fixed-size by default,"1 palette(s), one static frame."
647,art/interface/spelltech_add.art,ART,D:/OpenArcanum/UIReference/Original/art/interface/0647-spelltech_add/p00-r00-f000.png,32,32,no,Character Creation,source-referenced presentation,multi-frame family,32,32,unknown,unknown,no,,Retail art/interface/interface.mes {647}; arcanum-ce/src/ui/charedit_ui.c:2458; arcanum-ce/src/ui/charedit_ui.c:2733,yes,HDAssets/ui/by-source-id/0647-spelltech_add/p00-r00-f000.png,unverified; fixed-size by default,"1 palette(s), 1 rotation(s), 3 frame(s) per rotation; preserve registration across the complete family."
648,art/interface/spelltech_minus.art,ART,D:/OpenArcanum/UIReference/Original/art/interface/0648-spelltech_minus/p00-r00-f000.png,32,32,no,Character Creation,source-referenced presentation,multi-frame family,32,32,unknown,unknown,no,,Retail art/interface/interface.mes {648}; arcanum-ce/src/ui/charedit_ui.c:2469; arcanum-ce/src/ui/charedit_ui.c:2749,yes,HDAssets/ui/by-source-id/0648-spelltech_minus/p00-r00-f000.png,unverified; fixed-size by default,"1 palette(s), 1 rotation(s), 3 frame(s) per rotation; preserve registration across the complete family."
649,art/interface/tti_chem.art,ART,D:/OpenArcanum/UIReference/Original/art/interface/0649-tti_chem/p00-r00-f000.png,32,32,no,unknown,unknown,other,32,32,unknown,unknown,unknown,,Retail art/interface/interface.mes {649}; no literal call-site match (indirect/table-driven use remains possible).,yes,HDAssets/ui/by-source-id/0649-tti_chem/p00-r00-f000.png,unverified; fixed-size by default,"1 palette(s), one static frame."
650,art/interface/tti_electric.art,ART,D:/OpenArcanum/UIReference/Original/art/interface/0650-tti_electric/p00-r00-f000.png,32,32,no,unknown,unknown,other,32,32,unknown,unknown,unknown,,Retail art/interface/interface.mes {650}; no literal call-site match (indirect/table-driven use remains possible).,yes,HDAssets/ui/by-source-id/0650-tti_electric/p00-r00-f000.png,unverified; fixed-size by default,"1 palette(s), one static frame."
651,art/interface/tti_explosives.art,ART,D:/OpenArcanum/UIReference/Original/art/interface/0651-tti_explosives/p00-r00-f000.png,32,32,no,unknown,unknown,other,32,32,unknown,unknown,unknown,,Retail art/interface/interface.mes {651}; no literal call-site match (indirect/table-driven use remains possible).,yes,HDAssets/ui/by-source-id/0651-tti_explosives/p00-r00-f000.png,unverified; fixed-size by default,"1 palette(s), one static frame."
652,art/interface/tti_gun.art,ART,D:/OpenArcanum/UIReference/Original/art/interface/0652-tti_gun/p00-r00-f000.png,32,32,no,unknown,unknown,other,32,32,unknown,unknown,unknown,,Retail art/interface/interface.mes {652}; no literal call-site match (indirect/table-driven use remains possible).,yes,HDAssets/ui/by-source-id/0652-tti_gun/p00-r00-f000.png,unverified; fixed-size by default,"1 palette(s), one static frame."
653,art/interface/tti_herb.art,ART,D:/OpenArcanum/UIReference/Original/art/interface/0653-tti_herb/p00-r00-f000.png,32,32,no,unknown,unknown,other,32,32,unknown,unknown,unknown,,Retail art/interface/interface.mes {653}; no literal call-site match (indirect/table-driven use remains possible).,yes,HDAssets/ui/by-source-id/0653-tti_herb/p00-r00-f000.png,unverified; fixed-size by default,"1 palette(s), one static frame."
654,art/interface/tti_mechanical.art,ART,D:/OpenArcanum/UIReference/Original/art/interface/0654-tti_mechanical/p00-r00-f000.png,32,32,no,unknown,unknown,other,32,32,unknown,unknown,unknown,,Retail art/interface/interface.mes {654}; no literal call-site match (indirect/table-driven use remains possible).,yes,HDAssets/ui/by-source-id/0654-tti_mechanical/p00-r00-f000.png,unverified; fixed-size by default,"1 palette(s), one static frame."
655,art/interface/tti_smithy.art,ART,D:/OpenArcanum/UIReference/Original/art/interface/0655-tti_smithy/p00-r00-f000.png,32,32,no,unknown,unknown,other,32,32,unknown,unknown,unknown,,Retail art/interface/interface.mes {655}; no literal call-site match (indirect/table-driven use remains possible).,yes,HDAssets/ui/by-source-id/0655-tti_smithy/p00-r00-f000.png,unverified; fixed-size by default,"1 palette(s), one static frame."
656,art/interface/tti_theru.art,ART,D:/OpenArcanum/UIReference/Original/art/interface/0656-tti_theru/p00-r00-f000.png,32,32,no,unknown,unknown,other,32,32,unknown,unknown,unknown,,Retail art/interface/interface.mes {656}; no literal call-site match (indirect/table-driven use remains possible).,yes,HDAssets/ui/by-source-id/0656-tti_theru/p00-r00-f000.png,unverified; fixed-size by default,"1 palette(s), one static frame."
657,art/interface/schemtitle_chemical.art,ART,D:/OpenArcanum/UIReference/Original/art/interface/0657-schemtitle_chemical/p00-r00-f000.png,295,225,no,unknown,unknown,other,295,225,unknown,unknown,unknown,,Retail art/interface/interface.mes {657}; no literal call-site match (indirect/table-driven use remains possible).,yes,HDAssets/ui/by-source-id/0657-schemtitle_chemical/p00-r00-f000.png,unverified; fixed-size by default,"1 palette(s), one static frame."
658,art/interface/schemtitle_electric.art,ART,D:/OpenArcanum/UIReference/Original/art/interface/0658-schemtitle_electric/p00-r00-f000.png,295,225,no,unknown,unknown,other,295,225,unknown,unknown,unknown,,Retail art/interface/interface.mes {658}; no literal call-site match (indirect/table-driven use remains possible).,yes,HDAssets/ui/by-source-id/0658-schemtitle_electric/p00-r00-f000.png,unverified; fixed-size by default,"1 palette(s), one static frame."
659,art/interface/schemtitle_explosive.art,ART,D:/OpenArcanum/UIReference/Original/art/interface/0659-schemtitle_explosive/p00-r00-f000.png,295,225,no,unknown,unknown,other,295,225,unknown,unknown,unknown,,Retail art/interface/interface.mes {659}; no literal call-site match (indirect/table-driven use remains possible).,yes,HDAssets/ui/by-source-id/0659-schemtitle_explosive/p00-r00-f000.png,unverified; fixed-size by default,"1 palette(s), one static frame."
660,art/interface/schemtitle_gunsmith.art,ART,D:/OpenArcanum/UIReference/Original/art/interface/0660-schemtitle_gunsmith/p00-r00-f000.png,295,225,no,unknown,unknown,other,295,225,unknown,unknown,unknown,,Retail art/interface/interface.mes {660}; no literal call-site match (indirect/table-driven use remains possible).,yes,HDAssets/ui/by-source-id/0660-schemtitle_gunsmith/p00-r00-f000.png,unverified; fixed-size by default,"1 palette(s), one static frame."
661,art/interface/schemtitle_herbal.art,ART,D:/OpenArcanum/UIReference/Original/art/interface/0661-schemtitle_herbal/p00-r00-f000.png,295,225,no,unknown,unknown,other,295,225,unknown,unknown,unknown,,Retail art/interface/interface.mes {661}; no literal call-site match (indirect/table-driven use remains possible).,yes,HDAssets/ui/by-source-id/0661-schemtitle_herbal/p00-r00-f000.png,unverified; fixed-size by default,"1 palette(s), one static frame."
662,art/interface/schemtitle_mechanical.art,ART,D:/OpenArcanum/UIReference/Original/art/interface/0662-schemtitle_mechanical/p00-r00-f000.png,295,225,no,unknown,unknown,other,295,225,unknown,unknown,unknown,,Retail art/interface/interface.mes {662}; no literal call-site match (indirect/table-driven use remains possible).,yes,HDAssets/ui/by-source-id/0662-schemtitle_mechanical/p00-r00-f000.png,unverified; fixed-size by default,"1 palette(s), one static frame."
663,art/interface/schemtitle_smithy.art,ART,D:/OpenArcanum/UIReference/Original/art/interface/0663-schemtitle_smithy/p00-r00-f000.png,295,225,no,unknown,unknown,other,295,225,unknown,unknown,unknown,,Retail art/interface/interface.mes {663}; no literal call-site match (indirect/table-driven use remains possible).,yes,HDAssets/ui/by-source-id/0663-schemtitle_smithy/p00-r00-f000.png,unverified; fixed-size by default,"1 palette(s), one static frame."
664,art/interface/schemtitle_threu.art,ART,D:/OpenArcanum/UIReference/Original/art/interface/0664-schemtitle_threu/p00-r00-f000.png,295,225,no,unknown,unknown,other,295,225,unknown,unknown,unknown,,Retail art/interface/interface.mes {664}; no literal call-site match (indirect/table-driven use remains possible).,yes,HDAssets/ui/by-source-id/0664-schemtitle_threu/p00-r00-f000.png,unverified; fixed-size by default,"1 palette(s), one static frame."
665,art/interface/mespoisonedbar_full.art,ART,D:/OpenArcanum/UIReference/Original/art/interface/0665-mespoisonedbar_full/p00-r00-f000.png,235,11,no,unknown,unknown,other,235,11,unknown,unknown,unknown,,Retail art/interface/interface.mes {665}; no literal call-site match (indirect/table-driven use remains possible).,yes,HDAssets/ui/by-source-id/0665-mespoisonedbar_full/p00-r00-f000.png,unverified; fixed-size by default,"1 palette(s), one static frame."
666,art/interface/mespoisonedbar_empty.art,ART,D:/OpenArcanum/UIReference/Original/art/interface/0666-mespoisonedbar_empty/p00-r00-f000.png,235,11,no,unknown,unknown,other,235,11,unknown,unknown,unknown,,Retail art/interface/interface.mes {666}; no literal call-site match (indirect/table-driven use remains possible).,yes,HDAssets/ui/by-source-id/0666-mespoisonedbar_empty/p00-r00-f000.png,unverified; fixed-size by default,"1 palette(s), one static frame."
667,art/interface/sldrbutt_l_arrow.art,ART,D:/OpenArcanum/UIReference/Original/art/interface/0667-sldrbutt_l_arrow/p00-r00-f000.png,29,30,yes,Character / Skills / Magic / Technology,source-referenced presentation,multi-frame family,29,30,unknown,unknown,no,,Retail art/interface/interface.mes {667}; arcanum-ce/src/ui/cyclic_ui.c:706,yes,HDAssets/ui/by-source-id/0667-sldrbutt_l_arrow/p00-r00-f000.png,unverified; fixed-size by default,"1 palette(s), 1 rotation(s), 3 frame(s) per rotation; preserve registration across the complete family."
668,art/interface/sldrbutt_r_arrow.art,ART,D:/OpenArcanum/UIReference/Original/art/interface/0668-sldrbutt_r_arrow/p00-r00-f000.png,29,30,yes,Character / Skills / Magic / Technology,source-referenced presentation,multi-frame family,29,30,unknown,unknown,no,,Retail art/interface/interface.mes {668}; arcanum-ce/src/ui/cyclic_ui.c:720,yes,HDAssets/ui/by-source-id/0668-sldrbutt_r_arrow/p00-r00-f000.png,unverified; fixed-size by default,"1 palette(s), 1 rotation(s), 3 frame(s) per rotation; preserve registration across the complete family."
669,art/interface/optionsbase.art,ART,D:/OpenArcanum/UIReference/Original/art/interface/0669-optionsbase/p00-r00-f000.png,800,400,yes,Character / Skills / Magic / Technology,source-referenced presentation,other,800,400,unknown,unknown,no,,Retail art/interface/interface.mes {669}; arcanum-ce/src/ui/cyclic_ui.c:626,yes,HDAssets/ui/by-source-id/0669-optionsbase/p00-r00-f000.png,unverified; fixed-size by default,"1 palette(s), one static frame."
670,art/interface/optionspclens.art,ART,D:/OpenArcanum/UIReference/Original/art/interface/0670-optionspclens/p00-r00-f000.png,89,89,yes,Main Menu / Character Creation / Save / Load / Options,menu or modal presentation,other,89,89,unknown,unknown,no,,Retail art/interface/interface.mes {670}; arcanum-ce/src/ui/mainmenu_ui.c:2105,yes,HDAssets/ui/by-source-id/0670-optionspclens/p00-r00-f000.png,unverified; fixed-size by default,"1 palette(s), one static frame."
671,art/interface/optionmultichoice.art,ART,D:/OpenArcanum/UIReference/Original/art/interface/0671-optionmultichoice/p00-r00-f000.png,213,56,no,Options,options presentation,other,213,56,unknown,unknown,unknown,,Retail art/interface/interface.mes {671}; no literal call-site match (indirect/table-driven use remains possible).; source-name classification only; confirm table-driven call site before implementation.,yes,HDAssets/ui/by-source-id/0671-optionmultichoice/p00-r00-f000.png,unverified; fixed-size by default,"1 palette(s), one static frame."
672,art/interface/wp_iso.art,ART,D:/OpenArcanum/UIReference/Original/art/interface/0672-wp_iso/p00-r00-f000.png,78,40,yes,unknown,source-referenced presentation,multi-frame family,78,40,unknown,unknown,no,,Retail art/interface/interface.mes {672}; arcanum-ce/src/game/wp.c:60,yes,HDAssets/ui/by-source-id/0672-wp_iso/p00-r00-f000.png,unverified; fixed-size by default,"1 palette(s), 1 rotation(s), 16 frame(s) per rotation; preserve registration across the complete family."
673,art/interface/wp_td.art,ART,D:/OpenArcanum/UIReference/Original/art/interface/0673-wp_td/p00-r00-f000.png,42,42,yes,unknown,unknown,multi-frame family,42,42,unknown,unknown,unknown,,Retail art/interface/interface.mes {673}; no literal call-site match (indirect/table-driven use remains possible).,yes,HDAssets/ui/by-source-id/0673-wp_td/p00-r00-f000.png,unverified; fixed-size by default,"1 palette(s), 1 rotation(s), 8 frame(s) per rotation; preserve registration across the complete family."
674,art/interface/icon_totalattack.art,ART,D:/OpenArcanum/UIReference/Original/art/interface/0674-icon_totalattack/p00-r00-f000.png,64,64,no,unknown,unknown,other,64,64,unknown,unknown,unknown,,Retail art/interface/interface.mes {674}; no literal call-site match (indirect/table-driven use remains possible).,yes,HDAssets/ui/by-source-id/0674-icon_totalattack/p00-r00-f000.png,unverified; fixed-size by default,"1 palette(s), one static frame."
675,art/interface/icon_totaldefens.art,ART,D:/OpenArcanum/UIReference/Original/art/interface/0675-icon_totaldefens/p00-r00-f000.png,64,64,no,unknown,unknown,other,64,64,unknown,unknown,unknown,,Retail art/interface/interface.mes {675}; no literal call-site match (indirect/table-driven use remains possible).,yes,HDAssets/ui/by-source-id/0675-icon_totaldefens/p00-r00-f000.png,unverified; fixed-size by default,"1 palette(s), one static frame."
676,art/interface/totalattack.art,ART,D:/OpenArcanum/UIReference/Original/art/interface/0676-totalattack/p00-r00-f000.png,54,71,yes,Inventory / Equipment / Merchant / Loot,inventory presentation,multi-frame family,54,71,unknown,unknown,no,,Retail art/interface/interface.mes {676}; arcanum-ce/src/ui/inven_ui.c:768; arcanum-ce/src/ui/inven_ui.c:814,yes,HDAssets/ui/by-source-id/0676-totalattack/p00-r00-f000.png,unverified; fixed-size by default,"1 palette(s), 1 rotation(s), 3 frame(s) per rotation; preserve registration across the complete family."
677,art/interface/totaldefens.art,ART,D:/OpenArcanum/UIReference/Original/art/interface/0677-totaldefens/p00-r00-f000.png,83,71,yes,Inventory / Equipment / Merchant / Loot,inventory presentation,multi-frame family,83,71,unknown,unknown,no,,Retail art/interface/interface.mes {677}; arcanum-ce/src/ui/inven_ui.c:777; arcanum-ce/src/ui/inven_ui.c:823,yes,HDAssets/ui/by-source-id/0677-totaldefens/p00-r00-f000.png,unverified; fixed-size by default,"1 palette(s), 1 rotation(s), 3 frame(s) per rotation; preserve registration across the complete family."
678,art/interface/scroll_not.art,ART,D:/OpenArcanum/UIReference/Original/art/interface/0678-scroll_not/p00-r00-f000.png,25,26,yes,Common,scrollbar component,other,25,26,unknown,unknown,no,,Retail art/interface/interface.mes {678}; arcanum-ce/src/game/scroll.c:392; source-name classification only; confirm table-driven call site before implementation.,yes,HDAssets/ui/by-source-id/0678-scroll_not/p00-r00-f000.png,unverified; fixed-size by default,"1 palette(s), one static frame."
679,art/interface/scroll-0.art,ART,D:/OpenArcanum/UIReference/Original/art/interface/0679-scroll-0/p00-r00-f000.png,23,27,yes,Common / Cursors,cursor or targeting feedback,other,23,27,unknown,unknown,unknown,,Retail art/interface/interface.mes {679}; no literal call-site match (indirect/table-driven use remains possible).; source-name classification only; confirm table-driven call site before implementation.,yes,HDAssets/ui/by-source-id/0679-scroll-0/p00-r00-f000.png,unverified; fixed-size by default,"1 palette(s), one static frame."
680,art/interface/scroll-1.art,ART,D:/OpenArcanum/UIReference/Original/art/interface/0680-scroll-1/p00-r00-f000.png,21,21,yes,Common / Cursors,cursor or targeting feedback,other,21,21,unknown,unknown,unknown,,Retail art/interface/interface.mes {680}; no literal call-site match (indirect/table-driven use remains possible).; source-name classification only; confirm table-driven call site before implementation.,yes,HDAssets/ui/by-source-id/0680-scroll-1/p00-r00-f000.png,unverified; fixed-size by default,"1 palette(s), one static frame."
681,art/interface/scroll-2.art,ART,D:/OpenArcanum/UIReference/Original/art/interface/0681-scroll-2/p00-r00-f000.png,26,23,yes,Common / Cursors,cursor or targeting feedback,other,26,23,unknown,unknown,unknown,,Retail art/interface/interface.mes {681}; no literal call-site match (indirect/table-driven use remains possible).; source-name classification only; confirm table-driven call site before implementation.,yes,HDAssets/ui/by-source-id/0681-scroll-2/p00-r00-f000.png,unverified; fixed-size by default,"1 palette(s), one static frame."
682,art/interface/scroll-3.art,ART,D:/OpenArcanum/UIReference/Original/art/interface/0682-scroll-3/p00-r00-f000.png,21,20,yes,Common / Cursors,cursor or targeting feedback,other,21,20,unknown,unknown,unknown,,Retail art/interface/interface.mes {682}; no literal call-site match (indirect/table-driven use remains possible).; source-name classification only; confirm table-driven call site before implementation.,yes,HDAssets/ui/by-source-id/0682-scroll-3/p00-r00-f000.png,unverified; fixed-size by default,"1 palette(s), one static frame."
683,art/interface/scroll-4.art,ART,D:/OpenArcanum/UIReference/Original/art/interface/0683-scroll-4/p00-r00-f000.png,23,26,yes,Common / Cursors,cursor or targeting feedback,other,23,26,unknown,unknown,unknown,,Retail art/interface/interface.mes {683}; no literal call-site match (indirect/table-driven use remains possible).; source-name classification only; confirm table-driven call site before implementation.,yes,HDAssets/ui/by-source-id/0683-scroll-4/p00-r00-f000.png,unverified; fixed-size by default,"1 palette(s), one static frame."
684,art/interface/scroll-5.art,ART,D:/OpenArcanum/UIReference/Original/art/interface/0684-scroll-5/p00-r00-f000.png,21,21,yes,Common / Cursors,cursor or targeting feedback,other,21,21,unknown,unknown,unknown,,Retail art/interface/interface.mes {684}; no literal call-site match (indirect/table-driven use remains possible).; source-name classification only; confirm table-driven call site before implementation.,yes,HDAssets/ui/by-source-id/0684-scroll-5/p00-r00-f000.png,unverified; fixed-size by default,"1 palette(s), one static frame."
685,art/interface/scroll-6.art,ART,D:/OpenArcanum/UIReference/Original/art/interface/0685-scroll-6/p00-r00-f000.png,26,23,yes,Common / Cursors,cursor or targeting feedback,other,26,23,unknown,unknown,unknown,,Retail art/interface/interface.mes {685}; no literal call-site match (indirect/table-driven use remains possible).; source-name classification only; confirm table-driven call site before implementation.,yes,HDAssets/ui/by-source-id/0685-scroll-6/p00-r00-f000.png,unverified; fixed-size by default,"1 palette(s), one static frame."
686,art/interface/scroll-7.art,ART,D:/OpenArcanum/UIReference/Original/art/interface/0686-scroll-7/p00-r00-f000.png,21,21,yes,Common / Cursors,cursor or targeting feedback,other,21,21,unknown,unknown,unknown,,Retail art/interface/interface.mes {686}; no literal call-site match (indirect/table-driven use remains possible).; source-name classification only; confirm table-driven call site before implementation.,yes,HDAssets/ui/by-source-id/0686-scroll-7/p00-r00-f000.png,unverified; fixed-size by default,"1 palette(s), one static frame."
687,art/interface/thorvaldsmap.art,ART,D:/OpenArcanum/UIReference/Original/art/interface/0687-thorvaldsmap/p00-r00-f000.png,668,400,no,Local Map,local-map presentation,other,668,400,unknown,unknown,unknown,,Retail art/interface/interface.mes {687}; no literal call-site match (indirect/table-driven use remains possible).; source-name classification only; confirm table-driven call site before implementation.,yes,HDAssets/ui/by-source-id/0687-thorvaldsmap/p00-r00-f000.png,unverified; fixed-size by default,"1 palette(s), one static frame."
688,art/interface/optionslider.art,ART,D:/OpenArcanum/UIReference/Original/art/interface/0688-optionslider/p00-r00-f000.png,213,56,no,Options,options presentation,other,213,56,unknown,unknown,unknown,,Retail art/interface/interface.mes {688}; no literal call-site match (indirect/table-driven use remains possible).; source-name classification only; confirm table-driven call site before implementation.,yes,HDAssets/ui/by-source-id/0688-optionslider/p00-r00-f000.png,unverified; fixed-size by default,"1 palette(s), one static frame."
689,art/interface/s_wheel_clan_spectacles.art,ART,D:/OpenArcanum/UIReference/Original/art/interface/0689-s_wheel_clan_spectacles/p00-r00-f000.png,295,225,no,Crafting / Schematics,schematic illustration,other,295,225,unknown,unknown,unknown,,Retail art/interface/interface.mes {689}; no literal call-site match (indirect/table-driven use remains possible).; source-name classification only; confirm table-driven call site before implementation.,yes,HDAssets/ui/by-source-id/0689-s_wheel_clan_spectacles/p00-r00-f000.png,unverified; fixed-size by default,"1 palette(s), one static frame."
690,art/interface/s_invigorator.art,ART,D:/OpenArcanum/UIReference/Original/art/interface/0690-s_invigorator/p00-r00-f000.png,295,225,no,Crafting / Schematics,schematic illustration,other,295,225,unknown,unknown,unknown,,Retail art/interface/interface.mes {690}; no literal call-site match (indirect/table-driven use remains possible).; source-name classification only; confirm table-driven call site before implementation.,yes,HDAssets/ui/by-source-id/0690-s_invigorator/p00-r00-f000.png,unverified; fixed-size by default,"1 palette(s), one static frame."
691,art/interface/s_reanimator.art,ART,D:/OpenArcanum/UIReference/Original/art/interface/0691-s_reanimator/p00-r00-f000.png,295,225,no,Crafting / Schematics,schematic illustration,other,295,225,unknown,unknown,unknown,,Retail art/interface/interface.mes {691}; no literal call-site match (indirect/table-driven use remains possible).; source-name classification only; confirm table-driven call site before implementation.,yes,HDAssets/ui/by-source-id/0691-s_reanimator/p00-r00-f000.png,unverified; fixed-size by default,"1 palette(s), one static frame."
692,art/interface/s_clockwork_physician.art,ART,D:/OpenArcanum/UIReference/Original/art/interface/0692-s_clockwork_physician/p00-r00-f000.png,295,225,no,Crafting / Schematics,schematic illustration,other,295,225,unknown,unknown,unknown,,Retail art/interface/interface.mes {692}; no literal call-site match (indirect/table-driven use remains possible).; source-name classification only; confirm table-driven call site before implementation.,yes,HDAssets/ui/by-source-id/0692-s_clockwork_physician/p00-r00-f000.png,unverified; fixed-size by default,"1 palette(s), one static frame."
693,art/interface/s_miracle_cure.art,ART,D:/OpenArcanum/UIReference/Original/art/interface/0693-s_miracle_cure/p00-r00-f000.png,295,225,no,Crafting / Schematics,schematic illustration,other,295,225,unknown,unknown,unknown,,Retail art/interface/interface.mes {693}; no literal call-site match (indirect/table-driven use remains possible).; source-name classification only; confirm table-driven call site before implementation.,yes,HDAssets/ui/by-source-id/0693-s_miracle_cure/p00-r00-f000.png,unverified; fixed-size by default,"1 palette(s), one static frame."
694,art/interface/s_mental_inhibitor.art,ART,D:/OpenArcanum/UIReference/Original/art/interface/0694-s_mental_inhibitor/p00-r00-f000.png,295,225,no,Crafting / Schematics,schematic illustration,other,295,225,unknown,unknown,unknown,,Retail art/interface/interface.mes {694}; no literal call-site match (indirect/table-driven use remains possible).; source-name classification only; confirm table-driven call site before implementation.,yes,HDAssets/ui/by-source-id/0694-s_mental_inhibitor/p00-r00-f000.png,unverified; fixed-size by default,"1 palette(s), one static frame."
695,art/interface/s_necromizer.art,ART,D:/OpenArcanum/UIReference/Original/art/interface/0695-s_necromizer/p00-r00-f000.png,295,225,no,Crafting / Schematics,schematic illustration,other,295,225,unknown,unknown,unknown,,Retail art/interface/interface.mes {695}; no literal call-site match (indirect/table-driven use remains possible).; source-name classification only; confirm table-driven call site before implementation.,yes,HDAssets/ui/by-source-id/0695-s_necromizer/p00-r00-f000.png,unverified; fixed-size by default,"1 palette(s), one static frame."
696,art/interface/s_fortifier.art,ART,D:/OpenArcanum/UIReference/Original/art/interface/0696-s_fortifier/p00-r00-f000.png,295,225,no,Crafting / Schematics,schematic illustration,other,295,225,unknown,unknown,unknown,,Retail art/interface/interface.mes {696}; no literal call-site match (indirect/table-driven use remains possible).; source-name classification only; confirm table-driven call site before implementation.,yes,HDAssets/ui/by-source-id/0696-s_fortifier/p00-r00-f000.png,unverified; fixed-size by default,"1 palette(s), one static frame."
697,art/interface/s_sleep_aid.art,ART,D:/OpenArcanum/UIReference/Original/art/interface/0697-s_sleep_aid/p00-r00-f000.png,295,225,no,Sleep,sleep presentation,other,295,225,unknown,unknown,unknown,,Retail art/interface/interface.mes {697}; no literal call-site match (indirect/table-driven use remains possible).; source-name classification only; confirm table-driven call site before implementation.,yes,HDAssets/ui/by-source-id/0697-s_sleep_aid/p00-r00-f000.png,unverified; fixed-size by default,"1 palette(s), one static frame."
698,art/interface/s_potion_of_paralysis.art,ART,D:/OpenArcanum/UIReference/Original/art/interface/0698-s_potion_of_paralysis/p00-r00-f000.png,295,225,no,Crafting / Schematics,schematic illustration,other,295,225,unknown,unknown,unknown,,Retail art/interface/interface.mes {698}; no literal call-site match (indirect/table-driven use remains possible).; source-name classification only; confirm table-driven call site before implementation.,yes,HDAssets/ui/by-source-id/0698-s_potion_of_paralysis/p00-r00-f000.png,unverified; fixed-size by default,"1 palette(s), one static frame."
699,art/interface/s_charged_sword.art,ART,D:/OpenArcanum/UIReference/Original/art/interface/0699-s_charged_sword/p00-r00-f000.png,295,225,no,Crafting / Schematics,schematic illustration,other,295,225,unknown,unknown,unknown,,Retail art/interface/interface.mes {699}; no literal call-site match (indirect/table-driven use remains possible).; source-name classification only; confirm table-driven call site before implementation.,yes,HDAssets/ui/by-source-id/0699-s_charged_sword/p00-r00-f000.png,unverified; fixed-size by default,"1 palette(s), one static frame."
700,art/interface/s_flow_disruptor.art,ART,D:/OpenArcanum/UIReference/Original/art/interface/0700-s_flow_disruptor/p00-r00-f000.png,295,225,no,Crafting / Schematics,schematic illustration,other,295,225,unknown,unknown,unknown,,Retail art/interface/interface.mes {700}; no literal call-site match (indirect/table-driven use remains possible).; source-name classification only; confirm table-driven call site before implementation.,yes,HDAssets/ui/by-source-id/0700-s_flow_disruptor/p00-r00-f000.png,unverified; fixed-size by default,"1 palette(s), one static frame."
701,art/interface/s_tesla_gun.art,ART,D:/OpenArcanum/UIReference/Original/art/interface/0701-s_tesla_gun/p00-r00-f000.png,295,225,no,Crafting / Schematics,schematic illustration,other,295,225,unknown,unknown,unknown,,Retail art/interface/interface.mes {701}; no literal call-site match (indirect/table-driven use remains possible).; source-name classification only; confirm table-driven call site before implementation.,yes,HDAssets/ui/by-source-id/0701-s_tesla_gun/p00-r00-f000.png,unverified; fixed-size by default,"1 palette(s), one static frame."
702,art/interface/s_bellringer.art,ART,D:/OpenArcanum/UIReference/Original/art/interface/0702-s_bellringer/p00-r00-f000.png,295,225,no,Crafting / Schematics,schematic illustration,other,295,225,unknown,unknown,unknown,,Retail art/interface/interface.mes {702}; no literal call-site match (indirect/table-driven use remains possible).; source-name classification only; confirm table-driven call site before implementation.,yes,HDAssets/ui/by-source-id/0702-s_bellringer/p00-r00-f000.png,unverified; fixed-size by default,"1 palette(s), one static frame."
703,art/interface/s_electro_armor.art,ART,D:/OpenArcanum/UIReference/Original/art/interface/0703-s_electro_armor/p00-r00-f000.png,295,225,no,Crafting / Schematics,schematic illustration,other,295,225,unknown,unknown,unknown,,Retail art/interface/interface.mes {703}; no literal call-site match (indirect/table-driven use remains possible).; source-name classification only; confirm table-driven call site before implementation.,yes,HDAssets/ui/by-source-id/0703-s_electro_armor/p00-r00-f000.png,unverified; fixed-size by default,"1 palette(s), one static frame."
704,art/interface/s_pyrotechnic_bow.art,ART,D:/OpenArcanum/UIReference/Original/art/interface/0704-s_pyrotechnic_bow/p00-r00-f000.png,295,225,no,Technology,technology presentation,other,295,225,unknown,unknown,unknown,,Retail art/interface/interface.mes {704}; no literal call-site match (indirect/table-driven use remains possible).; source-name classification only; confirm table-driven call site before implementation.,yes,HDAssets/ui/by-source-id/0704-s_pyrotechnic_bow/p00-r00-f000.png,unverified; fixed-size by default,"1 palette(s), one static frame."
705,art/interface/s_knock_out_gas.art,ART,D:/OpenArcanum/UIReference/Original/art/interface/0705-s_knock_out_gas/p00-r00-f000.png,295,225,no,Crafting / Schematics,schematic illustration,other,295,225,unknown,unknown,unknown,,Retail art/interface/interface.mes {705}; no literal call-site match (indirect/table-driven use remains possible).; source-name classification only; confirm table-driven call site before implementation.,yes,HDAssets/ui/by-source-id/0705-s_knock_out_gas/p00-r00-f000.png,unverified; fixed-size by default,"1 palette(s), one static frame."
706,art/interface/s_hallucination_grenade.art,ART,D:/OpenArcanum/UIReference/Original/art/interface/0706-s_hallucination_grenade/p00-r00-f000.png,295,225,no,Crafting / Schematics,schematic illustration,other,295,225,unknown,unknown,unknown,,Retail art/interface/interface.mes {706}; no literal call-site match (indirect/table-driven use remains possible).; source-name classification only; confirm table-driven call site before implementation.,yes,HDAssets/ui/by-source-id/0706-s_hallucination_grenade/p00-r00-f000.png,unverified; fixed-size by default,"1 palette(s), one static frame."
707,art/interface/s_electrocution_grenade.art,ART,D:/OpenArcanum/UIReference/Original/art/interface/0707-s_electrocution_grenade/p00-r00-f000.png,295,225,no,Crafting / Schematics,schematic illustration,other,295,225,unknown,unknown,unknown,,Retail art/interface/interface.mes {707}; no literal call-site match (indirect/table-driven use remains possible).; source-name classification only; confirm table-driven call site before implementation.,yes,HDAssets/ui/by-source-id/0707-s_electrocution_grenade/p00-r00-f000.png,unverified; fixed-size by default,"1 palette(s), one static frame."
708,art/interface/s_grenade_launcher.art,ART,D:/OpenArcanum/UIReference/Original/art/interface/0708-s_grenade_launcher/p00-r00-f000.png,295,225,no,Crafting / Schematics,schematic illustration,other,295,225,unknown,unknown,unknown,,Retail art/interface/interface.mes {708}; no literal call-site match (indirect/table-driven use remains possible).; source-name classification only; confirm table-driven call site before implementation.,yes,HDAssets/ui/by-source-id/0708-s_grenade_launcher/p00-r00-f000.png,unverified; fixed-size by default,"1 palette(s), one static frame."
709,art/interface/s_time_bomb.art,ART,D:/OpenArcanum/UIReference/Original/art/interface/0709-s_time_bomb/p00-r00-f000.png,295,225,no,Crafting / Schematics,schematic illustration,other,295,225,unknown,unknown,unknown,,Retail art/interface/interface.mes {709}; no literal call-site match (indirect/table-driven use remains possible).; source-name classification only; confirm table-driven call site before implementation.,yes,HDAssets/ui/by-source-id/0709-s_time_bomb/p00-r00-f000.png,unverified; fixed-size by default,"1 palette(s), one static frame."
710,art/interface/s_concussion_grenade.art,ART,D:/OpenArcanum/UIReference/Original/art/interface/0710-s_concussion_grenade/p00-r00-f000.png,295,225,no,Crafting / Schematics,schematic illustration,other,295,225,unknown,unknown,unknown,,Retail art/interface/interface.mes {710}; no literal call-site match (indirect/table-driven use remains possible).; source-name classification only; confirm table-driven call site before implementation.,yes,HDAssets/ui/by-source-id/0710-s_concussion_grenade/p00-r00-f000.png,unverified; fixed-size by default,"1 palette(s), one static frame."
711,art/interface/s_paralysis_grenade.art,ART,D:/OpenArcanum/UIReference/Original/art/interface/0711-s_paralysis_grenade/p00-r00-f000.png,295,225,no,Crafting / Schematics,schematic illustration,other,295,225,unknown,unknown,unknown,,Retail art/interface/interface.mes {711}; no literal call-site match (indirect/table-driven use remains possible).; source-name classification only; confirm table-driven call site before implementation.,yes,HDAssets/ui/by-source-id/0711-s_paralysis_grenade/p00-r00-f000.png,unverified; fixed-size by default,"1 palette(s), one static frame."
712,art/interface/s_mustard_gas_grenade.art,ART,D:/OpenArcanum/UIReference/Original/art/interface/0712-s_mustard_gas_grenade/p00-r00-f000.png,295,225,no,Crafting / Schematics,schematic illustration,other,295,225,unknown,unknown,unknown,,Retail art/interface/interface.mes {712}; no literal call-site match (indirect/table-driven use remains possible).; source-name classification only; confirm table-driven call site before implementation.,yes,HDAssets/ui/by-source-id/0712-s_mustard_gas_grenade/p00-r00-f000.png,unverified; fixed-size by default,"1 palette(s), one static frame."
713,art/interface/s_plastique.art,ART,D:/OpenArcanum/UIReference/Original/art/interface/0713-s_plastique/p00-r00-f000.png,295,225,no,Crafting / Schematics,schematic illustration,other,295,225,unknown,unknown,unknown,,Retail art/interface/interface.mes {713}; no literal call-site match (indirect/table-driven use remains possible).; source-name classification only; confirm table-driven call site before implementation.,yes,HDAssets/ui/by-source-id/0713-s_plastique/p00-r00-f000.png,unverified; fixed-size by default,"1 palette(s), one static frame."
714,art/interface/s_detonator.art,ART,D:/OpenArcanum/UIReference/Original/art/interface/0714-s_detonator/p00-r00-f000.png,295,225,no,Crafting / Schematics,schematic illustration,other,295,225,unknown,unknown,unknown,,Retail art/interface/interface.mes {714}; no literal call-site match (indirect/table-driven use remains possible).; source-name classification only; confirm table-driven call site before implementation.,yes,HDAssets/ui/by-source-id/0714-s_detonator/p00-r00-f000.png,unverified; fixed-size by default,"1 palette(s), one static frame."
715,art/interface/s_acid_gun.art,ART,D:/OpenArcanum/UIReference/Original/art/interface/0715-s_acid_gun/p00-r00-f000.png,295,225,no,Crafting / Schematics,schematic illustration,other,295,225,unknown,unknown,unknown,,Retail art/interface/interface.mes {715}; no literal call-site match (indirect/table-driven use remains possible).; source-name classification only; confirm table-driven call site before implementation.,yes,HDAssets/ui/by-source-id/0715-s_acid_gun/p00-r00-f000.png,unverified; fixed-size by default,"1 palette(s), one static frame."
716,art/interface/s_charged_accelerator_gun.art,ART,D:/OpenArcanum/UIReference/Original/art/interface/0716-s_charged_accelerator_gun/p00-r00-f000.png,295,225,no,Crafting / Schematics,schematic illustration,other,295,225,unknown,unknown,unknown,,Retail art/interface/interface.mes {716}; no literal call-site match (indirect/table-driven use remains possible).; source-name classification only; confirm table-driven call site before implementation.,yes,HDAssets/ui/by-source-id/0716-s_charged_accelerator_gun/p00-r00-f000.png,unverified; fixed-size by default,"1 palette(s), one static frame."
717,art/interface/s_pyrotechnic_gun.art,ART,D:/OpenArcanum/UIReference/Original/art/interface/0717-s_pyrotechnic_gun/p00-r00-f000.png,295,225,no,Technology,technology presentation,other,295,225,unknown,unknown,unknown,,Retail art/interface/interface.mes {717}; no literal call-site match (indirect/table-driven use remains possible).; source-name classification only; confirm table-driven call site before implementation.,yes,HDAssets/ui/by-source-id/0717-s_pyrotechnic_gun/p00-r00-f000.png,unverified; fixed-size by default,"1 palette(s), one static frame."
718,art/interface/s_blade_launcher.art,ART,D:/OpenArcanum/UIReference/Original/art/interface/0718-s_blade_launcher/p00-r00-f000.png,295,225,no,Crafting / Schematics,schematic illustration,other,295,225,unknown,unknown,unknown,,Retail art/interface/interface.mes {718}; no literal call-site match (indirect/table-driven use remains possible).; source-name classification only; confirm table-driven call site before implementation.,yes,HDAssets/ui/by-source-id/0718-s_blade_launcher/p00-r00-f000.png,unverified; fixed-size by default,"1 palette(s), one static frame."
719,art/interface/s_high_velocity_pistol.art,ART,D:/OpenArcanum/UIReference/Original/art/interface/0719-s_high_velocity_pistol/p00-r00-f000.png,295,225,no,Crafting / Schematics,schematic illustration,other,295,225,unknown,unknown,unknown,,Retail art/interface/interface.mes {719}; no literal call-site match (indirect/table-driven use remains possible).; source-name classification only; confirm table-driven call site before implementation.,yes,HDAssets/ui/by-source-id/0719-s_high_velocity_pistol/p00-r00-f000.png,unverified; fixed-size by default,"1 palette(s), one static frame."
720,art/interface/s_schrecks_pistol.art,ART,D:/OpenArcanum/UIReference/Original/art/interface/0720-s_schrecks_pistol/p00-r00-f000.png,295,225,no,Crafting / Schematics,schematic illustration,other,295,225,unknown,unknown,unknown,,Retail art/interface/interface.mes {720}; no literal call-site match (indirect/table-driven use remains possible).; source-name classification only; confirm table-driven call site before implementation.,yes,HDAssets/ui/by-source-id/0720-s_schrecks_pistol/p00-r00-f000.png,unverified; fixed-size by default,"1 palette(s), one static frame."
721,art/interface/s_bronwycks_gun.art,ART,D:/OpenArcanum/UIReference/Original/art/interface/0721-s_bronwycks_gun/p00-r00-f000.png,295,225,no,Crafting / Schematics,schematic illustration,other,295,225,unknown,unknown,unknown,,Retail art/interface/interface.mes {721}; no literal call-site match (indirect/table-driven use remains possible).; source-name classification only; confirm table-driven call site before implementation.,yes,HDAssets/ui/by-source-id/0721-s_bronwycks_gun/p00-r00-f000.png,unverified; fixed-size by default,"1 palette(s), one static frame."
722,art/interface/s_long_range_pistol.art,ART,D:/OpenArcanum/UIReference/Original/art/interface/0722-s_long_range_pistol/p00-r00-f000.png,295,225,no,Crafting / Schematics,schematic illustration,other,295,225,unknown,unknown,unknown,,Retail art/interface/interface.mes {722}; no literal call-site match (indirect/table-driven use remains possible).; source-name classification only; confirm table-driven call site before implementation.,yes,HDAssets/ui/by-source-id/0722-s_long_range_pistol/p00-r00-f000.png,unverified; fixed-size by default,"1 palette(s), one static frame."
723,art/interface/s_tranquilizer_gun.art,ART,D:/OpenArcanum/UIReference/Original/art/interface/0723-s_tranquilizer_gun/p00-r00-f000.png,295,225,no,Crafting / Schematics,schematic illustration,other,295,225,unknown,unknown,unknown,,Retail art/interface/interface.mes {723}; no literal call-site match (indirect/table-driven use remains possible).; source-name classification only; confirm table-driven call site before implementation.,yes,HDAssets/ui/by-source-id/0723-s_tranquilizer_gun/p00-r00-f000.png,unverified; fixed-size by default,"1 palette(s), one static frame."
724,art/interface/machinedplate_schematic.art,ART,D:/OpenArcanum/UIReference/Original/art/interface/0724-machinedplate_schematic/p00-r00-f000.png,295,225,no,Crafting / Schematics,crafting presentation,other,295,225,unknown,unknown,unknown,,Retail art/interface/interface.mes {724}; no literal call-site match (indirect/table-driven use remains possible).; source-name classification only; confirm table-driven call site before implementation.,yes,HDAssets/ui/by-source-id/0724-machinedplate_schematic/p00-r00-f000.png,unverified; fixed-size by default,"1 palette(s), one static frame."
725,art/interface/s_compound_bow.art,ART,D:/OpenArcanum/UIReference/Original/art/interface/0725-s_compound_bow/p00-r00-f000.png,295,225,no,Crafting / Schematics,schematic illustration,other,295,225,unknown,unknown,unknown,,Retail art/interface/interface.mes {725}; no literal call-site match (indirect/table-driven use remains possible).; source-name classification only; confirm table-driven call site before implementation.,yes,HDAssets/ui/by-source-id/0725-s_compound_bow/p00-r00-f000.png,unverified; fixed-size by default,"1 palette(s), one static frame."
726,art/interface/s_envenomed_bow.art,ART,D:/OpenArcanum/UIReference/Original/art/interface/0726-s_envenomed_bow/p00-r00-f000.png,295,225,no,Crafting / Schematics,schematic illustration,other,295,225,unknown,unknown,unknown,,Retail art/interface/interface.mes {726}; no literal call-site match (indirect/table-driven use remains possible).; source-name classification only; confirm table-driven call site before implementation.,yes,HDAssets/ui/by-source-id/0726-s_envenomed_bow/p00-r00-f000.png,unverified; fixed-size by default,"1 palette(s), one static frame."
727,art/interface/s_medical_arachnid.art,ART,D:/OpenArcanum/UIReference/Original/art/interface/0727-s_medical_arachnid/p00-r00-f000.png,295,225,no,Crafting / Schematics,schematic illustration,other,295,225,unknown,unknown,unknown,,Retail art/interface/interface.mes {727}; no literal call-site match (indirect/table-driven use remains possible).; source-name classification only; confirm table-driven call site before implementation.,yes,HDAssets/ui/by-source-id/0727-s_medical_arachnid/p00-r00-f000.png,unverified; fixed-size by default,"1 palette(s), one static frame."
728,art/interface/s_illuminated_decoy.art,ART,D:/OpenArcanum/UIReference/Original/art/interface/0728-s_illuminated_decoy/p00-r00-f000.png,295,225,no,Crafting / Schematics,schematic illustration,other,295,225,unknown,unknown,unknown,,Retail art/interface/interface.mes {728}; no literal call-site match (indirect/table-driven use remains possible).; source-name classification only; confirm table-driven call site before implementation.,yes,HDAssets/ui/by-source-id/0728-s_illuminated_decoy/p00-r00-f000.png,unverified; fixed-size by default,"1 palette(s), one static frame."
729,art/interface/s_explosive_decoy.art,ART,D:/OpenArcanum/UIReference/Original/art/interface/0729-s_explosive_decoy/p00-r00-f000.png,295,225,no,Crafting / Schematics,schematic illustration,other,295,225,unknown,unknown,unknown,,Retail art/interface/interface.mes {729}; no literal call-site match (indirect/table-driven use remains possible).; source-name classification only; confirm table-driven call site before implementation.,yes,HDAssets/ui/by-source-id/0729-s_explosive_decoy/p00-r00-f000.png,unverified; fixed-size by default,"1 palette(s), one static frame."
730,art/interface/s_automaton_gunner.art,ART,D:/OpenArcanum/UIReference/Original/art/interface/0730-s_automaton_gunner/p00-r00-f000.png,295,225,no,Crafting / Schematics,schematic illustration,other,295,225,unknown,unknown,unknown,,Retail art/interface/interface.mes {730}; no literal call-site match (indirect/table-driven use remains possible).; source-name classification only; confirm table-driven call site before implementation.,yes,HDAssets/ui/by-source-id/0730-s_automaton_gunner/p00-r00-f000.png,unverified; fixed-size by default,"1 palette(s), one static frame."
731,art/interface/s_goggled_helmet.art,ART,D:/OpenArcanum/UIReference/Original/art/interface/0731-s_goggled_helmet/p00-r00-f000.png,295,225,no,Crafting / Schematics,schematic illustration,other,295,225,unknown,unknown,unknown,,Retail art/interface/interface.mes {731}; no literal call-site match (indirect/table-driven use remains possible).; source-name classification only; confirm table-driven call site before implementation.,yes,HDAssets/ui/by-source-id/0731-s_goggled_helmet/p00-r00-f000.png,unverified; fixed-size by default,"1 palette(s), one static frame."
732,art/interface/s_envenomed_sword.art,ART,D:/OpenArcanum/UIReference/Original/art/interface/0732-s_envenomed_sword/p00-r00-f000.png,295,225,no,Crafting / Schematics,schematic illustration,other,295,225,unknown,unknown,unknown,,Retail art/interface/interface.mes {732}; no literal call-site match (indirect/table-driven use remains possible).; source-name classification only; confirm table-driven call site before implementation.,yes,HDAssets/ui/by-source-id/0732-s_envenomed_sword/p00-r00-f000.png,unverified; fixed-size by default,"1 palette(s), one static frame."
733,art/interface/s_envenomed_axe.art,ART,D:/OpenArcanum/UIReference/Original/art/interface/0733-s_envenomed_axe/p00-r00-f000.png,295,225,no,Crafting / Schematics,schematic illustration,other,295,225,unknown,unknown,unknown,,Retail art/interface/interface.mes {733}; no literal call-site match (indirect/table-driven use remains possible).; source-name classification only; confirm table-driven call site before implementation.,yes,HDAssets/ui/by-source-id/0733-s_envenomed_axe/p00-r00-f000.png,unverified; fixed-size by default,"1 palette(s), one static frame."
734,art/interface/s_miners_helmet.art,ART,D:/OpenArcanum/UIReference/Original/art/interface/0734-s_miners_helmet/p00-r00-f000.png,295,225,no,Crafting / Schematics,schematic illustration,other,295,225,unknown,unknown,unknown,,Retail art/interface/interface.mes {734}; no literal call-site match (indirect/table-driven use remains possible).; source-name classification only; confirm table-driven call site before implementation.,yes,HDAssets/ui/by-source-id/0734-s_miners_helmet/p00-r00-f000.png,unverified; fixed-size by default,"1 palette(s), one static frame."
735,art/interface/s_pyrotechnic_axe.art,ART,D:/OpenArcanum/UIReference/Original/art/interface/0735-s_pyrotechnic_axe/p00-r00-f000.png,295,225,no,Technology,technology presentation,other,295,225,unknown,unknown,unknown,,Retail art/interface/interface.mes {735}; no literal call-site match (indirect/table-driven use remains possible).; source-name classification only; confirm table-driven call site before implementation.,yes,HDAssets/ui/by-source-id/0735-s_pyrotechnic_axe/p00-r00-f000.png,unverified; fixed-size by default,"1 palette(s), one static frame."
736,art/interface/s_rifled_cannon.art,ART,D:/OpenArcanum/UIReference/Original/art/interface/0736-s_rifled_cannon/p00-r00-f000.png,295,225,no,Crafting / Schematics,schematic illustration,other,295,225,unknown,unknown,unknown,,Retail art/interface/interface.mes {736}; no literal call-site match (indirect/table-driven use remains possible).; source-name classification only; confirm table-driven call site before implementation.,yes,HDAssets/ui/by-source-id/0736-s_rifled_cannon/p00-r00-f000.png,unverified; fixed-size by default,"1 palette(s), one static frame."
737,art/interface/s_mechanical_dagger.art,ART,D:/OpenArcanum/UIReference/Original/art/interface/0737-s_mechanical_dagger/p00-r00-f000.png,295,225,no,Crafting / Schematics,schematic illustration,other,295,225,unknown,unknown,unknown,,Retail art/interface/interface.mes {737}; no literal call-site match (indirect/table-driven use remains possible).; source-name classification only; confirm table-driven call site before implementation.,yes,HDAssets/ui/by-source-id/0737-s_mechanical_dagger/p00-r00-f000.png,unverified; fixed-size by default,"1 palette(s), one static frame."
738,art/interface/s_elixir_of_hypnotic_suggestion.art,ART,D:/OpenArcanum/UIReference/Original/art/interface/0738-s_elixir_of_hypnotic_suggestion/p00-r00-f000.png,295,225,no,Crafting / Schematics,schematic illustration,other,295,225,unknown,unknown,unknown,,Retail art/interface/interface.mes {738}; no literal call-site match (indirect/table-driven use remains possible).; source-name classification only; confirm table-driven call site before implementation.,yes,HDAssets/ui/by-source-id/0738-s_elixir_of_hypnotic_suggestion/p00-r00-f000.png,unverified; fixed-size by default,"1 palette(s), one static frame."
739,art/interface/s_brain_builder.art,ART,D:/OpenArcanum/UIReference/Original/art/interface/0739-s_brain_builder/p00-r00-f000.png,295,225,no,Crafting / Schematics,schematic illustration,other,295,225,unknown,unknown,unknown,,Retail art/interface/interface.mes {739}; no literal call-site match (indirect/table-driven use remains possible).; source-name classification only; confirm table-driven call site before implementation.,yes,HDAssets/ui/by-source-id/0739-s_brain_builder/p00-r00-f000.png,unverified; fixed-size by default,"1 palette(s), one static frame."
740,art/interface/s_muscle_maker.art,ART,D:/OpenArcanum/UIReference/Original/art/interface/0740-s_muscle_maker/p00-r00-f000.png,295,225,no,Crafting / Schematics,schematic illustration,other,295,225,unknown,unknown,unknown,,Retail art/interface/interface.mes {740}; no literal call-site match (indirect/table-driven use remains possible).; source-name classification only; confirm table-driven call site before implementation.,yes,HDAssets/ui/by-source-id/0740-s_muscle_maker/p00-r00-f000.png,unverified; fixed-size by default,"1 palette(s), one static frame."
741,art/interface/s_flame_thrower.art,ART,D:/OpenArcanum/UIReference/Original/art/interface/0741-s_flame_thrower/p00-r00-f000.png,295,225,no,Crafting / Schematics,schematic illustration,other,295,225,unknown,unknown,unknown,,Retail art/interface/interface.mes {741}; no literal call-site match (indirect/table-driven use remains possible).; source-name classification only; confirm table-driven call site before implementation.,yes,HDAssets/ui/by-source-id/0741-s_flame_thrower/p00-r00-f000.png,unverified; fixed-size by default,"1 palette(s), one static frame."
742,art/interface/s_charges.art,ART,D:/OpenArcanum/UIReference/Original/art/interface/0742-s_charges/p00-r00-f000.png,295,225,no,Crafting / Schematics,schematic illustration,other,295,225,unknown,unknown,unknown,,Retail art/interface/interface.mes {742}; no literal call-site match (indirect/table-driven use remains possible).; source-name classification only; confirm table-driven call site before implementation.,yes,HDAssets/ui/by-source-id/0742-s_charges/p00-r00-f000.png,unverified; fixed-size by default,"1 palette(s), one static frame."
743,art/interface/s_hand_cannon.art,ART,D:/OpenArcanum/UIReference/Original/art/interface/0743-s_hand_cannon/p00-r00-f000.png,295,225,no,Crafting / Schematics,schematic illustration,other,295,225,unknown,unknown,unknown,,Retail art/interface/interface.mes {743}; no literal call-site match (indirect/table-driven use remains possible).; source-name classification only; confirm table-driven call site before implementation.,yes,HDAssets/ui/by-source-id/0743-s_hand_cannon/p00-r00-f000.png,unverified; fixed-size by default,"1 palette(s), one static frame."
744,art/interface/bookimagesfont.art,ART,D:/OpenArcanum/UIReference/Original/art/interface/0744-bookimagesfont/p00-r00-f000.png,2,186,yes,Journal / Logbook,journal presentation,glyph-set,2,186,unknown,unknown,unknown,,Retail art/interface/interface.mes {744}; no literal call-site match (indirect/table-driven use remains possible).; source-name classification only; confirm table-driven call site before implementation.,yes,HDAssets/ui/by-source-id/0744-bookimagesfont/p00-r00-f000.png,unverified; fixed-size by default,"1 palette(s), 1 rotation(s), 225 frame(s) per rotation; preserve registration across the complete family."
745,art/interface/saveloadbackground.art,ART,D:/OpenArcanum/UIReference/Original/art/interface/0745-saveloadbackground/p00-r00-f000.png,800,400,yes,Save / Load,save/load presentation,other,800,400,unknown,unknown,unknown,,Retail art/interface/interface.mes {745}; no literal call-site match (indirect/table-driven use remains possible).; source-name classification only; confirm table-driven call site before implementation.,yes,HDAssets/ui/by-source-id/0745-saveloadbackground/p00-r00-f000.png,unverified; fixed-size by default,"1 palette(s), one static frame."
746,art/interface/saveloadpclens.art,ART,D:/OpenArcanum/UIReference/Original/art/interface/0746-saveloadpclens/p00-r00-f000.png,89,89,yes,Main Menu / Character Creation / Save / Load / Options,menu or modal presentation,other,89,89,unknown,unknown,no,,Retail art/interface/interface.mes {746}; arcanum-ce/src/ui/mainmenu_ui.c:2280; arcanum-ce/src/ui/mainmenu_ui.c:2992,yes,HDAssets/ui/by-source-id/0746-saveloadpclens/p00-r00-f000.png,unverified; fixed-size by default,"1 palette(s), one static frame."
747,art/interface/texttoggle.art,ART,D:/OpenArcanum/UIReference/Original/art/interface/0747-texttoggle/p00-r00-f000.png,33,33,yes,unknown,unknown,multi-frame family,33,33,unknown,unknown,unknown,,Retail art/interface/interface.mes {747}; no literal call-site match (indirect/table-driven use remains possible).,yes,HDAssets/ui/by-source-id/0747-texttoggle/p00-r00-f000.png,unverified; fixed-size by default,"1 palette(s), 1 rotation(s), 2 frame(s) per rotation; preserve registration across the complete family."
748,art/interface/saveshotcover.art,ART,D:/OpenArcanum/UIReference/Original/art/interface/0748-saveshotcover/p00-r00-f000.png,468,300,yes,Main Menu / Character Creation / Save / Load / Options,menu or modal presentation,other,468,300,unknown,unknown,no,,Retail art/interface/interface.mes {748}; arcanum-ce/src/ui/mainmenu_ui.c:2623; arcanum-ce/src/ui/mainmenu_ui.c:3368,yes,HDAssets/ui/by-source-id/0748-saveshotcover/p00-r00-f000.png,unverified; fixed-size by default,"1 palette(s), one static frame."
749,art/interface/qintarramap.art,ART,D:/OpenArcanum/UIReference/Original/art/interface/0749-qintarramap/p00-r00-f000.png,668,400,no,Local Map,local-map presentation,other,668,400,unknown,unknown,unknown,,Retail art/interface/interface.mes {749}; no literal call-site match (indirect/table-driven use remains possible).; source-name classification only; confirm table-driven call site before implementation.,yes,HDAssets/ui/by-source-id/0749-qintarramap/p00-r00-f000.png,unverified; fixed-size by default,"1 palette(s), one static frame."
750,art/interface/mpserverlistbackground.art,ART,D:/OpenArcanum/UIReference/Original/art/interface/0750-mpserverlistbackground/p00-r00-f000.png,800,600,yes,unknown,unknown,other,800,600,unknown,unknown,unknown,,Retail art/interface/interface.mes {750}; no literal call-site match (indirect/table-driven use remains possible).,yes,HDAssets/ui/by-source-id/0750-mpserverlistbackground/p00-r00-f000.png,unverified; fixed-size by default,"1 palette(s), one static frame."
751,art/interface/bookmarkbutt.art,ART,D:/OpenArcanum/UIReference/Original/art/interface/0751-bookmarkbutt/p00-r00-f000.png,23,23,yes,Journal / Logbook,journal presentation,multi-frame family,23,23,unknown,unknown,unknown,,Retail art/interface/interface.mes {751}; no literal call-site match (indirect/table-driven use remains possible).; source-name classification only; confirm table-driven call site before implementation.,yes,HDAssets/ui/by-source-id/0751-bookmarkbutt/p00-r00-f000.png,unverified; fixed-size by default,"1 palette(s), 1 rotation(s), 3 frame(s) per rotation; preserve registration across the complete family."
752,art/interface/unbookmarkbutt.art,ART,D:/OpenArcanum/UIReference/Original/art/interface/0752-unbookmarkbutt/p00-r00-f000.png,23,23,yes,Journal / Logbook,journal presentation,multi-frame family,23,23,unknown,unknown,unknown,,Retail art/interface/interface.mes {752}; no literal call-site match (indirect/table-driven use remains possible).; source-name classification only; confirm table-driven call site before implementation.,yes,HDAssets/ui/by-source-id/0752-unbookmarkbutt/p00-r00-f000.png,unverified; fixed-size by default,"1 palette(s), 1 rotation(s), 3 frame(s) per rotation; preserve registration across the complete family."
753,art/interface/mpcharacterselectionbackground.art,ART,D:/OpenArcanum/UIReference/Original/art/interface/0753-mpcharacterselectionbackground/p00-r00-f000.png,800,600,no,Character / Character Creation,character presentation,other,800,600,unknown,unknown,unknown,,Retail art/interface/interface.mes {753}; no literal call-site match (indirect/table-driven use remains possible).; source-name classification only; confirm table-driven call site before implementation.,yes,HDAssets/ui/by-source-id/0753-mpcharacterselectionbackground/p00-r00-f000.png,unverified; fixed-size by default,"1 palette(s), one static frame."
754,art/interface/mpchatbackground.art,ART,D:/OpenArcanum/UIReference/Original/art/interface/0754-mpchatbackground/p00-r00-f000.png,800,600,no,unknown,unknown,other,800,600,unknown,unknown,unknown,,Retail art/interface/interface.mes {754}; no literal call-site match (indirect/table-driven use remains possible).,yes,HDAssets/ui/by-source-id/0754-mpchatbackground/p00-r00-f000.png,unverified; fixed-size by default,"1 palette(s), one static frame."
755,art/interface/mpconnectionsettingscover.art,ART,D:/OpenArcanum/UIReference/Original/art/interface/0755-mpconnectionsettingscover/p00-r00-f000.png,251,375,no,unknown,unknown,other,251,375,unknown,unknown,unknown,,Retail art/interface/interface.mes {755}; no literal call-site match (indirect/table-driven use remains possible).,yes,HDAssets/ui/by-source-id/0755-mpconnectionsettingscover/p00-r00-f000.png,unverified; fixed-size by default,"1 palette(s), one static frame."
756,art/interface/mpcreatechatroombackground.art,ART,D:/OpenArcanum/UIReference/Original/art/interface/0756-mpcreatechatroombackground/p00-r00-f000.png,286,394,yes,Technology,technology presentation,other,286,394,unknown,unknown,unknown,,Retail art/interface/interface.mes {756}; no literal call-site match (indirect/table-driven use remains possible).; source-name classification only; confirm table-driven call site before implementation.,yes,HDAssets/ui/by-source-id/0756-mpcreatechatroombackground/p00-r00-f000.png,unverified; fixed-size by default,"1 palette(s), one static frame."
757,art/interface/mpcycleleftbutton.art,ART,D:/OpenArcanum/UIReference/Original/art/interface/0757-mpcycleleftbutton/p00-r00-f000.png,23,23,yes,Inventory / Equipment / Merchant / Loot,inventory presentation,multi-frame family,23,23,unknown,unknown,no,,Retail art/interface/interface.mes {757}; arcanum-ce/src/ui/inven_ui.c:1013,yes,HDAssets/ui/by-source-id/0757-mpcycleleftbutton/p00-r00-f000.png,unverified; fixed-size by default,"1 palette(s), 1 rotation(s), 3 frame(s) per rotation; preserve registration across the complete family."
758,art/interface/mpcyclerightbutton.art,ART,D:/OpenArcanum/UIReference/Original/art/interface/0758-mpcyclerightbutton/p00-r00-f000.png,23,23,yes,Inventory / Equipment / Merchant / Loot,inventory presentation,multi-frame family,23,23,unknown,unknown,no,,Retail art/interface/interface.mes {758}; arcanum-ce/src/ui/inven_ui.c:1022,yes,HDAssets/ui/by-source-id/0758-mpcyclerightbutton/p00-r00-f000.png,unverified; fixed-size by default,"1 palette(s), 1 rotation(s), 3 frame(s) per rotation; preserve registration across the complete family."
759,art/interface/mpmainmenu.art,ART,D:/OpenArcanum/UIReference/Original/art/interface/0759-mpmainmenu/p00-r00-f000.png,800,600,no,Main Menu,menu presentation,other,800,600,unknown,unknown,unknown,,Retail art/interface/interface.mes {759}; no literal call-site match (indirect/table-driven use remains possible).; source-name classification only; confirm table-driven call site before implementation.,yes,HDAssets/ui/by-source-id/0759-mpmainmenu/p00-r00-f000.png,unverified; fixed-size by default,"1 palette(s), one static frame."
760,art/interface/mpmessofdaycover.art,ART,D:/OpenArcanum/UIReference/Original/art/interface/0760-mpmessofdaycover/p00-r00-f000.png,333,236,no,unknown,unknown,other,333,236,unknown,unknown,unknown,,Retail art/interface/interface.mes {760}; no literal call-site match (indirect/table-driven use remains possible).,yes,HDAssets/ui/by-source-id/0760-mpmessofdaycover/p00-r00-f000.png,unverified; fixed-size by default,"1 palette(s), one static frame."
761,art/interface/mpnewaccountcover.art,ART,D:/OpenArcanum/UIReference/Original/art/interface/0761-mpnewaccountcover/p00-r00-f000.png,251,375,yes,unknown,unknown,other,251,375,unknown,unknown,unknown,,Retail art/interface/interface.mes {761}; no literal call-site match (indirect/table-driven use remains possible).,yes,HDAssets/ui/by-source-id/0761-mpnewaccountcover/p00-r00-f000.png,unverified; fixed-size by default,"1 palette(s), one static frame."
762,art/interface/mprefreshbutton.art,ART,D:/OpenArcanum/UIReference/Original/art/interface/0762-mprefreshbutton/p00-r00-f000.png,23,23,yes,unknown,unknown,multi-frame family,23,23,unknown,unknown,unknown,,Retail art/interface/interface.mes {762}; no literal call-site match (indirect/table-driven use remains possible).,yes,HDAssets/ui/by-source-id/0762-mprefreshbutton/p00-r00-f000.png,unverified; fixed-size by default,"1 palette(s), 1 rotation(s), 3 frame(s) per rotation; preserve registration across the complete family."
763,art/interface/saltysmap.art,ART,D:/OpenArcanum/UIReference/Original/art/interface/0763-saltysmap/p00-r00-f000.png,668,400,no,Local Map,local-map presentation,other,668,400,unknown,unknown,unknown,,Retail art/interface/interface.mes {763}; no literal call-site match (indirect/table-driven use remains possible).; source-name classification only; confirm table-driven call site before implementation.,yes,HDAssets/ui/by-source-id/0763-saltysmap/p00-r00-f000.png,unverified; fixed-size by default,"1 palette(s), one static frame."
764,art/interface/tollosmap.art,ART,D:/OpenArcanum/UIReference/Original/art/interface/0764-tollosmap/p00-r00-f000.png,668,400,no,Local Map,local-map presentation,other,668,400,unknown,unknown,unknown,,Retail art/interface/interface.mes {764}; no literal call-site match (indirect/table-driven use remains possible).; source-name classification only; confirm table-driven call site before implementation.,yes,HDAssets/ui/by-source-id/0764-tollosmap/p00-r00-f000.png,unverified; fixed-size by default,"1 palette(s), one static frame."
765,art/interface/createcharacterbase.art,ART,D:/OpenArcanum/UIReference/Original/art/interface/0765-createcharacterbase/p00-r00-f000.png,800,400,no,Technology,technology presentation,other,800,400,unknown,unknown,unknown,,Retail art/interface/interface.mes {765}; no literal call-site match (indirect/table-driven use remains possible).; source-name classification only; confirm table-driven call site before implementation.,yes,HDAssets/ui/by-source-id/0765-createcharacterbase/p00-r00-f000.png,unverified; fixed-size by default,"1 palette(s), one static frame."
766,art/interface/pregencharacterbase.art,ART,D:/OpenArcanum/UIReference/Original/art/interface/0766-pregencharacterbase/p00-r00-f000.png,800,400,no,Character / Character Creation,character presentation,other,800,400,unknown,unknown,unknown,,Retail art/interface/interface.mes {766}; no literal call-site match (indirect/table-driven use remains possible).; source-name classification only; confirm table-driven call site before implementation.,yes,HDAssets/ui/by-source-id/0766-pregencharacterbase/p00-r00-f000.png,unverified; fixed-size by default,"1 palette(s), one static frame."
767,art/interface/s_drochs_warbringer.art,ART,D:/OpenArcanum/UIReference/Original/art/interface/0767-s_drochs_warbringer/p00-r00-f000.png,295,225,no,Crafting / Schematics,schematic illustration,other,295,225,unknown,unknown,unknown,,Retail art/interface/interface.mes {767}; no literal call-site match (indirect/table-driven use remains possible).; source-name classification only; confirm table-driven call site before implementation.,yes,HDAssets/ui/by-source-id/0767-s_drochs_warbringer/p00-r00-f000.png,unverified; fixed-size by default,"1 palette(s), one static frame."
768,art/interface/s_vivifier.art,ART,D:/OpenArcanum/UIReference/Original/art/interface/0768-s_vivifier/p00-r00-f000.png,295,225,no,Crafting / Schematics,schematic illustration,other,295,225,unknown,unknown,unknown,,Retail art/interface/interface.mes {768}; no literal call-site match (indirect/table-driven use remains possible).; source-name classification only; confirm table-driven call site before implementation.,yes,HDAssets/ui/by-source-id/0768-s_vivifier/p00-r00-f000.png,unverified; fixed-size by default,"1 palette(s), one static frame."
769,art/interface/s_vendigrothian_war_guantlets.art,ART,D:/OpenArcanum/UIReference/Original/art/interface/0769-s_vendigrothian_war_guantlets/p00-r00-f000.png,295,225,no,Crafting / Schematics,schematic illustration,other,295,225,unknown,unknown,unknown,,Retail art/interface/interface.mes {769}; no literal call-site match (indirect/table-driven use remains possible).; source-name classification only; confirm table-driven call site before implementation.,yes,HDAssets/ui/by-source-id/0769-s_vendigrothian_war_guantlets/p00-r00-f000.png,unverified; fixed-size by default,"1 palette(s), one static frame."
770,art/interface/char_htftminus.art,ART,D:/OpenArcanum/UIReference/Original/art/interface/0770-char_htftminus/p00-r00-f000.png,21,21,yes,Character / Character Creation,character presentation,multi-frame family,21,21,unknown,unknown,unknown,,Retail art/interface/interface.mes {770}; no literal call-site match (indirect/table-driven use remains possible).; source-name classification only; confirm table-driven call site before implementation.,yes,HDAssets/ui/by-source-id/0770-char_htftminus/p00-r00-f000.png,unverified; fixed-size by default,"1 palette(s), 1 rotation(s), 4 frame(s) per rotation; preserve registration across the complete family."
771,art/interface/char_htftplus.art,ART,D:/OpenArcanum/UIReference/Original/art/interface/0771-char_htftplus/p00-r00-f000.png,21,21,yes,Character / Character Creation,character presentation,multi-frame family,21,21,unknown,unknown,unknown,,Retail art/interface/interface.mes {771}; no literal call-site match (indirect/table-driven use remains possible).; source-name classification only; confirm table-driven call site before implementation.,yes,HDAssets/ui/by-source-id/0771-char_htftplus/p00-r00-f000.png,unverified; fixed-size by default,"1 palette(s), 1 rotation(s), 4 frame(s) per rotation; preserve registration across the complete family."
772,art/interface/xp_gaugemag.art,ART,D:/OpenArcanum/UIReference/Original/art/interface/0772-xp_gaugemag/p00-r00-f000.png,372,3,no,unknown,unknown,other,372,3,unknown,unknown,unknown,,Retail art/interface/interface.mes {772}; no literal call-site match (indirect/table-driven use remains possible).,yes,HDAssets/ui/by-source-id/0772-xp_gaugemag/p00-r00-f000.png,unverified; fixed-size by default,"1 palette(s), one static frame."
773,art/interface/xp_pip1.art,ART,D:/OpenArcanum/UIReference/Original/art/interface/0773-xp_pip1/p00-r00-f000.png,38,10,no,unknown,unknown,other,38,10,unknown,unknown,unknown,,Retail art/interface/interface.mes {773}; no literal call-site match (indirect/table-driven use remains possible).,yes,HDAssets/ui/by-source-id/0773-xp_pip1/p00-r00-f000.png,unverified; fixed-size by default,"1 palette(s), one static frame."
774,art/interface/xp_pip2.art,ART,D:/OpenArcanum/UIReference/Original/art/interface/0774-xp_pip2/p00-r00-f000.png,38,10,no,unknown,unknown,other,38,10,unknown,unknown,unknown,,Retail art/interface/interface.mes {774}; no literal call-site match (indirect/table-driven use remains possible).,yes,HDAssets/ui/by-source-id/0774-xp_pip2/p00-r00-f000.png,unverified; fixed-size by default,"1 palette(s), one static frame."
775,art/interface/xp_pip3.art,ART,D:/OpenArcanum/UIReference/Original/art/interface/0775-xp_pip3/p00-r00-f000.png,40,10,no,unknown,unknown,other,40,10,unknown,unknown,unknown,,Retail art/interface/interface.mes {775}; no literal call-site match (indirect/table-driven use remains possible).,yes,HDAssets/ui/by-source-id/0775-xp_pip3/p00-r00-f000.png,unverified; fixed-size by default,"1 palette(s), one static frame."
776,art/interface/xp_pip4.art,ART,D:/OpenArcanum/UIReference/Original/art/interface/0776-xp_pip4/p00-r00-f000.png,38,10,no,unknown,unknown,other,38,10,unknown,unknown,unknown,,Retail art/interface/interface.mes {776}; no literal call-site match (indirect/table-driven use remains possible).,yes,HDAssets/ui/by-source-id/0776-xp_pip4/p00-r00-f000.png,unverified; fixed-size by default,"1 palette(s), one static frame."
777,art/interface/xp_pip5.art,ART,D:/OpenArcanum/UIReference/Original/art/interface/0777-xp_pip5/p00-r00-f000.png,38,10,no,unknown,unknown,other,38,10,unknown,unknown,unknown,,Retail art/interface/interface.mes {777}; no literal call-site match (indirect/table-driven use remains possible).,yes,HDAssets/ui/by-source-id/0777-xp_pip5/p00-r00-f000.png,unverified; fixed-size by default,"1 palette(s), one static frame."
778,art/interface/xp_pip6.art,ART,D:/OpenArcanum/UIReference/Original/art/interface/0778-xp_pip6/p00-r00-f000.png,36,10,no,unknown,unknown,other,36,10,unknown,unknown,unknown,,Retail art/interface/interface.mes {778}; no literal call-site match (indirect/table-driven use remains possible).,yes,HDAssets/ui/by-source-id/0778-xp_pip6/p00-r00-f000.png,unverified; fixed-size by default,"1 palette(s), one static frame."
779,art/interface/xp_pip7.art,ART,D:/OpenArcanum/UIReference/Original/art/interface/0779-xp_pip7/p00-r00-f000.png,39,10,no,unknown,unknown,other,39,10,unknown,unknown,unknown,,Retail art/interface/interface.mes {779}; no literal call-site match (indirect/table-driven use remains possible).,yes,HDAssets/ui/by-source-id/0779-xp_pip7/p00-r00-f000.png,unverified; fixed-size by default,"1 palette(s), one static frame."
780,art/interface/xp_pip8.art,ART,D:/OpenArcanum/UIReference/Original/art/interface/0780-xp_pip8/p00-r00-f000.png,38,10,no,unknown,unknown,other,38,10,unknown,unknown,unknown,,Retail art/interface/interface.mes {780}; no literal call-site match (indirect/table-driven use remains possible).,yes,HDAssets/ui/by-source-id/0780-xp_pip8/p00-r00-f000.png,unverified; fixed-size by default,"1 palette(s), one static frame."
781,art/interface/xp_pip9.art,ART,D:/OpenArcanum/UIReference/Original/art/interface/0781-xp_pip9/p00-r00-f000.png,39,10,no,unknown,unknown,other,39,10,unknown,unknown,unknown,,Retail art/interface/interface.mes {781}; no literal call-site match (indirect/table-driven use remains possible).,yes,HDAssets/ui/by-source-id/0781-xp_pip9/p00-r00-f000.png,unverified; fixed-size by default,"1 palette(s), one static frame."
782,art/interface/xp_pip10.art,ART,D:/OpenArcanum/UIReference/Original/art/interface/0782-xp_pip10/p00-r00-f000.png,39,10,no,unknown,unknown,other,39,10,unknown,unknown,unknown,,Retail art/interface/interface.mes {782}; no literal call-site match (indirect/table-driven use remains possible).,yes,HDAssets/ui/by-source-id/0782-xp_pip10/p00-r00-f000.png,unverified; fixed-size by default,"1 palette(s), one static frame."
783,art/interface/iconcombatskill.art,ART,,unknown,unknown,unknown,Skills,skill presentation,other,unknown,unknown,unknown,unknown,unknown,,Retail art/interface/interface.mes {783}; no literal call-site match (indirect/table-driven use remains possible).; source-name classification only; confirm table-driven call site before implementation.,yes,HDAssets/ui/by-source-id/0783-iconcombatskill/p00-r00-f000.png,unverified; fixed-size by default,EXPORT ERROR: The interface table target is absent from the mounted retail data.
784,art/interface/iconthiveskill.art,ART,,unknown,unknown,unknown,Skills,skill presentation,other,unknown,unknown,unknown,unknown,unknown,,Retail art/interface/interface.mes {784}; no literal call-site match (indirect/table-driven use remains possible).; source-name classification only; confirm table-driven call site before implementation.,yes,HDAssets/ui/by-source-id/0784-iconthiveskill/p00-r00-f000.png,unverified; fixed-size by default,EXPORT ERROR: The interface table target is absent from the mounted retail data.
785,art/interface/iconsocialskill.art,ART,,unknown,unknown,unknown,Skills,skill presentation,other,unknown,unknown,unknown,unknown,unknown,,Retail art/interface/interface.mes {785}; no literal call-site match (indirect/table-driven use remains possible).; source-name classification only; confirm table-driven call site before implementation.,yes,HDAssets/ui/by-source-id/0785-iconsocialskill/p00-r00-f000.png,unverified; fixed-size by default,EXPORT ERROR: The interface table target is absent from the mounted retail data.
786,art/interface/iconwindow.art,ART,D:/OpenArcanum/UIReference/Original/art/interface/0786-iconwindow/p00-r00-f000.png,64,64,no,unknown,unknown,other,64,64,unknown,unknown,unknown,,Retail art/interface/interface.mes {786}; no literal call-site match (indirect/table-driven use remains possible).,yes,HDAssets/ui/by-source-id/0786-iconwindow/p00-r00-f000.png,unverified; fixed-size by default,"1 palette(s), one static frame."
787,art/interface/scrllslidem1.art,ART,D:/OpenArcanum/UIReference/Original/art/interface/0787-scrllslidem1/p00-r00-f000.png,11,1,no,Common,scrollbar component,other,11,1,unknown,unknown,unknown,,Retail art/interface/interface.mes {787}; no literal call-site match (indirect/table-driven use remains possible).; source-name classification only; confirm table-driven call site before implementation.,yes,HDAssets/ui/by-source-id/0787-scrllslidem1/p00-r00-f000.png,no: source-authentic 11 px tiled scrollbar assembly component,"1 palette(s), one static frame."
788,art/interface/tullamural.art,ART,D:/OpenArcanum/UIReference/Original/art/interface/0788-tullamural/p00-r00-f000.png,668,400,no,unknown,unknown,other,668,400,unknown,unknown,unknown,,Retail art/interface/interface.mes {788}; no literal call-site match (indirect/table-driven use remains possible).,yes,HDAssets/ui/by-source-id/0788-tullamural/p00-r00-f000.png,unverified; fixed-size by default,"1 palette(s), one static frame."
789,art/interface/s_charged_axe.art,ART,D:/OpenArcanum/UIReference/Original/art/interface/0789-s_charged_axe/p00-r00-f000.png,295,225,no,Crafting / Schematics,schematic illustration,other,295,225,unknown,unknown,unknown,,Retail art/interface/interface.mes {789}; no literal call-site match (indirect/table-driven use remains possible).; source-name classification only; confirm table-driven call site before implementation.,yes,HDAssets/ui/by-source-id/0789-s_charged_axe/p00-r00-f000.png,unverified; fixed-size by default,"1 palette(s), one static frame."
790,art/interface/s_noise_maker_decoy.art,ART,D:/OpenArcanum/UIReference/Original/art/interface/0790-s_noise_maker_decoy/p00-r00-f000.png,295,225,no,Crafting / Schematics,schematic illustration,other,295,225,unknown,unknown,unknown,,Retail art/interface/interface.mes {790}; no literal call-site match (indirect/table-driven use remains possible).; source-name classification only; confirm table-driven call site before implementation.,yes,HDAssets/ui/by-source-id/0790-s_noise_maker_decoy/p00-r00-f000.png,unverified; fixed-size by default,"1 palette(s), one static frame."
791,art/interface/hexedmeleeicon.art,ART,D:/OpenArcanum/UIReference/Original/art/interface/0791-hexedmeleeicon/p00-r00-f000.png,64,64,no,unknown,unknown,other,64,64,unknown,unknown,unknown,,Retail art/interface/interface.mes {791}; no literal call-site match (indirect/table-driven use remains possible).,yes,HDAssets/ui/by-source-id/0791-hexedmeleeicon/p00-r00-f000.png,unverified; fixed-size by default,"1 palette(s), one static frame."
792,art/interface/hexedbowicon.art,ART,D:/OpenArcanum/UIReference/Original/art/interface/0792-hexedbowicon/p00-r00-f000.png,64,64,no,unknown,unknown,other,64,64,unknown,unknown,unknown,,Retail art/interface/interface.mes {792}; no literal call-site match (indirect/table-driven use remains possible).,yes,HDAssets/ui/by-source-id/0792-hexedbowicon/p00-r00-f000.png,unverified; fixed-size by default,"1 palette(s), one static frame."
793,art/interface/hexedshieldicon.art,ART,D:/OpenArcanum/UIReference/Original/art/interface/0793-hexedshieldicon/p00-r00-f000.png,64,64,no,unknown,unknown,other,64,64,unknown,unknown,unknown,,Retail art/interface/interface.mes {793}; no literal call-site match (indirect/table-driven use remains possible).,yes,HDAssets/ui/by-source-id/0793-hexedshieldicon/p00-r00-f000.png,unverified; fixed-size by default,"1 palette(s), one static frame."
794,art/interface/hexedclothesicon.art,ART,D:/OpenArcanum/UIReference/Original/art/interface/0794-hexedclothesicon/p00-r00-f000.png,64,64,no,unknown,unknown,other,64,64,unknown,unknown,unknown,,Retail art/interface/interface.mes {794}; no literal call-site match (indirect/table-driven use remains possible).,yes,HDAssets/ui/by-source-id/0794-hexedclothesicon/p00-r00-f000.png,unverified; fixed-size by default,"1 palette(s), one static frame."
795,art/interface/hexedmedalionicon.art,ART,D:/OpenArcanum/UIReference/Original/art/interface/0795-hexedmedalionicon/p00-r00-f000.png,64,64,no,unknown,unknown,other,64,64,unknown,unknown,unknown,,Retail art/interface/interface.mes {795}; no literal call-site match (indirect/table-driven use remains possible).,yes,HDAssets/ui/by-source-id/0795-hexedmedalionicon/p00-r00-f000.png,unverified; fixed-size by default,"1 palette(s), one static frame."
796,art/interface/hexedringicon.art,ART,D:/OpenArcanum/UIReference/Original/art/interface/0796-hexedringicon/p00-r00-f000.png,64,64,no,unknown,unknown,other,64,64,unknown,unknown,unknown,,Retail art/interface/interface.mes {796}; no literal call-site match (indirect/table-driven use remains possible).,yes,HDAssets/ui/by-source-id/0796-hexedringicon/p00-r00-f000.png,unverified; fixed-size by default,"1 palette(s), one static frame."
797,art/interface/hexedrobesicon.art,ART,D:/OpenArcanum/UIReference/Original/art/interface/0797-hexedrobesicon/p00-r00-f000.png,64,64,no,unknown,unknown,other,64,64,unknown,unknown,unknown,,Retail art/interface/interface.mes {797}; no literal call-site match (indirect/table-driven use remains possible).,yes,HDAssets/ui/by-source-id/0797-hexedrobesicon/p00-r00-f000.png,unverified; fixed-size by default,"1 palette(s), one static frame."
798,art/interface/mpoptionsbackground.art,ART,D:/OpenArcanum/UIReference/Original/art/interface/0798-mpoptionsbackground/p00-r00-f000.png,800,600,no,Options,options presentation,other,800,600,unknown,unknown,unknown,,Retail art/interface/interface.mes {798}; no literal call-site match (indirect/table-driven use remains possible).; source-name classification only; confirm table-driven call site before implementation.,yes,HDAssets/ui/by-source-id/0798-mpoptionsbackground/p00-r00-f000.png,unverified; fixed-size by default,"1 palette(s), one static frame."
799,art/interface/combaticon.art,ART,D:/OpenArcanum/UIReference/Original/art/interface/0799-combaticon/p00-r00-f000.png,64,64,no,Combat HUD,combat presentation,other,64,64,unknown,unknown,unknown,,Retail art/interface/interface.mes {799}; no literal call-site match (indirect/table-driven use remains possible).; source-name classification only; confirm table-driven call site before implementation.,yes,HDAssets/ui/by-source-id/0799-combaticon/p00-r00-f000.png,unverified; fixed-size by default,"1 palette(s), one static frame."
800,art/interface/thievingicon.art,ART,D:/OpenArcanum/UIReference/Original/art/interface/0800-thievingicon/p00-r00-f000.png,64,64,no,unknown,unknown,other,64,64,unknown,unknown,unknown,,Retail art/interface/interface.mes {800}; no literal call-site match (indirect/table-driven use remains possible).,yes,HDAssets/ui/by-source-id/0800-thievingicon/p00-r00-f000.png,unverified; fixed-size by default,"1 palette(s), one static frame."
801,art/interface/socialicon.art,ART,D:/OpenArcanum/UIReference/Original/art/interface/0801-socialicon/p00-r00-f000.png,64,64,no,unknown,unknown,other,64,64,unknown,unknown,unknown,,Retail art/interface/interface.mes {801}; no literal call-site match (indirect/table-driven use remains possible).,yes,HDAssets/ui/by-source-id/0801-socialicon/p00-r00-f000.png,unverified; fixed-size by default,"1 palette(s), one static frame."
802,art/interface/techskillicon.art,ART,D:/OpenArcanum/UIReference/Original/art/interface/0802-techskillicon/p00-r00-f000.png,64,64,no,Technology,technology presentation,other,64,64,unknown,unknown,unknown,,Retail art/interface/interface.mes {802}; no literal call-site match (indirect/table-driven use remains possible).; source-name classification only; confirm table-driven call site before implementation.,yes,HDAssets/ui/by-source-id/0802-techskillicon/p00-r00-f000.png,unverified; fixed-size by default,"1 palette(s), one static frame."
803,art/interface/mazzerinsmystery.art,ART,D:/OpenArcanum/UIReference/Original/art/interface/0803-mazzerinsmystery/p00-r00-f000.png,668,400,no,unknown,unknown,other,668,400,unknown,unknown,unknown,,Retail art/interface/interface.mes {803}; no literal call-site match (indirect/table-driven use remains possible).,yes,HDAssets/ui/by-source-id/0803-mazzerinsmystery/p00-r00-f000.png,unverified; fixed-size by default,"1 palette(s), one static frame."
804,art/interface/oldchar_minus.art,ART,D:/OpenArcanum/UIReference/Original/art/interface/0804-oldchar_minus/p00-r00-f000.png,13,10,no,Character / Character Creation,character presentation,multi-frame family,13,10,unknown,unknown,unknown,,Retail art/interface/interface.mes {804}; no literal call-site match (indirect/table-driven use remains possible).; source-name classification only; confirm table-driven call site before implementation.,yes,HDAssets/ui/by-source-id/0804-oldchar_minus/p00-r00-f000.png,unverified; fixed-size by default,"1 palette(s), 1 rotation(s), 4 frame(s) per rotation; preserve registration across the complete family."
805,art/interface/oldchar_plus.art,ART,D:/OpenArcanum/UIReference/Original/art/interface/0805-oldchar_plus/p00-r00-f000.png,13,10,no,Character / Character Creation,character presentation,multi-frame family,13,10,unknown,unknown,unknown,,Retail art/interface/interface.mes {805}; no literal call-site match (indirect/table-driven use remains possible).; source-name classification only; confirm table-driven call site before implementation.,yes,HDAssets/ui/by-source-id/0805-oldchar_plus/p00-r00-f000.png,unverified; fixed-size by default,"1 palette(s), 1 rotation(s), 4 frame(s) per rotation; preserve registration across the complete family."
806,art/interface/musicboxmap.art,ART,D:/OpenArcanum/UIReference/Original/art/interface/0806-musicboxmap/p00-r00-f000.png,668,400,no,Local Map,local-map presentation,other,668,400,unknown,unknown,unknown,,Retail art/interface/interface.mes {806}; no literal call-site match (indirect/table-driven use remains possible).; source-name classification only; confirm table-driven call site before implementation.,yes,HDAssets/ui/by-source-id/0806-musicboxmap/p00-r00-f000.png,unverified; fixed-size by default,"1 palette(s), one static frame."
807,art/interface/iron_clan_key_schematic.art,ART,D:/OpenArcanum/UIReference/Original/art/interface/0807-iron_clan_key_schematic/p00-r00-f000.png,295,225,no,Crafting / Schematics,crafting presentation,other,295,225,unknown,unknown,unknown,,Retail art/interface/interface.mes {807}; no literal call-site match (indirect/table-driven use remains possible).; source-name classification only; confirm table-driven call site before implementation.,yes,HDAssets/ui/by-source-id/0807-iron_clan_key_schematic/p00-r00-f000.png,unverified; fixed-size by default,"1 palette(s), one static frame."
808,art/interface/takeallbutt.art,ART,D:/OpenArcanum/UIReference/Original/art/interface/0808-takeallbutt/p00-r00-f000.png,51,50,yes,Inventory / Equipment / Merchant / Loot,inventory presentation,multi-frame family,51,50,unknown,unknown,no,,Retail art/interface/interface.mes {808}; arcanum-ce/src/ui/inven_ui.c:858,yes,HDAssets/ui/by-source-id/0808-takeallbutt/p00-r00-f000.png,unverified; fixed-size by default,"1 palette(s), 1 rotation(s), 3 frame(s) per rotation; preserve registration across the complete family."
809,art/interface/mp_topoff.art,ART,D:/OpenArcanum/UIReference/Original/art/interface/0809-mp_topoff/p00-r00-f000.png,31,34,no,unknown,unknown,other,31,34,unknown,unknown,unknown,,Retail art/interface/interface.mes {809}; no literal call-site match (indirect/table-driven use remains possible).,yes,HDAssets/ui/by-source-id/0809-mp_topoff/p00-r00-f000.png,unverified; fixed-size by default,"1 palette(s), one static frame."
810,art/interface/mp_topon.art,ART,D:/OpenArcanum/UIReference/Original/art/interface/0810-mp_topon/p00-r00-f000.png,31,34,no,unknown,unknown,other,31,34,unknown,unknown,unknown,,Retail art/interface/interface.mes {810}; no literal call-site match (indirect/table-driven use remains possible).,yes,HDAssets/ui/by-source-id/0810-mp_topon/p00-r00-f000.png,unverified; fixed-size by default,"1 palette(s), one static frame."
811,art/interface/mapzoombut.art,ART,D:/OpenArcanum/UIReference/Original/art/interface/0811-mapzoombut/p00-r00-f000.png,111,56,yes,unknown,unknown,multi-frame family,111,56,unknown,unknown,unknown,,Retail art/interface/interface.mes {811}; no literal call-site match (indirect/table-driven use remains possible).,yes,HDAssets/ui/by-source-id/0811-mapzoombut/p00-r00-f000.png,unverified; fixed-size by default,"1 palette(s), 1 rotation(s), 2 frame(s) per rotation; preserve registration across the complete family."
812,art/interface/mapwholebut.art,ART,D:/OpenArcanum/UIReference/Original/art/interface/0812-mapwholebut/p00-r00-f000.png,106,56,yes,unknown,unknown,multi-frame family,106,56,unknown,unknown,unknown,,Retail art/interface/interface.mes {812}; no literal call-site match (indirect/table-driven use remains possible).,yes,HDAssets/ui/by-source-id/0812-mapwholebut/p00-r00-f000.png,unverified; fixed-size by default,"1 palette(s), 1 rotation(s), 2 frame(s) per rotation; preserve registration across the complete family."
813,art/interface/maptravelbut.art,ART,D:/OpenArcanum/UIReference/Original/art/interface/0813-maptravelbut/p00-r00-f000.png,57,57,yes,unknown,unknown,multi-frame family,57,57,unknown,unknown,unknown,,Retail art/interface/interface.mes {813}; no literal call-site match (indirect/table-driven use remains possible).,yes,HDAssets/ui/by-source-id/0813-maptravelbut/p00-r00-f000.png,unverified; fixed-size by default,"1 palette(s), 1 rotation(s), 2 frame(s) per rotation; preserve registration across the complete family."
814,art/interface/mm_locnew.art,ART,D:/OpenArcanum/UIReference/Original/art/interface/0814-mm_locnew/p00-r00-f000.png,11,11,yes,unknown,unknown,multi-frame family,11,11,unknown,unknown,unknown,,Retail art/interface/interface.mes {814}; no literal call-site match (indirect/table-driven use remains possible).,yes,HDAssets/ui/by-source-id/0814-mm_locnew/p00-r00-f000.png,unverified; fixed-size by default,"1 palette(s), 1 rotation(s), 2 frame(s) per rotation; preserve registration across the complete family."
815,art/interface/euph30font.art,ART,D:/OpenArcanum/UIReference/Original/art/interface/0815-euph30font/p00-r00-f000.png,2,33,yes,Common / Typography,bitmap font or glyph set,glyph-set,2,33,unknown,unknown,unknown,,Retail art/interface/interface.mes {815}; no literal call-site match (indirect/table-driven use remains possible).; source-name classification only; confirm table-driven call site before implementation.,yes,HDAssets/ui/by-source-id/0815-euph30font/p00-r00-f000.png,unverified; fixed-size by default,"1 palette(s), 1 rotation(s), 225 frame(s) per rotation; preserve registration across the complete family."
816,art/interface/bloodstone.art,ART,D:/OpenArcanum/UIReference/Original/art/interface/0816-bloodstone/p00-r00-f000.png,668,400,no,unknown,unknown,other,668,400,unknown,unknown,unknown,,Retail art/interface/interface.mes {816}; no literal call-site match (indirect/table-driven use remains possible).,yes,HDAssets/ui/by-source-id/0816-bloodstone/p00-r00-f000.png,unverified; fixed-size by default,"1 palette(s), one static frame."
817,art/interface/vendnewsback.art,ART,D:/OpenArcanum/UIReference/Original/art/interface/0817-vendnewsback/p00-r00-f000.png,668,400,no,unknown,unknown,other,668,400,unknown,unknown,unknown,,Retail art/interface/interface.mes {817}; no literal call-site match (indirect/table-driven use remains possible).,yes,HDAssets/ui/by-source-id/0817-vendnewsback/p00-r00-f000.png,unverified; fixed-size by default,"1 palette(s), one static frame."
818,art/interface/cursor-called-head.art,ART,D:/OpenArcanum/UIReference/Original/art/interface/0818-cursor-called-head/p00-r00-f000.png,32,37,yes,Common / Cursors,cursor or targeting feedback,other,32,37,unknown,unknown,unknown,,Retail art/interface/interface.mes {818}; no literal call-site match (indirect/table-driven use remains possible).; source-name classification only; confirm table-driven call site before implementation.,yes,HDAssets/ui/by-source-id/0818-cursor-called-head/p00-r00-f000.png,unverified; fixed-size by default,"1 palette(s), one static frame."
819,art/interface/cursor-called-leg.art,ART,D:/OpenArcanum/UIReference/Original/art/interface/0819-cursor-called-leg/p00-r00-f000.png,32,37,yes,Common / Cursors,cursor or targeting feedback,other,32,37,unknown,unknown,unknown,,Retail art/interface/interface.mes {819}; no literal call-site match (indirect/table-driven use remains possible).; source-name classification only; confirm table-driven call site before implementation.,yes,HDAssets/ui/by-source-id/0819-cursor-called-leg/p00-r00-f000.png,unverified; fixed-size by default,"1 palette(s), one static frame."
820,art/interface/cursor-called-arm.art,ART,D:/OpenArcanum/UIReference/Original/art/interface/0820-cursor-called-arm/p00-r00-f000.png,32,37,yes,Common / Cursors,cursor or targeting feedback,other,32,37,unknown,unknown,unknown,,Retail art/interface/interface.mes {820}; no literal call-site match (indirect/table-driven use remains possible).; source-name classification only; confirm table-driven call site before implementation.,yes,HDAssets/ui/by-source-id/0820-cursor-called-arm/p00-r00-f000.png,unverified; fixed-size by default,"1 palette(s), one static frame."
821,art/interface/molitov_schematic.art,ART,D:/OpenArcanum/UIReference/Original/art/interface/0821-molitov_schematic/p00-r00-f000.png,295,225,no,Crafting / Schematics,crafting presentation,other,295,225,unknown,unknown,unknown,,Retail art/interface/interface.mes {821}; no literal call-site match (indirect/table-driven use remains possible).; source-name classification only; confirm table-driven call site before implementation.,yes,HDAssets/ui/by-source-id/0821-molitov_schematic/p00-r00-f000.png,unverified; fixed-size by default,"1 palette(s), one static frame."
822,art/interface/dialoguebox.art,ART,D:/OpenArcanum/UIReference/Original/art/interface/0822-dialoguebox/p00-r00-f000.png,325,136,no,Dialogue,dialogue presentation,other,325,136,unknown,unknown,unknown,,Retail art/interface/interface.mes {822}; no literal call-site match (indirect/table-driven use remains possible).; source-name classification only; confirm table-driven call site before implementation.,yes,HDAssets/ui/by-source-id/0822-dialoguebox/p00-r00-f000.png,horizontal only: preserve 16 px end ornaments; provisional minimum 32x136,"1 palette(s), one static frame."
823,art/interface/lil_accept.art,ART,D:/OpenArcanum/UIReference/Original/art/interface/0823-lil_accept/p00-r00-f000.png,28,29,yes,unknown,unknown,multi-frame family,28,29,unknown,unknown,unknown,,Retail art/interface/interface.mes {823}; no literal call-site match (indirect/table-driven use remains possible).,yes,HDAssets/ui/by-source-id/0823-lil_accept/p00-r00-f000.png,unverified; fixed-size by default,"1 palette(s), 1 rotation(s), 3 frame(s) per rotation; preserve registration across the complete family."
824,art/interface/lil_cancel.art,ART,D:/OpenArcanum/UIReference/Original/art/interface/0824-lil_cancel/p00-r00-f000.png,28,29,yes,unknown,unknown,multi-frame family,28,29,unknown,unknown,unknown,,Retail art/interface/interface.mes {824}; no literal call-site match (indirect/table-driven use remains possible).,yes,HDAssets/ui/by-source-id/0824-lil_cancel/p00-r00-f000.png,unverified; fixed-size by default,"1 palette(s), 1 rotation(s), 3 frame(s) per rotation; preserve registration across the complete family."
825,art/interface/barter_follower.art,ART,D:/OpenArcanum/UIReference/Original/art/interface/0825-barter_follower/p00-r00-f000.png,358,400,yes,Merchant / Barter,barter presentation,other,358,400,unknown,unknown,unknown,,Retail art/interface/interface.mes {825}; no literal call-site match (indirect/table-driven use remains possible).; source-name classification only; confirm table-driven call site before implementation.,yes,HDAssets/ui/by-source-id/0825-barter_follower/p00-r00-f000.png,unverified; fixed-size by default,"1 palette(s), one static frame."
826,art/interface/follwercomandmenu.art,ART,D:/OpenArcanum/UIReference/Original/art/interface/0826-follwercomandmenu/p00-r00-f000.png,136,148,no,unknown,unknown,other,136,148,unknown,unknown,unknown,,Retail art/interface/interface.mes {826}; no literal call-site match (indirect/table-driven use remains possible).,yes,HDAssets/ui/by-source-id/0826-follwercomandmenu/p00-r00-f000.png,unverified; fixed-size by default,"1 palette(s), one static frame."
827,art/interface/followercycleleft.art,ART,D:/OpenArcanum/UIReference/Original/art/interface/0827-followercycleleft/p00-r00-f000.png,12,19,no,Character Creation,source-referenced presentation,multi-frame family,12,19,unknown,unknown,no,,Retail art/interface/interface.mes {827}; arcanum-ce/src/ui/charedit_ui.c:1161,yes,HDAssets/ui/by-source-id/0827-followercycleleft/p00-r00-f000.png,unverified; fixed-size by default,"1 palette(s), 1 rotation(s), 3 frame(s) per rotation; preserve registration across the complete family."
828,art/interface/followercycleright.art,ART,D:/OpenArcanum/UIReference/Original/art/interface/0828-followercycleright/p00-r00-f000.png,12,19,no,Character Creation,source-referenced presentation,multi-frame family,12,19,unknown,unknown,no,,Retail art/interface/interface.mes {828}; arcanum-ce/src/ui/charedit_ui.c:1166,yes,HDAssets/ui/by-source-id/0828-followercycleright/p00-r00-f000.png,unverified; fixed-size by default,"1 palette(s), 1 rotation(s), 3 frame(s) per rotation; preserve registration across the complete family."
829,art/interface/vorman.art,ART,D:/OpenArcanum/UIReference/Original/art/interface/0829-vorman/p00-r00-f000.png,668,400,no,unknown,unknown,other,668,400,unknown,unknown,unknown,,Retail art/interface/interface.mes {829}; no literal call-site match (indirect/table-driven use remains possible).,yes,HDAssets/ui/by-source-id/0829-vorman/p00-r00-f000.png,unverified; fixed-size by default,"1 palette(s), one static frame."
830,art/interface/schem_no_item.art,ART,D:/OpenArcanum/UIReference/Original/art/interface/0830-schem_no_item/p00-r00-f000.png,99,67,no,Crafting / Schematics,source-referenced presentation,other,99,67,unknown,unknown,no,,Retail art/interface/interface.mes {830}; arcanum-ce/src/ui/schematic_ui.c:1286,yes,HDAssets/ui/by-source-id/0830-schem_no_item/p00-r00-f000.png,unverified; fixed-size by default,"1 palette(s), one static frame."
831,art/interface/schem_have_item.art,ART,D:/OpenArcanum/UIReference/Original/art/interface/0831-schem_have_item/p00-r00-f000.png,99,67,no,Crafting / Schematics,source-referenced presentation,other,99,67,unknown,unknown,no,,Retail art/interface/interface.mes {831}; arcanum-ce/src/ui/schematic_ui.c:1283,yes,HDAssets/ui/by-source-id/0831-schem_have_item/p00-r00-f000.png,unverified; fixed-size by default,"1 palette(s), one static frame."
832,art/interface/cont_junk.art,ART,D:/OpenArcanum/UIReference/Original/art/interface/0832-cont_junk/p00-r00-f000.png,64,64,no,unknown,unknown,other,64,64,unknown,unknown,unknown,,Retail art/interface/interface.mes {832}; no literal call-site match (indirect/table-driven use remains possible).,yes,HDAssets/ui/by-source-id/0832-cont_junk/p00-r00-f000.png,unverified; fixed-size by default,"1 palette(s), one static frame."
833,art/interface/cont_body.art,ART,D:/OpenArcanum/UIReference/Original/art/interface/0833-cont_body/p00-r00-f000.png,64,64,no,unknown,unknown,other,64,64,unknown,unknown,unknown,,Retail art/interface/interface.mes {833}; no literal call-site match (indirect/table-driven use remains possible).,yes,HDAssets/ui/by-source-id/0833-cont_body/p00-r00-f000.png,unverified; fixed-size by default,"1 palette(s), one static frame."
834,art/interface/cont_safe.art,ART,D:/OpenArcanum/UIReference/Original/art/interface/0834-cont_safe/p00-r00-f000.png,64,64,no,unknown,unknown,other,64,64,unknown,unknown,unknown,,Retail art/interface/interface.mes {834}; no literal call-site match (indirect/table-driven use remains possible).,yes,HDAssets/ui/by-source-id/0834-cont_safe/p00-r00-f000.png,unverified; fixed-size by default,"1 palette(s), one static frame."
835,art/interface/cont_trash.art,ART,D:/OpenArcanum/UIReference/Original/art/interface/0835-cont_trash/p00-r00-f000.png,64,64,no,unknown,unknown,other,64,64,unknown,unknown,unknown,,Retail art/interface/interface.mes {835}; no literal call-site match (indirect/table-driven use remains possible).,yes,HDAssets/ui/by-source-id/0835-cont_trash/p00-r00-f000.png,unverified; fixed-size by default,"1 palette(s), one static frame."
836,art/interface/cont_plant.art,ART,D:/OpenArcanum/UIReference/Original/art/interface/0836-cont_plant/p00-r00-f000.png,64,64,no,unknown,unknown,other,64,64,unknown,unknown,unknown,,Retail art/interface/interface.mes {836}; no literal call-site match (indirect/table-driven use remains possible).,yes,HDAssets/ui/by-source-id/0836-cont_plant/p00-r00-f000.png,unverified; fixed-size by default,"1 palette(s), one static frame."
837,art/interface/cont_altar_good.art,ART,D:/OpenArcanum/UIReference/Original/art/interface/0837-cont_altar_good/p00-r00-f000.png,64,64,no,unknown,unknown,other,64,64,unknown,unknown,unknown,,Retail art/interface/interface.mes {837}; no literal call-site match (indirect/table-driven use remains possible).,yes,HDAssets/ui/by-source-id/0837-cont_altar_good/p00-r00-f000.png,unverified; fixed-size by default,"1 palette(s), one static frame."
838,art/interface/cont_altar_neutral.art,ART,D:/OpenArcanum/UIReference/Original/art/interface/0838-cont_altar_neutral/p00-r00-f000.png,64,64,no,unknown,unknown,other,64,64,unknown,unknown,unknown,,Retail art/interface/interface.mes {838}; no literal call-site match (indirect/table-driven use remains possible).,yes,HDAssets/ui/by-source-id/0838-cont_altar_neutral/p00-r00-f000.png,unverified; fixed-size by default,"1 palette(s), one static frame."
839,art/interface/cont_altar_evil.art,ART,D:/OpenArcanum/UIReference/Original/art/interface/0839-cont_altar_evil/p00-r00-f000.png,64,64,no,unknown,unknown,other,64,64,unknown,unknown,unknown,,Retail art/interface/interface.mes {839}; no literal call-site match (indirect/table-driven use remains possible).,yes,HDAssets/ui/by-source-id/0839-cont_altar_evil/p00-r00-f000.png,unverified; fixed-size by default,"1 palette(s), one static frame."
840,art/interface/newtimes16font.art,ART,D:/OpenArcanum/UIReference/Original/art/interface/0840-newtimes16font/p00-r00-f000.png,4,21,yes,World Map,source-referenced presentation,glyph-set,4,21,unknown,unknown,no,,Retail art/interface/interface.mes {840}; arcanum-ce/src/ui/wmap_ui.c:1558,yes,HDAssets/ui/by-source-id/0840-newtimes16font/p00-r00-f000.png,unverified; fixed-size by default,"1 palette(s), 1 rotation(s), 225 frame(s) per rotation; preserve registration across the complete family."
841,art/interface/mpiconsfont.art,ART,D:/OpenArcanum/UIReference/Original/art/interface/0841-mpiconsfont/p00-r00-f000.png,2,15,yes,Common / Typography,bitmap font or glyph set,glyph-set,2,15,unknown,unknown,unknown,,Retail art/interface/interface.mes {841}; no literal call-site match (indirect/table-driven use remains possible).; source-name classification only; confirm table-driven call site before implementation.,yes,HDAssets/ui/by-source-id/0841-mpiconsfont/p00-r00-f000.png,unverified; fixed-size by default,"1 palette(s), 1 rotation(s), 225 frame(s) per rotation; preserve registration across the complete family."
842,art/interface/mp_kickbanrotwindow.art,ART,D:/OpenArcanum/UIReference/Original/art/interface/0842-mp_kickbanrotwindow/p00-r00-f000.png,410,107,no,unknown,unknown,other,410,107,unknown,unknown,unknown,,Retail art/interface/interface.mes {842}; no literal call-site match (indirect/table-driven use remains possible).,yes,HDAssets/ui/by-source-id/0842-mp_kickbanrotwindow/p00-r00-f000.png,unverified; fixed-size by default,"1 palette(s), one static frame."
843,art/interface/mp_kick.art,ART,D:/OpenArcanum/UIReference/Original/art/interface/0843-mp_kick/p00-r00-f000.png,59,59,yes,unknown,unknown,multi-frame family,59,59,unknown,unknown,unknown,,Retail art/interface/interface.mes {843}; no literal call-site match (indirect/table-driven use remains possible).,yes,HDAssets/ui/by-source-id/0843-mp_kick/p00-r00-f000.png,unverified; fixed-size by default,"1 palette(s), 1 rotation(s), 2 frame(s) per rotation; preserve registration across the complete family."
844,art/interface/mp_ban.art,ART,D:/OpenArcanum/UIReference/Original/art/interface/0844-mp_ban/p00-r00-f000.png,59,59,yes,unknown,unknown,multi-frame family,59,59,unknown,unknown,unknown,,Retail art/interface/interface.mes {844}; no literal call-site match (indirect/table-driven use remains possible).,yes,HDAssets/ui/by-source-id/0844-mp_ban/p00-r00-f000.png,unverified; fixed-size by default,"1 palette(s), 1 rotation(s), 2 frame(s) per rotation; preserve registration across the complete family."
845,art/interface/blockedshot.art,ART,D:/OpenArcanum/UIReference/Original/art/interface/0845-blockedshot/p00-r00-f000.png,37,20,yes,unknown,unknown,other,37,20,unknown,unknown,unknown,,Retail art/interface/interface.mes {845}; no literal call-site match (indirect/table-driven use remains possible).,yes,HDAssets/ui/by-source-id/0845-blockedshot/p00-r00-f000.png,unverified; fixed-size by default,"1 palette(s), one static frame."
846,art/interface/magic-tech-penalty.art,ART,D:/OpenArcanum/UIReference/Original/art/interface/0846-magic-tech-penalty/p00-r00-f000.png,37,20,yes,Technology,technology presentation,other,37,20,unknown,unknown,unknown,,Retail art/interface/interface.mes {846}; no literal call-site match (indirect/table-driven use remains possible).; source-name classification only; confirm table-driven call site before implementation.,yes,HDAssets/ui/by-source-id/0846-magic-tech-penalty/p00-r00-f000.png,unverified; fixed-size by default,"1 palette(s), one static frame."
